id,ts,operator_id,shift_id,ear_avg,perclos_60s,yawn_count,head_down_events,phone_detected,fatigue_score,fatigue_level
1,2026-06-01T00:30:00Z,OP05,SH-2026-06-01-M06-D,0.303,0.042,0,0,false,0.062,low
2,2026-06-01T00:31:00Z,OP05,SH-2026-06-01-M06-D,0.284,0.061,0,0,false,0.091,low
3,2026-06-01T00:32:00Z,OP05,SH-2026-06-01-M06-D,0.311,0.054,0,0,false,0.082,low
4,2026-06-01T00:33:00Z,OP05,SH-2026-06-01-M06-D,0.299,0.024,0,0,false,0.036,low
5,2026-06-01T00:34:00Z,OP05,SH-2026-06-01-M06-D,0.298,0.071,0,0,false,0.107,low
6,2026-06-01T00:35:00Z,OP05,SH-2026-06-01-M06-D,0.304,0.022,0,0,false,0.035,low
7,2026-06-01T00:36:00Z,OP05,SH-2026-06-01-M06-D,0.32,0.028,1,0,false,0.094,low
8,2026-06-01T00:37:00Z,OP05,SH-2026-06-01-M06-D,0.288,0.041,0,0,false,0.113,low
9,2026-06-01T00:38:00Z,OP05,SH-2026-06-01-M06-D,0.309,0.031,0,0,false,0.099,low
10,2026-06-01T00:39:00Z,OP05,SH-2026-06-01-M06-D,0.285,0.053,0,0,false,0.131,low
11,2026-06-01T00:40:00Z,OP05,SH-2026-06-01-M06-D,0.302,0.041,0,0,false,0.114,low
12,2026-06-01T00:41:00Z,OP05,SH-2026-06-01-M06-D,0.296,0.033,0,0,false,0.103,low
13,2026-06-01T00:42:00Z,OP05,SH-2026-06-01-M06-D,0.297,0.039,0,0,false,0.111,low
14,2026-06-01T00:43:00Z,OP05,SH-2026-06-01-M06-D,0.291,0.046,0,0,false,0.123,low
15,2026-06-01T00:44:00Z,OP05,SH-2026-06-01-M06-D,0.305,0.058,0,0,false,0.141,low
16,2026-06-01T00:45:00Z,OP05,SH-2026-06-01-M06-D,0.31,0.035,0,0,false,0.106,low
17,2026-06-01T00:46:00Z,OP05,SH-2026-06-01-M06-D,0.311,0.051,0,0,false,0.08,low
18,2026-06-01T00:47:00Z,OP05,SH-2026-06-01-M06-D,0.298,0.044,0,0,false,0.07,low
19,2026-06-01T00:48:00Z,OP05,SH-2026-06-01-M06-D,0.303,0.039,0,0,false,0.063,low
20,2026-06-01T00:49:00Z,OP05,SH-2026-06-01-M06-D,0.299,0.07,0,0,false,0.109,low
21,2026-06-01T00:50:00Z,OP05,SH-2026-06-01-M06-D,0.299,0.043,0,0,false,0.07,low
22,2026-06-01T00:51:00Z,OP05,SH-2026-06-01-M06-D,0.289,0.032,0,0,false,0.054,low
23,2026-06-01T00:52:00Z,OP05,SH-2026-06-01-M06-D,0.307,0.042,0,0,false,0.069,low
24,2026-06-01T00:53:00Z,OP05,SH-2026-06-01-M06-D,0.296,0.043,0,0,false,0.07,low
25,2026-06-01T00:54:00Z,OP05,SH-2026-06-01-M06-D,0.299,0.058,0,0,false,0.093,low
26,2026-06-01T00:55:00Z,OP05,SH-2026-06-01-M06-D,0.313,0.021,0,0,false,0.038,low
27,2026-06-01T00:56:00Z,OP05,SH-2026-06-01-M06-D,0.305,0.064,0,0,false,0.103,low
28,2026-06-01T00:57:00Z,OP05,SH-2026-06-01-M06-D,0.304,0.027,0,0,false,0.048,low
29,2026-06-01T00:58:00Z,OP05,SH-2026-06-01-M06-D,0.296,0.019,0,0,false,0.035,low
30,2026-06-01T00:59:00Z,OP05,SH-2026-06-01-M06-D,0.293,0.057,0,0,false,0.093,low
31,2026-06-01T01:00:00Z,OP05,SH-2026-06-01-M06-D,0.285,0.061,0,0,false,0.099,low
32,2026-06-01T01:01:00Z,OP05,SH-2026-06-01-M06-D,0.303,0.044,0,0,false,0.074,low
33,2026-06-01T01:02:00Z,OP05,SH-2026-06-01-M06-D,0.309,0.048,0,0,false,0.08,low
34,2026-06-01T01:03:00Z,OP05,SH-2026-06-01-M06-D,0.299,0.051,0,0,false,0.085,low
35,2026-06-01T01:04:00Z,OP05,SH-2026-06-01-M06-D,0.29,0.05,0,0,false,0.084,low
36,2026-06-01T01:05:00Z,OP05,SH-2026-06-01-M06-D,0.29,0.068,0,0,false,0.111,low
37,2026-06-01T01:06:00Z,OP05,SH-2026-06-01-M06-D,0.307,0.046,0,0,false,0.078,low
38,2026-06-01T01:07:00Z,OP05,SH-2026-06-01-M06-D,0.273,0.068,0,0,false,0.111,low
39,2026-06-01T01:08:00Z,OP05,SH-2026-06-01-M06-D,0.289,0.047,0,0,false,0.079,low
40,2026-06-01T01:09:00Z,OP05,SH-2026-06-01-M06-D,0.272,0.04,0,0,false,0.07,low
41,2026-06-01T01:10:00Z,OP05,SH-2026-06-01-M06-D,0.293,0.063,0,0,false,0.105,low
42,2026-06-01T01:11:00Z,OP05,SH-2026-06-01-M06-D,0.283,0.056,0,0,false,0.094,low
43,2026-06-01T01:12:00Z,OP05,SH-2026-06-01-M06-D,0.3,0.023,0,0,false,0.045,low
44,2026-06-01T01:13:00Z,OP05,SH-2026-06-01-M06-D,0.301,0.071,0,0,false,0.117,low
45,2026-06-01T01:14:00Z,OP05,SH-2026-06-01-M06-D,0.314,0.038,0,0,false,0.068,low
46,2026-06-01T01:15:00Z,OP05,SH-2026-06-01-M06-D,0.298,0.059,0,0,false,0.1,low
47,2026-06-01T01:16:00Z,OP05,SH-2026-06-01-M06-D,0.305,0.053,0,0,false,0.091,low
48,2026-06-01T01:17:00Z,OP05,SH-2026-06-01-M06-D,0.299,0.08,0,0,false,0.132,low
49,2026-06-01T01:18:00Z,OP05,SH-2026-06-01-M06-D,0.324,0.034,0,0,false,0.063,low
50,2026-06-01T01:19:00Z,OP05,SH-2026-06-01-M06-D,0.289,0.06,0,0,false,0.102,low
51,2026-06-01T01:20:00Z,OP05,SH-2026-06-01-M06-D,0.294,0.051,0,0,false,0.089,low
52,2026-06-01T01:21:00Z,OP05,SH-2026-06-01-M06-D,0.296,0.064,0,0,false,0.109,low
53,2026-06-01T01:22:00Z,OP05,SH-2026-06-01-M06-D,0.299,0.058,0,0,false,0.1,low
54,2026-06-01T01:23:00Z,OP05,SH-2026-06-01-M06-D,0.274,0.061,0,0,false,0.105,low
55,2026-06-01T01:24:00Z,OP05,SH-2026-06-01-M06-D,0.285,0.082,0,0,false,0.137,low
56,2026-06-01T01:25:00Z,OP05,SH-2026-06-01-M06-D,0.298,0.042,0,0,false,0.076,low
57,2026-06-01T01:26:00Z,OP05,SH-2026-06-01-M06-D,0.296,0.066,0,0,false,0.112,low
58,2026-06-01T01:27:00Z,OP05,SH-2026-06-01-M06-D,0.313,0.07,0,0,false,0.119,low
59,2026-06-01T01:28:00Z,OP05,SH-2026-06-01-M06-D,0.278,0.076,0,0,false,0.129,low
60,2026-06-01T01:29:00Z,OP05,SH-2026-06-01-M06-D,0.289,0.064,0,0,false,0.111,low
61,2026-06-01T01:30:00Z,OP05,SH-2026-06-01-M06-D,0.315,0.056,0,0,false,0.1,low
62,2026-06-01T01:31:00Z,OP05,SH-2026-06-01-M06-D,0.292,0.065,0,0,false,0.113,low
63,2026-06-01T01:32:00Z,OP05,SH-2026-06-01-M06-D,0.299,0.048,0,0,false,0.088,low
64,2026-06-01T01:33:00Z,OP05,SH-2026-06-01-M06-D,0.298,0.009,0,0,false,0.03,low
65,2026-06-01T01:34:00Z,OP05,SH-2026-06-01-M06-D,0.321,0.02,0,0,false,0.046,low
66,2026-06-01T01:35:00Z,OP05,SH-2026-06-01-M06-D,0.301,0.067,0,0,false,0.116,low
67,2026-06-01T01:36:00Z,OP05,SH-2026-06-01-M06-D,0.291,0.06,0,0,false,0.107,low
68,2026-06-01T01:37:00Z,OP05,SH-2026-06-01-M06-D,0.304,0.058,1,0,false,0.153,low
69,2026-06-01T01:38:00Z,OP05,SH-2026-06-01-M06-D,0.301,0.05,0,0,false,0.142,low
70,2026-06-01T01:39:00Z,OP05,SH-2026-06-01-M06-D,0.29,0.059,0,0,false,0.156,low
71,2026-06-01T01:40:00Z,OP05,SH-2026-06-01-M06-D,0.283,0.052,0,0,false,0.145,low
72,2026-06-01T01:41:00Z,OP05,SH-2026-06-01-M06-D,0.312,0.045,0,0,false,0.135,low
73,2026-06-01T01:42:00Z,OP05,SH-2026-06-01-M06-D,0.296,0.08,0,0,false,0.188,low
74,2026-06-01T01:43:00Z,OP05,SH-2026-06-01-M06-D,0.286,0.051,0,0,false,0.145,low
75,2026-06-01T01:44:00Z,OP05,SH-2026-06-01-M06-D,0.314,0.03,0,0,false,0.114,low
76,2026-06-01T01:45:00Z,OP05,SH-2026-06-01-M06-D,0.296,0.052,0,0,false,0.147,low
77,2026-06-01T01:46:00Z,OP05,SH-2026-06-01-M06-D,0.268,0.057,0,0,false,0.154,low
78,2026-06-01T01:47:00Z,OP05,SH-2026-06-01-M06-D,0.279,0.054,0,0,false,0.1,low
79,2026-06-01T01:48:00Z,OP05,SH-2026-06-01-M06-D,0.288,0.066,0,0,false,0.119,low
80,2026-06-01T01:49:00Z,OP05,SH-2026-06-01-M06-D,0.264,0.074,0,0,false,0.131,low
81,2026-06-01T01:50:00Z,OP05,SH-2026-06-01-M06-D,0.314,0.052,0,0,false,0.098,low
82,2026-06-01T01:51:00Z,OP05,SH-2026-06-01-M06-D,0.31,0.056,0,0,false,0.104,low
83,2026-06-01T01:52:00Z,OP05,SH-2026-06-01-M06-D,0.293,0.062,0,0,false,0.113,low
84,2026-06-01T01:53:00Z,OP05,SH-2026-06-01-M06-D,0.315,0.058,0,0,false,0.108,low
85,2026-06-01T01:54:00Z,OP05,SH-2026-06-01-M06-D,0.292,0.054,0,0,false,0.102,low
86,2026-06-01T01:55:00Z,OP05,SH-2026-06-01-M06-D,0.295,0.059,0,0,false,0.11,low
87,2026-06-01T01:56:00Z,OP05,SH-2026-06-01-M06-D,0.287,0.05,0,0,false,0.097,low
88,2026-06-01T01:57:00Z,OP05,SH-2026-06-01-M06-D,0.301,0.04,0,0,false,0.082,low
89,2026-06-01T01:58:00Z,OP05,SH-2026-06-01-M06-D,0.286,0.055,0,0,false,0.105,low
90,2026-06-01T01:59:00Z,OP05,SH-2026-06-01-M06-D,0.285,0.07,0,0,false,0.128,low
91,2026-06-01T02:00:00Z,OP05,SH-2026-06-01-M06-D,0.308,0.038,0,0,false,0.08,low
92,2026-06-01T02:01:00Z,OP05,SH-2026-06-01-M06-D,0.286,0.074,0,0,false,0.134,low
93,2026-06-01T02:02:00Z,OP05,SH-2026-06-01-M06-D,0.309,0.036,0,0,false,0.078,low
94,2026-06-01T02:03:00Z,OP05,SH-2026-06-01-M06-D,0.294,0.049,0,0,false,0.097,low
95,2026-06-01T02:04:00Z,OP05,SH-2026-06-01-M06-D,0.301,0.066,0,0,false,0.122,low
96,2026-06-01T02:05:00Z,OP05,SH-2026-06-01-M06-D,0.304,0.066,0,0,false,0.122,low
97,2026-06-01T02:06:00Z,OP05,SH-2026-06-01-M06-D,0.309,0.039,0,0,false,0.082,low
98,2026-06-01T02:07:00Z,OP05,SH-2026-06-01-M06-D,0.302,0.067,0,0,false,0.124,low
99,2026-06-01T02:08:00Z,OP05,SH-2026-06-01-M06-D,0.296,0.055,0,0,false,0.107,low
100,2026-06-01T02:09:00Z,OP05,SH-2026-06-01-M06-D,0.297,0.061,0,0,false,0.116,low
101,2026-06-01T02:10:00Z,OP05,SH-2026-06-01-M06-D,0.274,0.06,0,0,false,0.115,low
102,2026-06-01T02:11:00Z,OP05,SH-2026-06-01-M06-D,0.287,0.065,0,0,false,0.123,low
103,2026-06-01T02:12:00Z,OP05,SH-2026-06-01-M06-D,0.3,0.065,0,0,false,0.124,low
104,2026-06-01T02:13:00Z,OP05,SH-2026-06-01-M06-D,0.282,0.04,0,0,false,0.086,low
105,2026-06-01T02:14:00Z,OP05,SH-2026-06-01-M06-D,0.285,0.079,0,0,false,0.145,low
106,2026-06-01T02:15:00Z,OP05,SH-2026-06-01-M06-D,0.293,0.079,0,0,false,0.145,low
107,2026-06-01T02:16:00Z,OP05,SH-2026-06-01-M06-D,0.296,0.091,0,0,false,0.164,low
108,2026-06-01T02:17:00Z,OP05,SH-2026-06-01-M06-D,0.297,0.044,0,0,false,0.093,low
109,2026-06-01T02:18:00Z,OP05,SH-2026-06-01-M06-D,0.302,0.061,0,0,false,0.119,low
110,2026-06-01T02:19:00Z,OP05,SH-2026-06-01-M06-D,0.286,0.062,0,0,false,0.121,low
111,2026-06-01T02:20:00Z,OP05,SH-2026-06-01-M06-D,0.312,0.052,0,0,false,0.105,low
112,2026-06-01T02:21:00Z,OP05,SH-2026-06-01-M06-D,0.29,0.072,0,0,false,0.135,low
113,2026-06-01T02:22:00Z,OP05,SH-2026-06-01-M06-D,0.288,0.071,0,0,false,0.134,low
114,2026-06-01T02:23:00Z,OP05,SH-2026-06-01-M06-D,0.283,0.064,0,0,false,0.125,low
115,2026-06-01T02:24:00Z,OP05,SH-2026-06-01-M06-D,0.295,0.102,0,0,false,0.182,low
116,2026-06-01T02:25:00Z,OP05,SH-2026-06-01-M06-D,0.287,0.078,0,0,false,0.146,low
117,2026-06-01T02:26:00Z,OP05,SH-2026-06-01-M06-D,0.305,0.065,0,0,false,0.127,low
118,2026-06-01T02:27:00Z,OP05,SH-2026-06-01-M06-D,0.307,0.068,0,0,false,0.131,low
119,2026-06-01T02:28:00Z,OP05,SH-2026-06-01-M06-D,0.306,0.033,0,0,false,0.079,low
120,2026-06-01T02:29:00Z,OP05,SH-2026-06-01-M06-D,0.29,0.057,0,0,false,0.116,low
121,2026-06-01T02:30:00Z,OP05,SH-2026-06-01-M06-D,0.305,0.067,0,0,false,0.131,low
122,2026-06-01T02:31:00Z,OP05,SH-2026-06-01-M06-D,0.285,0.075,0,0,false,0.143,low
123,2026-06-01T02:32:00Z,OP05,SH-2026-06-01-M06-D,0.284,0.086,0,0,false,0.16,low
124,2026-06-01T02:33:00Z,OP05,SH-2026-06-01-M06-D,0.291,0.075,0,0,false,0.143,low
125,2026-06-01T02:34:00Z,OP05,SH-2026-06-01-M06-D,0.312,0.058,0,0,false,0.118,low
126,2026-06-01T02:35:00Z,OP05,SH-2026-06-01-M06-D,0.298,0.075,0,0,false,0.143,low
127,2026-06-01T02:36:00Z,OP05,SH-2026-06-01-M06-D,0.277,0.095,0,0,false,0.174,low
128,2026-06-01T02:37:00Z,OP05,SH-2026-06-01-M06-D,0.293,0.064,0,0,false,0.128,low
129,2026-06-01T02:38:00Z,OP05,SH-2026-06-01-M06-D,0.319,0.058,0,0,false,0.119,low
130,2026-06-01T02:39:00Z,OP05,SH-2026-06-01-M06-D,0.299,0.074,0,0,false,0.143,low
131,2026-06-01T02:40:00Z,OP05,SH-2026-06-01-M06-D,0.288,0.063,0,0,false,0.126,low
132,2026-06-01T02:41:00Z,OP05,SH-2026-06-01-M06-D,0.285,0.085,0,0,false,0.16,low
133,2026-06-01T02:42:00Z,OP05,SH-2026-06-01-M06-D,0.293,0.059,0,0,false,0.122,low
134,2026-06-01T02:43:00Z,OP05,SH-2026-06-01-M06-D,0.295,0.075,0,0,false,0.145,low
135,2026-06-01T02:44:00Z,OP05,SH-2026-06-01-M06-D,0.287,0.059,0,0,false,0.123,low
136,2026-06-01T02:45:00Z,OP05,SH-2026-06-01-M06-D,0.298,0.082,0,0,false,0.157,low
137,2026-06-01T02:46:00Z,OP05,SH-2026-06-01-M06-D,0.291,0.083,0,0,false,0.158,low
138,2026-06-01T02:47:00Z,OP05,SH-2026-06-01-M06-D,0.277,0.09,0,0,false,0.169,low
139,2026-06-01T02:48:00Z,OP05,SH-2026-06-01-M06-D,0.309,0.057,0,0,false,0.12,low
140,2026-06-01T02:49:00Z,OP05,SH-2026-06-01-M06-D,0.282,0.067,0,0,false,0.135,low
141,2026-06-01T02:50:00Z,OP05,SH-2026-06-01-M06-D,0.277,0.093,0,0,false,0.174,low
142,2026-06-01T02:51:00Z,OP05,SH-2026-06-01-M06-D,0.299,0.098,0,0,false,0.183,low
143,2026-06-01T02:52:00Z,OP05,SH-2026-06-01-M06-D,0.29,0.068,0,0,false,0.137,low
144,2026-06-01T02:53:00Z,OP05,SH-2026-06-01-M06-D,0.277,0.094,0,0,false,0.176,low
145,2026-06-01T02:54:00Z,OP05,SH-2026-06-01-M06-D,0.299,0.059,0,0,false,0.124,low
146,2026-06-01T02:55:00Z,OP05,SH-2026-06-01-M06-D,0.287,0.077,0,0,false,0.152,low
147,2026-06-01T02:56:00Z,OP05,SH-2026-06-01-M06-D,0.293,0.081,0,0,false,0.157,low
148,2026-06-01T02:57:00Z,OP05,SH-2026-06-01-M06-D,0.298,0.073,0,0,false,0.146,low
149,2026-06-01T02:58:00Z,OP05,SH-2026-06-01-M06-D,0.26,0.081,0,0,false,0.159,low
150,2026-06-01T02:59:00Z,OP05,SH-2026-06-01-M06-D,0.287,0.087,0,0,false,0.168,low
151,2026-06-01T03:00:00Z,OP05,SH-2026-06-01-M06-D,0.316,0.047,0,0,false,0.108,low
152,2026-06-01T03:01:00Z,OP05,SH-2026-06-01-M06-D,0.291,0.072,0,0,false,0.145,low
153,2026-06-01T03:02:00Z,OP05,SH-2026-06-01-M06-D,0.281,0.059,0,0,false,0.126,low
154,2026-06-01T03:03:00Z,OP05,SH-2026-06-01-M06-D,0.282,0.058,0,0,false,0.125,low
155,2026-06-01T03:04:00Z,OP05,SH-2026-06-01-M06-D,0.308,0.07,0,0,false,0.144,low
156,2026-06-01T03:05:00Z,OP05,SH-2026-06-01-M06-D,0.282,0.069,0,0,false,0.143,low
157,2026-06-01T03:06:00Z,OP05,SH-2026-06-01-M06-D,0.288,0.07,0,0,false,0.144,low
158,2026-06-01T03:07:00Z,OP05,SH-2026-06-01-M06-D,0.277,0.084,0,0,false,0.165,low
159,2026-06-01T03:08:00Z,OP05,SH-2026-06-01-M06-D,0.284,0.058,0,0,false,0.126,low
160,2026-06-01T03:09:00Z,OP05,SH-2026-06-01-M06-D,0.26,0.09,0,0,false,0.175,low
161,2026-06-01T03:10:00Z,OP05,SH-2026-06-01-M06-D,0.292,0.067,0,0,false,0.141,low
162,2026-06-01T03:11:00Z,OP05,SH-2026-06-01-M06-D,0.291,0.075,0,0,false,0.153,low
163,2026-06-01T03:12:00Z,OP05,SH-2026-06-01-M06-D,0.294,0.065,0,0,false,0.138,low
164,2026-06-01T03:13:00Z,OP05,SH-2026-06-01-M06-D,0.304,0.082,0,0,false,0.164,low
165,2026-06-01T03:14:00Z,OP05,SH-2026-06-01-M06-D,0.276,0.09,0,0,false,0.176,low
166,2026-06-01T03:15:00Z,OP05,SH-2026-06-01-M06-D,0.286,0.055,0,0,false,0.123,low
167,2026-06-01T03:16:00Z,OP05,SH-2026-06-01-M06-D,0.284,0.09,0,0,false,0.177,low
168,2026-06-01T03:17:00Z,OP05,SH-2026-06-01-M06-D,0.296,0.062,0,0,false,0.135,low
169,2026-06-01T03:18:00Z,OP05,SH-2026-06-01-M06-D,0.29,0.075,0,0,false,0.154,low
170,2026-06-01T03:19:00Z,OP05,SH-2026-06-01-M06-D,0.282,0.083,0,0,false,0.166,low
171,2026-06-01T03:20:00Z,OP05,SH-2026-06-01-M06-D,0.278,0.074,0,0,false,0.153,low
172,2026-06-01T03:21:00Z,OP05,SH-2026-06-01-M06-D,0.285,0.086,0,0,false,0.171,low
173,2026-06-01T03:22:00Z,OP05,SH-2026-06-01-M06-D,0.3,0.09,0,0,false,0.178,low
174,2026-06-01T03:23:00Z,OP05,SH-2026-06-01-M06-D,0.292,0.055,0,0,false,0.125,low
175,2026-06-01T03:24:00Z,OP05,SH-2026-06-01-M06-D,0.281,0.07,0,0,false,0.149,low
176,2026-06-01T03:25:00Z,OP05,SH-2026-06-01-M06-D,0.29,0.09,0,0,false,0.179,low
177,2026-06-01T03:26:00Z,OP05,SH-2026-06-01-M06-D,0.311,0.066,0,0,false,0.144,low
178,2026-06-01T03:27:00Z,OP05,SH-2026-06-01-M06-D,0.302,0.058,0,0,false,0.132,low
179,2026-06-01T03:28:00Z,OP05,SH-2026-06-01-M06-D,0.288,0.096,0,0,false,0.188,low
180,2026-06-01T03:29:00Z,OP05,SH-2026-06-01-M06-D,0.297,0.077,0,0,false,0.16,low
181,2026-06-01T03:30:00Z,OP05,SH-2026-06-01-M06-D,0.283,0.062,0,0,false,0.138,low
182,2026-06-01T03:31:00Z,OP05,SH-2026-06-01-M06-D,0.274,0.068,0,0,false,0.148,low
183,2026-06-01T03:32:00Z,OP05,SH-2026-06-01-M06-D,0.268,0.065,0,0,false,0.143,low
184,2026-06-01T03:33:00Z,OP05,SH-2026-06-01-M06-D,0.298,0.093,0,0,false,0.185,low
185,2026-06-01T03:34:00Z,OP05,SH-2026-06-01-M06-D,0.284,0.075,0,0,false,0.158,low
186,2026-06-01T03:35:00Z,OP05,SH-2026-06-01-M06-D,0.291,0.091,0,0,false,0.182,low
187,2026-06-01T03:36:00Z,OP05,SH-2026-06-01-M06-D,0.316,0.079,0,0,false,0.165,low
188,2026-06-01T03:37:00Z,OP05,SH-2026-06-01-M06-D,0.275,0.078,0,0,false,0.164,low
189,2026-06-01T03:38:00Z,OP05,SH-2026-06-01-M06-D,0.3,0.112,0,0,false,0.215,low
190,2026-06-01T03:39:00Z,OP05,SH-2026-06-01-M06-D,0.279,0.094,0,0,false,0.188,low
191,2026-06-01T03:40:00Z,OP05,SH-2026-06-01-M06-D,0.286,0.074,0,0,false,0.158,low
192,2026-06-01T03:41:00Z,OP05,SH-2026-06-01-M06-D,0.297,0.048,0,0,false,0.12,low
193,2026-06-01T03:42:00Z,OP05,SH-2026-06-01-M06-D,0.276,0.081,0,0,false,0.169,low
194,2026-06-01T03:43:00Z,OP05,SH-2026-06-01-M06-D,0.294,0.084,0,0,false,0.175,low
195,2026-06-01T03:44:00Z,OP05,SH-2026-06-01-M06-D,0.284,0.076,0,0,false,0.163,low
196,2026-06-01T03:45:00Z,OP05,SH-2026-06-01-M06-D,0.285,0.102,0,0,false,0.202,low
197,2026-06-01T03:46:00Z,OP05,SH-2026-06-01-M06-D,0.288,0.072,0,0,false,0.157,low
198,2026-06-01T03:47:00Z,OP05,SH-2026-06-01-M06-D,0.295,0.089,0,0,false,0.183,low
199,2026-06-01T03:48:00Z,OP05,SH-2026-06-01-M06-D,0.293,0.074,0,0,false,0.161,low
200,2026-06-01T03:49:00Z,OP05,SH-2026-06-01-M06-D,0.286,0.077,0,0,false,0.166,low
201,2026-06-01T03:50:00Z,OP05,SH-2026-06-01-M06-D,0.294,0.078,0,0,false,0.168,low
202,2026-06-01T03:51:00Z,OP05,SH-2026-06-01-M06-D,0.275,0.09,0,0,false,0.185,low
203,2026-06-01T03:52:00Z,OP05,SH-2026-06-01-M06-D,0.286,0.072,0,0,false,0.158,low
204,2026-06-01T03:53:00Z,OP05,SH-2026-06-01-M06-D,0.287,0.078,0,0,false,0.167,low
205,2026-06-01T03:54:00Z,OP05,SH-2026-06-01-M06-D,0.286,0.089,0,0,false,0.184,low
206,2026-06-01T03:55:00Z,OP05,SH-2026-06-01-M06-D,0.299,0.081,0,0,false,0.173,low
207,2026-06-01T03:56:00Z,OP05,SH-2026-06-01-M06-D,0.291,0.093,0,0,false,0.192,low
208,2026-06-01T03:57:00Z,OP05,SH-2026-06-01-M06-D,0.29,0.065,0,0,false,0.149,low
209,2026-06-01T03:58:00Z,OP05,SH-2026-06-01-M06-D,0.279,0.106,0,0,false,0.211,low
210,2026-06-01T03:59:00Z,OP05,SH-2026-06-01-M06-D,0.285,0.091,0,0,false,0.189,low
211,2026-06-01T04:00:00Z,OP05,SH-2026-06-01-M06-D,0.304,0.081,0,0,false,0.173,low
212,2026-06-01T04:01:00Z,OP05,SH-2026-06-01-M06-D,0.304,0.071,0,0,false,0.16,low
213,2026-06-01T04:02:00Z,OP05,SH-2026-06-01-M06-D,0.282,0.077,0,0,false,0.169,low
214,2026-06-01T04:03:00Z,OP05,SH-2026-06-01-M06-D,0.305,0.077,0,0,false,0.169,low
215,2026-06-01T04:04:00Z,OP05,SH-2026-06-01-M06-D,0.289,0.069,0,0,false,0.158,low
216,2026-06-01T04:05:00Z,OP05,SH-2026-06-01-M06-D,0.267,0.097,0,0,false,0.199,low
217,2026-06-01T04:06:00Z,OP05,SH-2026-06-01-M06-D,0.292,0.075,0,0,false,0.167,low
218,2026-06-01T04:07:00Z,OP05,SH-2026-06-01-M06-D,0.291,0.088,0,0,false,0.187,low
219,2026-06-01T04:08:00Z,OP05,SH-2026-06-01-M06-D,0.296,0.052,0,0,false,0.133,low
220,2026-06-01T04:09:00Z,OP05,SH-2026-06-01-M06-D,0.291,0.089,0,0,false,0.188,low
221,2026-06-01T04:10:00Z,OP05,SH-2026-06-01-M06-D,0.294,0.071,0,0,false,0.161,low
222,2026-06-01T04:11:00Z,OP05,SH-2026-06-01-M06-D,0.31,0.071,0,0,false,0.161,low
223,2026-06-01T04:12:00Z,OP05,SH-2026-06-01-M06-D,0.268,0.083,0,0,false,0.18,low
224,2026-06-01T04:13:00Z,OP05,SH-2026-06-01-M06-D,0.302,0.072,0,0,false,0.164,low
225,2026-06-01T04:14:00Z,OP05,SH-2026-06-01-M06-D,0.299,0.098,0,0,false,0.204,low
226,2026-06-01T04:15:00Z,OP05,SH-2026-06-01-M06-D,0.279,0.117,0,0,false,0.232,low
227,2026-06-01T04:16:00Z,OP05,SH-2026-06-01-M06-D,0.299,0.084,0,0,false,0.182,low
228,2026-06-01T04:17:00Z,OP05,SH-2026-06-01-M06-D,0.283,0.107,0,0,false,0.217,low
229,2026-06-01T04:18:00Z,OP05,SH-2026-06-01-M06-D,0.285,0.088,0,0,false,0.189,low
230,2026-06-01T04:19:00Z,OP05,SH-2026-06-01-M06-D,0.274,0.106,0,0,false,0.217,low
231,2026-06-01T04:20:00Z,OP05,SH-2026-06-01-M06-D,0.309,0.083,0,0,false,0.182,low
232,2026-06-01T04:21:00Z,OP05,SH-2026-06-01-M06-D,0.297,0.089,0,0,false,0.191,low
233,2026-06-01T04:22:00Z,OP05,SH-2026-06-01-M06-D,0.286,0.054,0,0,false,0.139,low
234,2026-06-01T04:23:00Z,OP05,SH-2026-06-01-M06-D,0.275,0.09,0,0,false,0.194,low
235,2026-06-01T04:24:00Z,OP05,SH-2026-06-01-M06-D,0.284,0.102,0,0,false,0.212,low
236,2026-06-01T04:25:00Z,OP05,SH-2026-06-01-M06-D,0.282,0.098,0,0,false,0.206,low
237,2026-06-01T04:26:00Z,OP05,SH-2026-06-01-M06-D,0.297,0.097,0,0,false,0.204,low
238,2026-06-01T04:27:00Z,OP05,SH-2026-06-01-M06-D,0.29,0.091,0,0,false,0.196,low
239,2026-06-01T04:28:00Z,OP05,SH-2026-06-01-M06-D,0.286,0.124,0,0,false,0.245,low
240,2026-06-01T04:29:00Z,OP05,SH-2026-06-01-M06-D,0.28,0.103,0,0,false,0.214,low
241,2026-06-01T04:30:00Z,OP05,SH-2026-06-01-M06-D,0.295,0.064,0,0,false,0.155,low
242,2026-06-01T04:31:00Z,OP05,SH-2026-06-01-M06-D,0.303,0.07,0,0,false,0.165,low
243,2026-06-01T04:32:00Z,OP05,SH-2026-06-01-M06-D,0.286,0.101,0,0,false,0.212,low
244,2026-06-01T04:33:00Z,OP05,SH-2026-06-01-M06-D,0.294,0.076,0,0,false,0.174,low
245,2026-06-01T04:34:00Z,OP05,SH-2026-06-01-M06-D,0.289,0.087,0,0,false,0.192,low
246,2026-06-01T04:35:00Z,OP05,SH-2026-06-01-M06-D,0.295,0.07,0,0,false,0.166,low
247,2026-06-01T04:36:00Z,OP05,SH-2026-06-01-M06-D,0.271,0.096,0,0,false,0.205,low
248,2026-06-01T04:37:00Z,OP05,SH-2026-06-01-M06-D,0.279,0.091,0,0,false,0.199,low
249,2026-06-01T04:38:00Z,OP05,SH-2026-06-01-M06-D,0.265,0.093,0,0,false,0.202,low
250,2026-06-01T04:39:00Z,OP05,SH-2026-06-01-M06-D,0.286,0.085,0,0,false,0.189,low
251,2026-06-01T04:40:00Z,OP05,SH-2026-06-01-M06-D,0.278,0.1,0,0,false,0.212,low
252,2026-06-01T04:41:00Z,OP05,SH-2026-06-01-M06-D,0.282,0.066,0,0,false,0.161,low
253,2026-06-01T04:42:00Z,OP05,SH-2026-06-01-M06-D,0.28,0.113,0,0,false,0.232,low
254,2026-06-01T04:43:00Z,OP05,SH-2026-06-01-M06-D,0.273,0.131,1,0,false,0.309,low
255,2026-06-01T04:44:00Z,OP05,SH-2026-06-01-M06-D,0.282,0.084,0,0,false,0.24,low
256,2026-06-01T04:45:00Z,OP05,SH-2026-06-01-M06-D,0.293,0.078,0,0,false,0.231,low
257,2026-06-01T04:46:00Z,OP05,SH-2026-06-01-M06-D,0.314,0.069,0,0,false,0.218,low
258,2026-06-01T04:47:00Z,OP05,SH-2026-06-01-M06-D,0.298,0.091,0,0,false,0.251,low
259,2026-06-01T04:48:00Z,OP05,SH-2026-06-01-M06-D,0.263,0.098,0,0,false,0.261,low
260,2026-06-01T04:49:00Z,OP05,SH-2026-06-01-M06-D,0.282,0.079,0,0,false,0.233,low
261,2026-06-01T04:50:00Z,OP05,SH-2026-06-01-M06-D,0.283,0.096,0,0,false,0.259,low
262,2026-06-01T04:51:00Z,OP05,SH-2026-06-01-M06-D,0.281,0.066,0,0,false,0.215,low
263,2026-06-01T04:52:00Z,OP05,SH-2026-06-01-M06-D,0.289,0.094,0,0,false,0.257,low
264,2026-06-01T04:53:00Z,OP05,SH-2026-06-01-M06-D,0.295,0.073,0,0,false,0.175,low
265,2026-06-01T04:54:00Z,OP05,SH-2026-06-01-M06-D,0.288,0.084,0,0,false,0.191,low
266,2026-06-01T04:55:00Z,OP05,SH-2026-06-01-M06-D,0.293,0.094,0,0,false,0.207,low
267,2026-06-01T04:56:00Z,OP05,SH-2026-06-01-M06-D,0.299,0.082,0,0,false,0.189,low
268,2026-06-01T04:57:00Z,OP05,SH-2026-06-01-M06-D,0.288,0.101,0,0,false,0.218,low
269,2026-06-01T04:58:00Z,OP05,SH-2026-06-01-M06-D,0.28,0.092,0,0,false,0.205,low
270,2026-06-01T04:59:00Z,OP05,SH-2026-06-01-M06-D,0.302,0.083,0,0,false,0.192,low
271,2026-06-01T05:00:00Z,OP05,SH-2026-06-01-M06-D,0.278,0.092,0,0,false,0.205,low
272,2026-06-01T05:01:00Z,OP05,SH-2026-06-01-M06-D,0.291,0.092,0,0,false,0.205,low
273,2026-06-01T05:02:00Z,OP05,SH-2026-06-01-M06-D,0.286,0.097,0,0,false,0.213,low
274,2026-06-01T05:03:00Z,OP05,SH-2026-06-01-M06-D,0.284,0.112,0,0,false,0.236,low
275,2026-06-01T05:04:00Z,OP05,SH-2026-06-01-M06-D,0.288,0.079,0,0,false,0.187,low
276,2026-06-01T05:05:00Z,OP05,SH-2026-06-01-M06-D,0.277,0.1,0,0,false,0.218,low
277,2026-06-01T05:06:00Z,OP05,SH-2026-06-01-M06-D,0.274,0.119,0,0,false,0.247,low
278,2026-06-01T05:07:00Z,OP05,SH-2026-06-01-M06-D,0.278,0.093,0,0,false,0.209,low
279,2026-06-01T05:08:00Z,OP05,SH-2026-06-01-M06-D,0.275,0.112,0,0,false,0.238,low
280,2026-06-01T05:09:00Z,OP05,SH-2026-06-01-M06-D,0.299,0.088,0,0,false,0.202,low
281,2026-06-01T05:10:00Z,OP05,SH-2026-06-01-M06-D,0.294,0.081,0,0,false,0.191,low
282,2026-06-01T05:11:00Z,OP05,SH-2026-06-01-M06-D,0.285,0.087,0,0,false,0.2,low
283,2026-06-01T05:12:00Z,OP05,SH-2026-06-01-M06-D,0.293,0.098,0,0,false,0.217,low
284,2026-06-01T05:13:00Z,OP05,SH-2026-06-01-M06-D,0.296,0.083,0,0,false,0.195,low
285,2026-06-01T05:14:00Z,OP05,SH-2026-06-01-M06-D,0.284,0.08,0,0,false,0.192,low
286,2026-06-01T05:15:00Z,OP05,SH-2026-06-01-M06-D,0.278,0.069,0,0,false,0.175,low
287,2026-06-01T05:16:00Z,OP05,SH-2026-06-01-M06-D,0.285,0.117,0,0,false,0.247,low
288,2026-06-01T05:17:00Z,OP05,SH-2026-06-01-M06-D,0.289,0.117,0,0,false,0.247,low
289,2026-06-01T05:18:00Z,OP05,SH-2026-06-01-M06-D,0.305,0.083,0,0,false,0.196,low
290,2026-06-01T05:19:00Z,OP05,SH-2026-06-01-M06-D,0.278,0.116,0,0,false,0.247,low
291,2026-06-01T05:20:00Z,OP05,SH-2026-06-01-M06-D,0.28,0.109,0,0,false,0.236,low
292,2026-06-01T05:21:00Z,OP05,SH-2026-06-01-M06-D,0.291,0.099,0,0,false,0.222,low
293,2026-06-01T05:22:00Z,OP05,SH-2026-06-01-M06-D,0.287,0.103,0,0,false,0.228,low
294,2026-06-01T05:23:00Z,OP05,SH-2026-06-01-M06-D,0.277,0.099,0,0,false,0.221,low
295,2026-06-01T05:24:00Z,OP05,SH-2026-06-01-M06-D,0.285,0.105,0,0,false,0.231,low
296,2026-06-01T05:25:00Z,OP05,SH-2026-06-01-M06-D,0.289,0.092,0,0,false,0.211,low
297,2026-06-01T05:26:00Z,OP05,SH-2026-06-01-M06-D,0.275,0.105,0,0,false,0.231,low
298,2026-06-01T05:27:00Z,OP05,SH-2026-06-01-M06-D,0.291,0.103,0,0,false,0.229,low
299,2026-06-01T05:28:00Z,OP05,SH-2026-06-01-M06-D,0.292,0.105,0,0,false,0.231,low
300,2026-06-01T05:29:00Z,OP05,SH-2026-06-01-M06-D,0.298,0.081,0,0,false,0.197,low
301,2026-06-01T05:30:00Z,OP05,SH-2026-06-01-M06-D,0.302,0.126,0,0,false,0.264,low
302,2026-06-01T05:31:00Z,OP05,SH-2026-06-01-M06-D,0.285,0.104,0,0,false,0.231,low
303,2026-06-01T05:32:00Z,OP05,SH-2026-06-01-M06-D,0.273,0.082,0,0,false,0.198,low
304,2026-06-01T05:33:00Z,OP05,SH-2026-06-01-M06-D,0.288,0.095,0,0,false,0.218,low
305,2026-06-01T05:34:00Z,OP05,SH-2026-06-01-M06-D,0.288,0.095,0,0,false,0.218,low
306,2026-06-01T05:35:00Z,OP05,SH-2026-06-01-M06-D,0.279,0.104,0,0,false,0.232,low
307,2026-06-01T05:36:00Z,OP05,SH-2026-06-01-M06-D,0.276,0.099,0,0,false,0.226,low
308,2026-06-01T05:37:00Z,OP05,SH-2026-06-01-M06-D,0.292,0.091,1,0,false,0.263,low
309,2026-06-01T05:38:00Z,OP05,SH-2026-06-01-M06-D,0.266,0.104,0,0,false,0.282,low
310,2026-06-01T05:39:00Z,OP05,SH-2026-06-01-M06-D,0.297,0.058,0,0,false,0.214,low
311,2026-06-01T05:40:00Z,OP05,SH-2026-06-01-M06-D,0.299,0.107,0,0,false,0.289,low
312,2026-06-01T05:41:00Z,OP05,SH-2026-06-01-M06-D,0.294,0.114,0,0,false,0.299,low
313,2026-06-01T05:42:00Z,OP05,SH-2026-06-01-M06-D,0.272,0.121,0,0,false,0.31,low
314,2026-06-01T05:43:00Z,OP05,SH-2026-06-01-M06-D,0.296,0.103,0,0,false,0.282,low
315,2026-06-01T05:44:00Z,OP05,SH-2026-06-01-M06-D,0.277,0.099,0,0,false,0.277,low
316,2026-06-01T05:45:00Z,OP05,SH-2026-06-01-M06-D,0.294,0.099,0,0,false,0.277,low
317,2026-06-01T05:46:00Z,OP05,SH-2026-06-01-M06-D,0.293,0.107,0,0,false,0.29,low
318,2026-06-01T05:47:00Z,OP05,SH-2026-06-01-M06-D,0.29,0.112,0,0,false,0.247,low
319,2026-06-01T05:48:00Z,OP05,SH-2026-06-01-M06-D,0.297,0.075,0,0,false,0.192,low
320,2026-06-01T05:49:00Z,OP05,SH-2026-06-01-M06-D,0.293,0.105,0,0,false,0.237,low
321,2026-06-01T05:50:00Z,OP05,SH-2026-06-01-M06-D,0.289,0.123,0,0,false,0.264,low
322,2026-06-01T05:51:00Z,OP05,SH-2026-06-01-M06-D,0.298,0.105,0,0,false,0.237,low
323,2026-06-01T05:52:00Z,OP05,SH-2026-06-01-M06-D,0.278,0.106,0,0,false,0.239,low
324,2026-06-01T05:53:00Z,OP05,SH-2026-06-01-M06-D,0.293,0.129,0,0,false,0.274,low
325,2026-06-01T05:54:00Z,OP05,SH-2026-06-01-M06-D,0.29,0.095,0,0,false,0.223,low
326,2026-06-01T05:55:00Z,OP05,SH-2026-06-01-M06-D,0.268,0.093,0,0,false,0.221,low
327,2026-06-01T05:56:00Z,OP05,SH-2026-06-01-M06-D,0.286,0.132,0,0,false,0.28,low
328,2026-06-01T05:57:00Z,OP05,SH-2026-06-01-M06-D,0.282,0.1,0,0,false,0.231,low
329,2026-06-01T05:58:00Z,OP05,SH-2026-06-01-M06-D,0.279,0.123,0,0,false,0.267,low
330,2026-06-01T05:59:00Z,OP05,SH-2026-06-01-M06-D,0.289,0.126,0,0,false,0.271,low
331,2026-06-01T06:00:00Z,OP05,SH-2026-06-01-M06-D,0.284,0.129,0,0,false,0.277,low
332,2026-06-01T06:01:00Z,OP05,SH-2026-06-01-M06-D,0.289,0.082,0,0,false,0.206,low
333,2026-06-01T06:02:00Z,OP05,SH-2026-06-01-M06-D,0.289,0.133,0,0,false,0.283,low
334,2026-06-01T06:03:00Z,OP05,SH-2026-06-01-M06-D,0.275,0.128,0,0,false,0.275,low
335,2026-06-01T06:04:00Z,OP05,SH-2026-06-01-M06-D,0.276,0.105,0,0,false,0.241,low
336,2026-06-01T06:05:00Z,OP05,SH-2026-06-01-M06-D,0.277,0.116,0,0,false,0.258,low
337,2026-06-01T06:06:00Z,OP05,SH-2026-06-01-M06-D,0.289,0.114,0,0,false,0.255,low
338,2026-06-01T06:07:00Z,OP05,SH-2026-06-01-M06-D,0.285,0.11,0,0,false,0.25,low
339,2026-06-01T06:08:00Z,OP05,SH-2026-06-01-M06-D,0.293,0.096,0,0,false,0.229,low
340,2026-06-01T06:09:00Z,OP05,SH-2026-06-01-M06-D,0.296,0.094,0,0,false,0.226,low
341,2026-06-01T06:10:00Z,OP05,SH-2026-06-01-M06-D,0.276,0.127,0,0,false,0.276,low
342,2026-06-01T06:11:00Z,OP05,SH-2026-06-01-M06-D,0.291,0.099,0,0,false,0.234,low
343,2026-06-01T06:12:00Z,OP05,SH-2026-06-01-M06-D,0.275,0.127,0,0,false,0.277,low
344,2026-06-01T06:13:00Z,OP05,SH-2026-06-01-M06-D,0.268,0.104,0,0,false,0.242,low
345,2026-06-01T06:14:00Z,OP05,SH-2026-06-01-M06-D,0.269,0.129,0,0,false,0.279,low
346,2026-06-01T06:15:00Z,OP05,SH-2026-06-01-M06-D,0.276,0.124,0,0,false,0.272,low
347,2026-06-01T06:16:00Z,OP05,SH-2026-06-01-M06-D,0.277,0.116,0,0,false,0.261,low
348,2026-06-01T06:17:00Z,OP05,SH-2026-06-01-M06-D,0.265,0.117,0,0,false,0.262,low
349,2026-06-01T06:18:00Z,OP05,SH-2026-06-01-M06-D,0.278,0.126,0,0,false,0.276,low
350,2026-06-01T06:19:00Z,OP05,SH-2026-06-01-M06-D,0.276,0.114,0,0,false,0.258,low
351,2026-06-01T06:20:00Z,OP05,SH-2026-06-01-M06-D,0.278,0.12,0,0,false,0.268,low
352,2026-06-01T06:21:00Z,OP05,SH-2026-06-01-M06-D,0.264,0.105,0,0,false,0.245,low
353,2026-06-01T06:22:00Z,OP05,SH-2026-06-01-M06-D,0.296,0.113,0,0,false,0.258,low
354,2026-06-01T06:23:00Z,OP05,SH-2026-06-01-M06-D,0.279,0.123,0,0,false,0.273,low
355,2026-06-01T06:24:00Z,OP05,SH-2026-06-01-M06-D,0.28,0.128,0,0,false,0.281,low
356,2026-06-01T06:25:00Z,OP05,SH-2026-06-01-M06-D,0.274,0.095,0,0,false,0.231,low
357,2026-06-01T06:26:00Z,OP05,SH-2026-06-01-M06-D,0.289,0.092,0,0,false,0.227,low
358,2026-06-01T06:27:00Z,OP05,SH-2026-06-01-M06-D,0.298,0.109,0,0,false,0.253,low
359,2026-06-01T06:28:00Z,OP05,SH-2026-06-01-M06-D,0.31,0.09,0,0,false,0.225,low
360,2026-06-01T06:29:00Z,OP05,SH-2026-06-01-M06-D,0.279,0.099,0,0,false,0.238,low
361,2026-06-01T06:30:00Z,OP05,SH-2026-06-01-M06-D,0.275,0.117,0,0,false,0.265,low
362,2026-06-01T06:31:00Z,OP05,SH-2026-06-01-M06-D,0.278,0.13,0,0,false,0.285,low
363,2026-06-01T06:32:00Z,OP05,SH-2026-06-01-M06-D,0.27,0.089,0,0,false,0.224,low
364,2026-06-01T06:33:00Z,OP05,SH-2026-06-01-M06-D,0.277,0.116,0,0,false,0.265,low
365,2026-06-01T06:34:00Z,OP05,SH-2026-06-01-M06-D,0.276,0.109,0,0,false,0.255,low
366,2026-06-01T06:35:00Z,OP05,SH-2026-06-01-M06-D,0.247,0.115,1,0,false,0.314,low
367,2026-06-01T06:36:00Z,OP05,SH-2026-06-01-M06-D,0.247,0.159,0,1,false,0.43,medium
368,2026-06-01T06:37:00Z,OP05,SH-2026-06-01-M06-D,0.289,0.101,0,0,false,0.343,low
369,2026-06-01T06:38:00Z,OP05,SH-2026-06-01-M06-D,0.257,0.12,0,0,false,0.372,medium
370,2026-06-01T06:39:00Z,OP05,SH-2026-06-01-M06-D,0.266,0.111,0,0,false,0.359,medium
371,2026-06-01T06:40:00Z,OP05,SH-2026-06-01-M06-D,0.28,0.112,0,0,false,0.36,medium
372,2026-06-01T06:41:00Z,OP05,SH-2026-06-01-M06-D,0.284,0.121,0,0,false,0.374,medium
373,2026-06-01T06:42:00Z,OP05,SH-2026-06-01-M06-D,0.289,0.102,0,0,false,0.346,low
374,2026-06-01T06:43:00Z,OP05,SH-2026-06-01-M06-D,0.281,0.141,0,0,false,0.404,medium
375,2026-06-01T06:44:00Z,OP05,SH-2026-06-01-M06-D,0.296,0.123,0,0,false,0.378,medium
376,2026-06-01T06:45:00Z,OP05,SH-2026-06-01-M06-D,0.286,0.091,0,0,false,0.28,low
377,2026-06-01T06:46:00Z,OP05,SH-2026-06-01-M06-D,0.281,0.116,0,0,false,0.268,low
378,2026-06-01T06:47:00Z,OP05,SH-2026-06-01-M06-D,0.264,0.116,0,0,false,0.268,low
379,2026-06-01T06:48:00Z,OP05,SH-2026-06-01-M06-D,0.287,0.108,0,0,false,0.256,low
380,2026-06-01T06:49:00Z,OP05,SH-2026-06-01-M06-D,0.276,0.138,1,0,false,0.352,medium
381,2026-06-01T06:50:00Z,OP05,SH-2026-06-01-M06-D,0.285,0.117,0,0,false,0.32,low
382,2026-06-01T06:51:00Z,OP05,SH-2026-06-01-M06-D,0.301,0.104,0,0,false,0.301,low
383,2026-06-01T06:52:00Z,OP05,SH-2026-06-01-M06-D,0.298,0.116,1,0,false,0.369,medium
384,2026-06-01T06:53:00Z,OP05,SH-2026-06-01-M06-D,0.279,0.138,0,0,false,0.402,medium
385,2026-06-01T06:54:00Z,OP05,SH-2026-06-01-M06-D,0.267,0.113,0,1,false,0.416,medium
386,2026-06-01T06:55:00Z,OP05,SH-2026-06-01-M06-D,0.271,0.119,0,0,false,0.425,medium
387,2026-06-01T06:56:00Z,OP05,SH-2026-06-01-M06-D,0.276,0.081,0,0,false,0.368,medium
388,2026-06-01T06:57:00Z,OP05,SH-2026-06-01-M06-D,0.29,0.085,0,0,false,0.374,medium
389,2026-06-01T06:58:00Z,OP05,SH-2026-06-01-M06-D,0.276,0.133,1,0,false,0.497,medium
390,2026-06-01T06:59:00Z,OP05,SH-2026-06-01-M06-D,0.27,0.15,0,0,false,0.472,medium
391,2026-06-01T07:00:00Z,OP05,SH-2026-06-01-M06-D,0.295,0.104,0,0,false,0.404,medium
392,2026-06-01T07:01:00Z,OP05,SH-2026-06-01-M06-D,0.286,0.117,0,0,false,0.423,medium
393,2026-06-01T07:02:00Z,OP05,SH-2026-06-01-M06-D,0.296,0.109,0,0,false,0.361,medium
394,2026-06-01T07:03:00Z,OP05,SH-2026-06-01-M06-D,0.282,0.129,0,0,false,0.392,medium
395,2026-06-01T07:04:00Z,OP05,SH-2026-06-01-M06-D,0.288,0.124,0,0,false,0.334,low
396,2026-06-01T07:05:00Z,OP05,SH-2026-06-01-M06-D,0.27,0.113,0,0,false,0.318,low
397,2026-06-01T07:06:00Z,OP05,SH-2026-06-01-M06-D,0.276,0.114,0,0,false,0.32,low
398,2026-06-01T07:07:00Z,OP05,SH-2026-06-01-M06-D,0.312,0.119,0,0,false,0.328,low
399,2026-06-01T07:08:00Z,OP05,SH-2026-06-01-M06-D,0.297,0.113,0,0,false,0.269,low
400,2026-06-01T07:09:00Z,OP05,SH-2026-06-01-M06-D,0.281,0.132,0,0,false,0.298,low
401,2026-06-01T07:10:00Z,OP05,SH-2026-06-01-M06-D,0.289,0.105,0,0,false,0.258,low
402,2026-06-01T07:11:00Z,OP05,SH-2026-06-01-M06-D,0.274,0.126,0,0,false,0.29,low
403,2026-06-01T07:12:00Z,OP05,SH-2026-06-01-M06-D,0.287,0.093,0,0,false,0.24,low
404,2026-06-01T07:13:00Z,OP05,SH-2026-06-01-M06-D,0.275,0.134,0,0,false,0.301,low
405,2026-06-01T07:14:00Z,OP05,SH-2026-06-01-M06-D,0.288,0.138,0,0,false,0.308,low
406,2026-06-01T07:15:00Z,OP05,SH-2026-06-01-M06-D,0.276,0.126,0,0,false,0.291,low
407,2026-06-01T07:16:00Z,OP05,SH-2026-06-01-M06-D,0.286,0.099,0,0,false,0.25,low
408,2026-06-01T07:17:00Z,OP05,SH-2026-06-01-M06-D,0.271,0.109,0,0,false,0.265,low
409,2026-06-01T07:18:00Z,OP05,SH-2026-06-01-M06-D,0.276,0.121,0,0,false,0.283,low
410,2026-06-01T07:19:00Z,OP05,SH-2026-06-01-M06-D,0.283,0.134,0,0,false,0.303,low
411,2026-06-01T07:20:00Z,OP05,SH-2026-06-01-M06-D,0.284,0.15,0,1,false,0.378,medium
412,2026-06-01T07:21:00Z,OP05,SH-2026-06-01-M06-D,0.285,0.11,0,0,false,0.318,low
413,2026-06-01T07:22:00Z,OP05,SH-2026-06-01-M06-D,0.252,0.107,0,0,false,0.313,low
414,2026-06-01T07:23:00Z,OP05,SH-2026-06-01-M06-D,0.292,0.11,0,0,false,0.319,low
415,2026-06-01T07:24:00Z,OP05,SH-2026-06-01-M06-D,0.291,0.135,0,0,false,0.356,medium
416,2026-06-01T07:25:00Z,OP05,SH-2026-06-01-M06-D,0.295,0.106,0,0,false,0.313,low
417,2026-06-01T07:26:00Z,OP05,SH-2026-06-01-M06-D,0.27,0.143,0,0,false,0.369,medium
418,2026-06-01T07:27:00Z,OP05,SH-2026-06-01-M06-D,0.27,0.107,0,0,false,0.315,low
419,2026-06-01T07:28:00Z,OP05,SH-2026-06-01-M06-D,0.285,0.106,0,0,false,0.314,low
420,2026-06-01T07:29:00Z,OP05,SH-2026-06-01-M06-D,0.275,0.11,0,0,false,0.319,low
421,2026-06-01T07:30:00Z,OP05,SH-2026-06-01-M06-D,0.286,0.123,0,0,false,0.289,low
422,2026-06-01T07:31:00Z,OP05,SH-2026-06-01-M06-D,0.27,0.138,0,0,false,0.312,low
423,2026-06-01T07:32:00Z,OP05,SH-2026-06-01-M06-D,0.287,0.122,0,0,false,0.289,low
424,2026-06-01T07:33:00Z,OP05,SH-2026-06-01-M06-D,0.299,0.083,0,0,false,0.23,low
425,2026-06-01T07:34:00Z,OP05,SH-2026-06-01-M06-D,0.259,0.126,0,0,false,0.295,low
426,2026-06-01T07:35:00Z,OP05,SH-2026-06-01-M06-D,0.281,0.135,0,0,false,0.308,low
427,2026-06-01T07:36:00Z,OP05,SH-2026-06-01-M06-D,0.284,0.127,0,0,false,0.296,low
428,2026-06-01T07:37:00Z,OP05,SH-2026-06-01-M06-D,0.272,0.124,0,0,false,0.293,low
429,2026-06-01T07:38:00Z,OP05,SH-2026-06-01-M06-D,0.284,0.11,0,0,false,0.271,low
430,2026-06-01T07:39:00Z,OP05,SH-2026-06-01-M06-D,0.289,0.11,0,0,false,0.272,low
431,2026-06-01T07:40:00Z,OP05,SH-2026-06-01-M06-D,0.285,0.131,0,0,false,0.304,low
432,2026-06-01T07:41:00Z,OP05,SH-2026-06-01-M06-D,0.288,0.131,0,0,false,0.305,low
433,2026-06-01T07:42:00Z,OP05,SH-2026-06-01-M06-D,0.278,0.135,0,0,false,0.311,low
434,2026-06-01T07:43:00Z,OP05,SH-2026-06-01-M06-D,0.283,0.13,0,0,false,0.303,low
435,2026-06-01T07:44:00Z,OP05,SH-2026-06-01-M06-D,0.267,0.148,0,0,false,0.331,low
436,2026-06-01T07:45:00Z,OP05,SH-2026-06-01-M06-D,0.277,0.129,0,0,false,0.302,low
437,2026-06-01T07:46:00Z,OP05,SH-2026-06-01-M06-D,0.279,0.126,0,0,false,0.299,low
438,2026-06-01T07:47:00Z,OP05,SH-2026-06-01-M06-D,0.272,0.179,0,0,false,0.378,medium
439,2026-06-01T07:48:00Z,OP05,SH-2026-06-01-M06-D,0.276,0.123,1,0,false,0.344,low
440,2026-06-01T07:49:00Z,OP05,SH-2026-06-01-M06-D,0.278,0.123,0,0,false,0.344,low
441,2026-06-01T07:50:00Z,OP05,SH-2026-06-01-M06-D,0.285,0.117,0,0,false,0.336,low
442,2026-06-01T07:51:00Z,OP05,SH-2026-06-01-M06-D,0.263,0.121,1,0,false,0.392,medium
443,2026-06-01T07:52:00Z,OP05,SH-2026-06-01-M06-D,0.266,0.14,0,0,false,0.42,medium
444,2026-06-01T07:53:00Z,OP05,SH-2026-06-01-M06-D,0.275,0.136,0,0,false,0.415,medium
445,2026-06-01T07:54:00Z,OP05,SH-2026-06-01-M06-D,0.256,0.15,0,0,false,0.436,medium
446,2026-06-01T07:55:00Z,OP05,SH-2026-06-01-M06-D,0.318,0.126,0,1,false,0.45,medium
447,2026-06-01T07:56:00Z,OP05,SH-2026-06-01-M06-D,0.286,0.097,0,0,false,0.408,medium
448,2026-06-01T07:57:00Z,OP05,SH-2026-06-01-M06-D,0.256,0.145,0,0,false,0.48,medium
449,2026-06-01T07:58:00Z,OP05,SH-2026-06-01-M06-D,0.275,0.122,0,0,false,0.395,medium
450,2026-06-01T07:59:00Z,OP05,SH-2026-06-01-M06-D,0.27,0.119,0,0,false,0.391,medium
451,2026-06-01T08:00:00Z,OP05,SH-2026-06-01-M06-D,0.273,0.134,0,0,false,0.413,medium
452,2026-06-01T08:01:00Z,OP05,SH-2026-06-01-M06-D,0.29,0.135,1,0,false,0.415,medium
453,2026-06-01T08:02:00Z,OP05,SH-2026-06-01-M06-D,0.255,0.13,0,0,false,0.409,medium
454,2026-06-01T08:03:00Z,OP05,SH-2026-06-01-M06-D,0.288,0.138,0,0,false,0.42,medium
455,2026-06-01T08:04:00Z,OP05,SH-2026-06-01-M06-D,0.279,0.115,0,0,false,0.386,medium
456,2026-06-01T08:05:00Z,OP05,SH-2026-06-01-M06-D,0.276,0.135,0,0,false,0.367,medium
457,2026-06-01T08:06:00Z,OP05,SH-2026-06-01-M06-D,0.278,0.141,0,1,false,0.426,medium
458,2026-06-01T08:07:00Z,OP05,SH-2026-06-01-M06-D,0.27,0.14,0,0,false,0.424,medium
459,2026-06-01T08:08:00Z,OP05,SH-2026-06-01-M06-D,0.285,0.111,0,0,false,0.381,medium
460,2026-06-01T08:09:00Z,OP05,SH-2026-06-01-M06-D,0.288,0.113,0,0,false,0.384,medium
461,2026-06-01T08:10:00Z,OP05,SH-2026-06-01-M06-D,0.271,0.14,0,0,false,0.424,medium
462,2026-06-01T08:11:00Z,OP05,SH-2026-06-01-M06-D,0.274,0.137,0,0,false,0.37,medium
463,2026-06-01T08:12:00Z,OP05,SH-2026-06-01-M06-D,0.281,0.151,1,0,false,0.442,medium
464,2026-06-01T08:13:00Z,OP05,SH-2026-06-01-M06-D,0.291,0.091,0,0,false,0.352,medium
465,2026-06-01T08:14:00Z,OP05,SH-2026-06-01-M06-D,0.272,0.156,0,0,false,0.45,medium
466,2026-06-01T08:15:00Z,OP05,SH-2026-06-01-M06-D,0.289,0.128,1,0,false,0.458,medium
467,2026-06-01T08:16:00Z,OP05,SH-2026-06-01-M06-D,0.27,0.172,0,0,false,0.474,medium
468,2026-06-01T08:17:00Z,OP05,SH-2026-06-01-M06-D,0.268,0.13,0,0,false,0.412,medium
469,2026-06-01T08:18:00Z,OP05,SH-2026-06-01-M06-D,0.28,0.131,0,0,false,0.414,medium
470,2026-06-01T08:19:00Z,OP05,SH-2026-06-01-M06-D,0.287,0.131,0,0,false,0.414,medium
471,2026-06-01T08:20:00Z,OP05,SH-2026-06-01-M06-D,0.265,0.169,1,0,false,0.52,medium
472,2026-06-01T08:21:00Z,OP05,SH-2026-06-01-M06-D,0.251,0.135,0,0,false,0.47,medium
473,2026-06-01T08:22:00Z,OP05,SH-2026-06-01-M06-D,0.279,0.145,0,0,false,0.436,medium
474,2026-06-01T08:23:00Z,OP05,SH-2026-06-01-M06-D,0.276,0.148,0,0,false,0.441,medium
475,2026-06-01T08:24:00Z,OP05,SH-2026-06-01-M06-D,0.284,0.126,0,0,false,0.407,medium
476,2026-06-01T08:25:00Z,OP05,SH-2026-06-01-M06-D,0.256,0.137,0,0,false,0.374,medium
477,2026-06-01T08:26:00Z,OP05,SH-2026-06-01-M06-D,0.288,0.123,0,0,false,0.353,medium
478,2026-06-01T08:27:00Z,OP05,SH-2026-06-01-M06-D,0.277,0.117,0,0,false,0.345,low
479,2026-06-01T08:28:00Z,OP05,SH-2026-06-01-M06-D,0.292,0.12,0,0,false,0.349,low
480,2026-06-01T08:29:00Z,OP05,SH-2026-06-01-M06-D,0.281,0.123,0,0,false,0.355,medium
481,2026-06-01T00:30:00Z,OP06,SH-2026-06-01-M01-D,0.299,0.046,0,0,false,0.069,low
482,2026-06-01T00:31:00Z,OP06,SH-2026-06-01-M01-D,0.321,0.034,0,0,false,0.051,low
483,2026-06-01T00:32:00Z,OP06,SH-2026-06-01-M01-D,0.287,0.044,0,0,false,0.067,low
484,2026-06-01T00:33:00Z,OP06,SH-2026-06-01-M01-D,0.306,0.014,0,0,false,0.021,low
485,2026-06-01T00:34:00Z,OP06,SH-2026-06-01-M01-D,0.313,0.048,0,0,false,0.073,low
486,2026-06-01T00:35:00Z,OP06,SH-2026-06-01-M01-D,0.304,0.03,0,0,false,0.046,low
487,2026-06-01T00:36:00Z,OP06,SH-2026-06-01-M01-D,0.304,0.039,0,0,false,0.06,low
488,2026-06-01T00:37:00Z,OP06,SH-2026-06-01-M01-D,0.299,0.04,0,0,false,0.062,low
489,2026-06-01T00:38:00Z,OP06,SH-2026-06-01-M01-D,0.308,0.015,0,0,false,0.024,low
490,2026-06-01T00:39:00Z,OP06,SH-2026-06-01-M01-D,0.293,0.046,0,0,false,0.071,low
491,2026-06-01T00:40:00Z,OP06,SH-2026-06-01-M01-D,0.289,0.039,0,0,false,0.061,low
492,2026-06-01T00:41:00Z,OP06,SH-2026-06-01-M01-D,0.28,0.065,0,0,false,0.1,low
493,2026-06-01T00:42:00Z,OP06,SH-2026-06-01-M01-D,0.302,0.056,0,0,false,0.087,low
494,2026-06-01T00:43:00Z,OP06,SH-2026-06-01-M01-D,0.303,0.022,0,0,false,0.036,low
495,2026-06-01T00:44:00Z,OP06,SH-2026-06-01-M01-D,0.293,0.07,0,0,false,0.108,low
496,2026-06-01T00:45:00Z,OP06,SH-2026-06-01-M01-D,0.301,0.031,0,0,false,0.05,low
497,2026-06-01T00:46:00Z,OP06,SH-2026-06-01-M01-D,0.295,0.071,0,0,false,0.11,low
498,2026-06-01T00:47:00Z,OP06,SH-2026-06-01-M01-D,0.318,0.054,0,0,false,0.085,low
499,2026-06-01T00:48:00Z,OP06,SH-2026-06-01-M01-D,0.312,0.044,0,0,false,0.07,low
500,2026-06-01T00:49:00Z,OP06,SH-2026-06-01-M01-D,0.288,0.045,1,0,false,0.123,low
501,2026-06-01T00:50:00Z,OP06,SH-2026-06-01-M01-D,0.294,0.067,0,0,false,0.156,low
502,2026-06-01T00:51:00Z,OP06,SH-2026-06-01-M01-D,0.289,0.016,0,0,false,0.08,low
503,2026-06-01T00:52:00Z,OP06,SH-2026-06-01-M01-D,0.301,0.033,0,0,false,0.105,low
504,2026-06-01T00:53:00Z,OP06,SH-2026-06-01-M01-D,0.302,0.067,0,0,false,0.157,low
505,2026-06-01T00:54:00Z,OP06,SH-2026-06-01-M01-D,0.308,0.044,0,0,false,0.122,low
506,2026-06-01T00:55:00Z,OP06,SH-2026-06-01-M01-D,0.284,0.065,0,0,false,0.154,low
507,2026-06-01T00:56:00Z,OP06,SH-2026-06-01-M01-D,0.301,0.03,0,0,false,0.102,low
508,2026-06-01T00:57:00Z,OP06,SH-2026-06-01-M01-D,0.305,0.054,0,0,false,0.138,low
509,2026-06-01T00:58:00Z,OP06,SH-2026-06-01-M01-D,0.307,0.041,0,0,false,0.119,low
510,2026-06-01T00:59:00Z,OP06,SH-2026-06-01-M01-D,0.292,0.062,0,0,false,0.101,low
511,2026-06-01T01:00:00Z,OP06,SH-2026-06-01-M01-D,0.311,0.029,0,0,false,0.051,low
512,2026-06-01T01:01:00Z,OP06,SH-2026-06-01-M01-D,0.277,0.061,0,0,false,0.099,low
513,2026-06-01T01:02:00Z,OP06,SH-2026-06-01-M01-D,0.298,0.052,0,0,false,0.087,low
514,2026-06-01T01:03:00Z,OP06,SH-2026-06-01-M01-D,0.289,0.033,0,0,false,0.058,low
515,2026-06-01T01:04:00Z,OP06,SH-2026-06-01-M01-D,0.298,0.039,0,0,false,0.068,low
516,2026-06-01T01:05:00Z,OP06,SH-2026-06-01-M01-D,0.312,0.047,0,0,false,0.079,low
517,2026-06-01T01:06:00Z,OP06,SH-2026-06-01-M01-D,0.291,0.05,0,0,false,0.084,low
518,2026-06-01T01:07:00Z,OP06,SH-2026-06-01-M01-D,0.295,0.043,0,0,false,0.073,low
519,2026-06-01T01:08:00Z,OP06,SH-2026-06-01-M01-D,0.302,0.058,0,0,false,0.097,low
520,2026-06-01T01:09:00Z,OP06,SH-2026-06-01-M01-D,0.311,0.025,0,0,false,0.048,low
521,2026-06-01T01:10:00Z,OP06,SH-2026-06-01-M01-D,0.292,0.044,0,0,false,0.075,low
522,2026-06-01T01:11:00Z,OP06,SH-2026-06-01-M01-D,0.296,0.075,0,0,false,0.123,low
523,2026-06-01T01:12:00Z,OP06,SH-2026-06-01-M01-D,0.293,0.057,0,0,false,0.096,low
524,2026-06-01T01:13:00Z,OP06,SH-2026-06-01-M01-D,0.307,0.053,0,0,false,0.09,low
525,2026-06-01T01:14:00Z,OP06,SH-2026-06-01-M01-D,0.275,0.056,0,0,false,0.095,low
526,2026-06-01T01:15:00Z,OP06,SH-2026-06-01-M01-D,0.306,0.056,0,0,false,0.095,low
527,2026-06-01T01:16:00Z,OP06,SH-2026-06-01-M01-D,0.312,0.037,1,0,false,0.117,low
528,2026-06-01T01:17:00Z,OP06,SH-2026-06-01-M01-D,0.28,0.04,0,0,false,0.121,low
529,2026-06-01T01:18:00Z,OP06,SH-2026-06-01-M01-D,0.284,0.036,0,0,false,0.116,low
530,2026-06-01T01:19:00Z,OP06,SH-2026-06-01-M01-D,0.3,0.047,0,0,false,0.133,low
531,2026-06-01T01:20:00Z,OP06,SH-2026-06-01-M01-D,0.305,0.057,0,0,false,0.148,low
532,2026-06-01T01:21:00Z,OP06,SH-2026-06-01-M01-D,0.293,0.057,0,0,false,0.148,low
533,2026-06-01T01:22:00Z,OP06,SH-2026-06-01-M01-D,0.271,0.082,0,0,false,0.186,low
534,2026-06-01T01:23:00Z,OP06,SH-2026-06-01-M01-D,0.289,0.039,0,0,false,0.122,low
535,2026-06-01T01:24:00Z,OP06,SH-2026-06-01-M01-D,0.296,0.054,0,0,false,0.145,low
536,2026-06-01T01:25:00Z,OP06,SH-2026-06-01-M01-D,0.294,0.034,0,0,false,0.114,low
537,2026-06-01T01:26:00Z,OP06,SH-2026-06-01-M01-D,0.288,0.085,0,0,false,0.142,low
538,2026-06-01T01:27:00Z,OP06,SH-2026-06-01-M01-D,0.286,0.06,0,0,false,0.104,low
539,2026-06-01T01:28:00Z,OP06,SH-2026-06-01-M01-D,0.282,0.082,0,0,false,0.138,low
540,2026-06-01T01:29:00Z,OP06,SH-2026-06-01-M01-D,0.303,0.033,0,0,false,0.064,low
541,2026-06-01T01:30:00Z,OP06,SH-2026-06-01-M01-D,0.296,0.049,0,0,false,0.088,low
542,2026-06-01T01:31:00Z,OP06,SH-2026-06-01-M01-D,0.307,0.056,0,0,false,0.099,low
543,2026-06-01T01:32:00Z,OP06,SH-2026-06-01-M01-D,0.294,0.038,0,0,false,0.072,low
544,2026-06-01T01:33:00Z,OP06,SH-2026-06-01-M01-D,0.276,0.078,0,0,false,0.133,low
545,2026-06-01T01:34:00Z,OP06,SH-2026-06-01-M01-D,0.282,0.043,0,0,false,0.081,low
546,2026-06-01T01:35:00Z,OP06,SH-2026-06-01-M01-D,0.301,0.05,0,0,false,0.091,low
547,2026-06-01T01:36:00Z,OP06,SH-2026-06-01-M01-D,0.289,0.065,0,0,false,0.114,low
548,2026-06-01T01:37:00Z,OP06,SH-2026-06-01-M01-D,0.291,0.065,0,0,false,0.115,low
549,2026-06-01T01:38:00Z,OP06,SH-2026-06-01-M01-D,0.287,0.051,0,0,false,0.094,low
550,2026-06-01T01:39:00Z,OP06,SH-2026-06-01-M01-D,0.284,0.068,0,0,false,0.12,low
551,2026-06-01T01:40:00Z,OP06,SH-2026-06-01-M01-D,0.31,0.066,0,0,false,0.116,low
552,2026-06-01T01:41:00Z,OP06,SH-2026-06-01-M01-D,0.282,0.064,0,0,false,0.113,low
553,2026-06-01T01:42:00Z,OP06,SH-2026-06-01-M01-D,0.29,0.038,0,0,false,0.075,low
554,2026-06-01T01:43:00Z,OP06,SH-2026-06-01-M01-D,0.276,0.053,0,0,false,0.097,low
555,2026-06-01T01:44:00Z,OP06,SH-2026-06-01-M01-D,0.286,0.065,1,0,false,0.165,low
556,2026-06-01T01:45:00Z,OP06,SH-2026-06-01-M01-D,0.302,0.056,0,0,false,0.153,low
557,2026-06-01T01:46:00Z,OP06,SH-2026-06-01-M01-D,0.285,0.057,0,0,false,0.154,low
558,2026-06-01T01:47:00Z,OP06,SH-2026-06-01-M01-D,0.319,0.05,0,0,false,0.144,low
559,2026-06-01T01:48:00Z,OP06,SH-2026-06-01-M01-D,0.299,0.06,0,0,false,0.159,low
560,2026-06-01T01:49:00Z,OP06,SH-2026-06-01-M01-D,0.287,0.08,0,0,false,0.189,low
561,2026-06-01T01:50:00Z,OP06,SH-2026-06-01-M01-D,0.304,0.019,0,0,false,0.098,low
562,2026-06-01T01:51:00Z,OP06,SH-2026-06-01-M01-D,0.293,0.072,0,0,false,0.179,low
563,2026-06-01T01:52:00Z,OP06,SH-2026-06-01-M01-D,0.294,0.066,0,0,false,0.169,low
564,2026-06-01T01:53:00Z,OP06,SH-2026-06-01-M01-D,0.297,0.062,0,0,false,0.163,low
565,2026-06-01T01:54:00Z,OP06,SH-2026-06-01-M01-D,0.298,0.041,0,0,false,0.082,low
566,2026-06-01T01:55:00Z,OP06,SH-2026-06-01-M01-D,0.302,0.051,0,0,false,0.097,low
567,2026-06-01T01:56:00Z,OP06,SH-2026-06-01-M01-D,0.286,0.046,0,0,false,0.091,low
568,2026-06-01T01:57:00Z,OP06,SH-2026-06-01-M01-D,0.281,0.061,0,0,false,0.113,low
569,2026-06-01T01:58:00Z,OP06,SH-2026-06-01-M01-D,0.305,0.038,0,0,false,0.078,low
570,2026-06-01T01:59:00Z,OP06,SH-2026-06-01-M01-D,0.296,0.056,0,0,false,0.107,low
571,2026-06-01T02:00:00Z,OP06,SH-2026-06-01-M01-D,0.28,0.049,0,0,false,0.096,low
572,2026-06-01T02:01:00Z,OP06,SH-2026-06-01-M01-D,0.283,0.044,0,0,false,0.088,low
573,2026-06-01T02:02:00Z,OP06,SH-2026-06-01-M01-D,0.292,0.064,0,0,false,0.12,low
574,2026-06-01T02:03:00Z,OP06,SH-2026-06-01-M01-D,0.298,0.051,0,0,false,0.099,low
575,2026-06-01T02:04:00Z,OP06,SH-2026-06-01-M01-D,0.296,0.048,0,0,false,0.095,low
576,2026-06-01T02:05:00Z,OP06,SH-2026-06-01-M01-D,0.3,0.058,0,0,false,0.111,low
577,2026-06-01T02:06:00Z,OP06,SH-2026-06-01-M01-D,0.3,0.048,0,0,false,0.096,low
578,2026-06-01T02:07:00Z,OP06,SH-2026-06-01-M01-D,0.294,0.078,0,0,false,0.141,low
579,2026-06-01T02:08:00Z,OP06,SH-2026-06-01-M01-D,0.294,0.085,0,0,false,0.152,low
580,2026-06-01T02:09:00Z,OP06,SH-2026-06-01-M01-D,0.305,0.077,0,0,false,0.141,low
581,2026-06-01T02:10:00Z,OP06,SH-2026-06-01-M01-D,0.29,0.088,0,0,false,0.157,low
582,2026-06-01T02:11:00Z,OP06,SH-2026-06-01-M01-D,0.302,0.039,0,0,false,0.083,low
583,2026-06-01T02:12:00Z,OP06,SH-2026-06-01-M01-D,0.303,0.065,0,0,false,0.123,low
584,2026-06-01T02:13:00Z,OP06,SH-2026-06-01-M01-D,0.304,0.039,0,0,false,0.085,low
585,2026-06-01T02:14:00Z,OP06,SH-2026-06-01-M01-D,0.311,0.054,0,0,false,0.106,low
586,2026-06-01T02:15:00Z,OP06,SH-2026-06-01-M01-D,0.291,0.08,0,0,false,0.146,low
587,2026-06-01T02:16:00Z,OP06,SH-2026-06-01-M01-D,0.311,0.04,0,0,false,0.086,low
588,2026-06-01T02:17:00Z,OP06,SH-2026-06-01-M01-D,0.284,0.078,0,0,false,0.143,low
589,2026-06-01T02:18:00Z,OP06,SH-2026-06-01-M01-D,0.297,0.069,0,0,false,0.13,low
590,2026-06-01T02:19:00Z,OP06,SH-2026-06-01-M01-D,0.304,0.04,0,0,false,0.087,low
591,2026-06-01T02:20:00Z,OP06,SH-2026-06-01-M01-D,0.299,0.064,0,0,false,0.123,low
592,2026-06-01T02:21:00Z,OP06,SH-2026-06-01-M01-D,0.282,0.059,0,0,false,0.117,low
593,2026-06-01T02:22:00Z,OP06,SH-2026-06-01-M01-D,0.301,0.062,0,0,false,0.121,low
594,2026-06-01T02:23:00Z,OP06,SH-2026-06-01-M01-D,0.283,0.066,0,0,false,0.127,low
595,2026-06-01T02:24:00Z,OP06,SH-2026-06-01-M01-D,0.29,0.061,0,0,false,0.121,low
596,2026-06-01T02:25:00Z,OP06,SH-2026-06-01-M01-D,0.294,0.051,0,0,false,0.106,low
597,2026-06-01T02:26:00Z,OP06,SH-2026-06-01-M01-D,0.3,0.056,0,0,false,0.112,low
598,2026-06-01T02:27:00Z,OP06,SH-2026-06-01-M01-D,0.284,0.071,0,0,false,0.136,low
599,2026-06-01T02:28:00Z,OP06,SH-2026-06-01-M01-D,0.305,0.072,1,0,false,0.188,low
600,2026-06-01T02:29:00Z,OP06,SH-2026-06-01-M01-D,0.311,0.06,0,0,false,0.17,low
601,2026-06-01T02:30:00Z,OP06,SH-2026-06-01-M01-D,0.295,0.053,0,0,false,0.159,low
602,2026-06-01T02:31:00Z,OP06,SH-2026-06-01-M01-D,0.276,0.091,0,0,false,0.217,low
603,2026-06-01T02:32:00Z,OP06,SH-2026-06-01-M01-D,0.29,0.074,0,0,false,0.192,low
604,2026-06-01T02:33:00Z,OP06,SH-2026-06-01-M01-D,0.298,0.055,0,0,false,0.163,low
605,2026-06-01T02:34:00Z,OP06,SH-2026-06-01-M01-D,0.306,0.055,0,0,false,0.163,low
606,2026-06-01T02:35:00Z,OP06,SH-2026-06-01-M01-D,0.305,0.041,0,0,false,0.142,low
607,2026-06-01T02:36:00Z,OP06,SH-2026-06-01-M01-D,0.287,0.044,0,0,false,0.147,low
608,2026-06-01T02:37:00Z,OP06,SH-2026-06-01-M01-D,0.31,0.058,0,0,false,0.169,low
609,2026-06-01T02:38:00Z,OP06,SH-2026-06-01-M01-D,0.299,0.079,0,0,false,0.151,low
610,2026-06-01T02:39:00Z,OP06,SH-2026-06-01-M01-D,0.292,0.068,0,0,false,0.134,low
611,2026-06-01T02:40:00Z,OP06,SH-2026-06-01-M01-D,0.297,0.054,0,0,false,0.114,low
612,2026-06-01T02:41:00Z,OP06,SH-2026-06-01-M01-D,0.305,0.062,0,0,false,0.126,low
613,2026-06-01T02:42:00Z,OP06,SH-2026-06-01-M01-D,0.3,0.064,0,0,false,0.129,low
614,2026-06-01T02:43:00Z,OP06,SH-2026-06-01-M01-D,0.298,0.057,0,0,false,0.118,low
615,2026-06-01T02:44:00Z,OP06,SH-2026-06-01-M01-D,0.298,0.049,0,0,false,0.106,low
616,2026-06-01T02:45:00Z,OP06,SH-2026-06-01-M01-D,0.299,0.078,0,0,false,0.15,low
617,2026-06-01T02:46:00Z,OP06,SH-2026-06-01-M01-D,0.306,0.072,0,0,false,0.142,low
618,2026-06-01T02:47:00Z,OP06,SH-2026-06-01-M01-D,0.298,0.052,0,0,false,0.112,low
619,2026-06-01T02:48:00Z,OP06,SH-2026-06-01-M01-D,0.283,0.05,0,0,false,0.11,low
620,2026-06-01T02:49:00Z,OP06,SH-2026-06-01-M01-D,0.283,0.036,0,0,false,0.089,low
621,2026-06-01T02:50:00Z,OP06,SH-2026-06-01-M01-D,0.292,0.07,0,0,false,0.139,low
622,2026-06-01T02:51:00Z,OP06,SH-2026-06-01-M01-D,0.289,0.064,0,0,false,0.131,low
623,2026-06-01T02:52:00Z,OP06,SH-2026-06-01-M01-D,0.284,0.083,0,0,false,0.16,low
624,2026-06-01T02:53:00Z,OP06,SH-2026-06-01-M01-D,0.301,0.042,0,0,false,0.099,low
625,2026-06-01T02:54:00Z,OP06,SH-2026-06-01-M01-D,0.297,0.086,0,0,false,0.165,low
626,2026-06-01T02:55:00Z,OP06,SH-2026-06-01-M01-D,0.302,0.102,0,0,false,0.189,low
627,2026-06-01T02:56:00Z,OP06,SH-2026-06-01-M01-D,0.29,0.076,0,0,false,0.151,low
628,2026-06-01T02:57:00Z,OP06,SH-2026-06-01-M01-D,0.292,0.077,0,0,false,0.152,low
629,2026-06-01T02:58:00Z,OP06,SH-2026-06-01-M01-D,0.284,0.072,0,0,false,0.145,low
630,2026-06-01T02:59:00Z,OP06,SH-2026-06-01-M01-D,0.288,0.09,0,0,false,0.173,low
631,2026-06-01T03:00:00Z,OP06,SH-2026-06-01-M01-D,0.289,0.089,0,0,false,0.171,low
632,2026-06-01T03:01:00Z,OP06,SH-2026-06-01-M01-D,0.305,0.043,0,0,false,0.103,low
633,2026-06-01T03:02:00Z,OP06,SH-2026-06-01-M01-D,0.273,0.096,0,0,false,0.182,low
634,2026-06-01T03:03:00Z,OP06,SH-2026-06-01-M01-D,0.307,0.069,0,0,false,0.142,low
635,2026-06-01T03:04:00Z,OP06,SH-2026-06-01-M01-D,0.283,0.064,0,0,false,0.135,low
636,2026-06-01T03:05:00Z,OP06,SH-2026-06-01-M01-D,0.304,0.081,0,0,false,0.16,low
637,2026-06-01T03:06:00Z,OP06,SH-2026-06-01-M01-D,0.304,0.049,0,0,false,0.112,low
638,2026-06-01T03:07:00Z,OP06,SH-2026-06-01-M01-D,0.306,0.06,0,0,false,0.13,low
639,2026-06-01T03:08:00Z,OP06,SH-2026-06-01-M01-D,0.308,0.041,0,0,false,0.102,low
640,2026-06-01T03:09:00Z,OP06,SH-2026-06-01-M01-D,0.299,0.075,0,0,false,0.152,low
641,2026-06-01T03:10:00Z,OP06,SH-2026-06-01-M01-D,0.302,0.06,0,0,false,0.131,low
642,2026-06-01T03:11:00Z,OP06,SH-2026-06-01-M01-D,0.28,0.105,0,0,false,0.198,low
643,2026-06-01T03:12:00Z,OP06,SH-2026-06-01-M01-D,0.272,0.078,0,0,false,0.158,low
644,2026-06-01T03:13:00Z,OP06,SH-2026-06-01-M01-D,0.292,0.056,0,0,false,0.125,low
645,2026-06-01T03:14:00Z,OP06,SH-2026-06-01-M01-D,0.271,0.114,0,0,false,0.211,low
646,2026-06-01T03:15:00Z,OP06,SH-2026-06-01-M01-D,0.287,0.075,0,0,false,0.154,low
647,2026-06-01T03:16:00Z,OP06,SH-2026-06-01-M01-D,0.281,0.09,0,0,false,0.176,low
648,2026-06-01T03:17:00Z,OP06,SH-2026-06-01-M01-D,0.292,0.064,0,0,false,0.137,low
649,2026-06-01T03:18:00Z,OP06,SH-2026-06-01-M01-D,0.306,0.087,0,0,false,0.173,low
650,2026-06-01T03:19:00Z,OP06,SH-2026-06-01-M01-D,0.281,0.078,0,0,false,0.159,low
651,2026-06-01T03:20:00Z,OP06,SH-2026-06-01-M01-D,0.28,0.056,0,0,false,0.126,low
652,2026-06-01T03:21:00Z,OP06,SH-2026-06-01-M01-D,0.309,0.062,0,0,false,0.136,low
653,2026-06-01T03:22:00Z,OP06,SH-2026-06-01-M01-D,0.29,0.07,0,0,false,0.148,low
654,2026-06-01T03:23:00Z,OP06,SH-2026-06-01-M01-D,0.294,0.067,0,0,false,0.144,low
655,2026-06-01T03:24:00Z,OP06,SH-2026-06-01-M01-D,0.298,0.053,0,0,false,0.123,low
656,2026-06-01T03:25:00Z,OP06,SH-2026-06-01-M01-D,0.291,0.075,0,0,false,0.156,low
657,2026-06-01T03:26:00Z,OP06,SH-2026-06-01-M01-D,0.297,0.036,0,0,false,0.098,low
658,2026-06-01T03:27:00Z,OP06,SH-2026-06-01-M01-D,0.291,0.087,0,1,false,0.225,low
659,2026-06-01T03:28:00Z,OP06,SH-2026-06-01-M01-D,0.289,0.097,0,0,false,0.24,low
660,2026-06-01T03:29:00Z,OP06,SH-2026-06-01-M01-D,0.289,0.054,0,0,false,0.176,low
661,2026-06-01T03:30:00Z,OP06,SH-2026-06-01-M01-D,0.293,0.068,0,0,false,0.197,low
662,2026-06-01T03:31:00Z,OP06,SH-2026-06-01-M01-D,0.29,0.081,0,0,false,0.216,low
663,2026-06-01T03:32:00Z,OP06,SH-2026-06-01-M01-D,0.284,0.068,0,0,false,0.197,low
664,2026-06-01T03:33:00Z,OP06,SH-2026-06-01-M01-D,0.301,0.07,0,0,false,0.2,low
665,2026-06-01T03:34:00Z,OP06,SH-2026-06-01-M01-D,0.306,0.097,1,0,false,0.291,low
666,2026-06-01T03:35:00Z,OP06,SH-2026-06-01-M01-D,0.279,0.067,0,0,false,0.246,low
667,2026-06-01T03:36:00Z,OP06,SH-2026-06-01-M01-D,0.283,0.088,0,0,false,0.278,low
668,2026-06-01T03:37:00Z,OP06,SH-2026-06-01-M01-D,0.293,0.064,0,0,false,0.193,low
669,2026-06-01T03:38:00Z,OP06,SH-2026-06-01-M01-D,0.286,0.061,0,0,false,0.189,low
670,2026-06-01T03:39:00Z,OP06,SH-2026-06-01-M01-D,0.281,0.074,0,0,false,0.208,low
671,2026-06-01T03:40:00Z,OP06,SH-2026-06-01-M01-D,0.286,0.087,0,0,false,0.229,low
672,2026-06-01T03:41:00Z,OP06,SH-2026-06-01-M01-D,0.293,0.056,0,0,false,0.181,low
673,2026-06-01T03:42:00Z,OP06,SH-2026-06-01-M01-D,0.278,0.075,0,0,false,0.21,low
674,2026-06-01T03:43:00Z,OP06,SH-2026-06-01-M01-D,0.286,0.089,0,0,false,0.232,low
675,2026-06-01T03:44:00Z,OP06,SH-2026-06-01-M01-D,0.315,0.063,0,0,false,0.144,low
676,2026-06-01T03:45:00Z,OP06,SH-2026-06-01-M01-D,0.314,0.058,0,0,false,0.136,low
677,2026-06-01T03:46:00Z,OP06,SH-2026-06-01-M01-D,0.28,0.107,0,0,false,0.209,low
678,2026-06-01T03:47:00Z,OP06,SH-2026-06-01-M01-D,0.293,0.065,0,0,false,0.147,low
679,2026-06-01T03:48:00Z,OP06,SH-2026-06-01-M01-D,0.272,0.094,0,0,false,0.19,low
680,2026-06-01T03:49:00Z,OP06,SH-2026-06-01-M01-D,0.287,0.083,0,0,false,0.174,low
681,2026-06-01T03:50:00Z,OP06,SH-2026-06-01-M01-D,0.283,0.102,0,0,false,0.203,low
682,2026-06-01T03:51:00Z,OP06,SH-2026-06-01-M01-D,0.293,0.095,0,0,false,0.193,low
683,2026-06-01T03:52:00Z,OP06,SH-2026-06-01-M01-D,0.278,0.1,0,0,false,0.201,low
684,2026-06-01T03:53:00Z,OP06,SH-2026-06-01-M01-D,0.311,0.054,0,0,false,0.132,low
685,2026-06-01T03:54:00Z,OP06,SH-2026-06-01-M01-D,0.282,0.094,0,0,false,0.193,low
686,2026-06-01T03:55:00Z,OP06,SH-2026-06-01-M01-D,0.287,0.081,0,0,false,0.172,low
687,2026-06-01T03:56:00Z,OP06,SH-2026-06-01-M01-D,0.3,0.086,0,0,false,0.18,low
688,2026-06-01T03:57:00Z,OP06,SH-2026-06-01-M01-D,0.286,0.074,0,0,false,0.163,low
689,2026-06-01T03:58:00Z,OP06,SH-2026-06-01-M01-D,0.279,0.085,0,0,false,0.179,low
690,2026-06-01T03:59:00Z,OP06,SH-2026-06-01-M01-D,0.283,0.074,0,0,false,0.163,low
691,2026-06-01T04:00:00Z,OP06,SH-2026-06-01-M01-D,0.28,0.104,0,0,false,0.208,low
692,2026-06-01T04:01:00Z,OP06,SH-2026-06-01-M01-D,0.28,0.091,0,0,false,0.189,low
693,2026-06-01T04:02:00Z,OP06,SH-2026-06-01-M01-D,0.286,0.079,0,0,false,0.171,low
694,2026-06-01T04:03:00Z,OP06,SH-2026-06-01-M01-D,0.288,0.071,0,0,false,0.159,low
695,2026-06-01T04:04:00Z,OP06,SH-2026-06-01-M01-D,0.292,0.088,0,0,false,0.186,low
696,2026-06-01T04:05:00Z,OP06,SH-2026-06-01-M01-D,0.27,0.098,0,0,false,0.201,low
697,2026-06-01T04:06:00Z,OP06,SH-2026-06-01-M01-D,0.27,0.112,0,0,false,0.221,low
698,2026-06-01T04:07:00Z,OP06,SH-2026-06-01-M01-D,0.288,0.075,0,0,false,0.167,low
699,2026-06-01T04:08:00Z,OP06,SH-2026-06-01-M01-D,0.292,0.081,0,0,false,0.176,low
700,2026-06-01T04:09:00Z,OP06,SH-2026-06-01-M01-D,0.299,0.085,0,0,false,0.182,low
701,2026-06-01T04:10:00Z,OP06,SH-2026-06-01-M01-D,0.277,0.086,0,0,false,0.183,low
702,2026-06-01T04:11:00Z,OP06,SH-2026-06-01-M01-D,0.278,0.061,0,0,false,0.147,low
703,2026-06-01T04:12:00Z,OP06,SH-2026-06-01-M01-D,0.282,0.081,0,0,false,0.177,low
704,2026-06-01T04:13:00Z,OP06,SH-2026-06-01-M01-D,0.291,0.1,0,0,false,0.206,low
705,2026-06-01T04:14:00Z,OP06,SH-2026-06-01-M01-D,0.292,0.077,0,0,false,0.171,low
706,2026-06-01T04:15:00Z,OP06,SH-2026-06-01-M01-D,0.253,0.094,0,0,false,0.198,low
707,2026-06-01T04:16:00Z,OP06,SH-2026-06-01-M01-D,0.29,0.094,0,0,false,0.197,low
708,2026-06-01T04:17:00Z,OP06,SH-2026-06-01-M01-D,0.289,0.075,0,0,false,0.17,low
709,2026-06-01T04:18:00Z,OP06,SH-2026-06-01-M01-D,0.3,0.067,0,0,false,0.157,low
710,2026-06-01T04:19:00Z,OP06,SH-2026-06-01-M01-D,0.29,0.104,0,0,false,0.213,low
711,2026-06-01T04:20:00Z,OP06,SH-2026-06-01-M01-D,0.276,0.106,0,0,false,0.216,low
712,2026-06-01T04:21:00Z,OP06,SH-2026-06-01-M01-D,0.297,0.08,0,0,false,0.178,low
713,2026-06-01T04:22:00Z,OP06,SH-2026-06-01-M01-D,0.302,0.088,0,0,false,0.19,low
714,2026-06-01T04:23:00Z,OP06,SH-2026-06-01-M01-D,0.292,0.098,0,1,false,0.255,low
715,2026-06-01T04:24:00Z,OP06,SH-2026-06-01-M01-D,0.288,0.134,0,1,false,0.359,medium
716,2026-06-01T04:25:00Z,OP06,SH-2026-06-01-M01-D,0.304,0.078,0,0,false,0.275,low
717,2026-06-01T04:26:00Z,OP06,SH-2026-06-01-M01-D,0.297,0.088,0,0,false,0.292,low
718,2026-06-01T04:27:00Z,OP06,SH-2026-06-01-M01-D,0.291,0.094,0,0,false,0.3,low
719,2026-06-01T04:28:00Z,OP06,SH-2026-06-01-M01-D,0.297,0.088,0,0,false,0.291,low
720,2026-06-01T04:29:00Z,OP06,SH-2026-06-01-M01-D,0.302,0.098,0,0,false,0.306,low
721,2026-06-01T04:30:00Z,OP06,SH-2026-06-01-M01-D,0.282,0.107,0,0,false,0.321,low
722,2026-06-01T04:31:00Z,OP06,SH-2026-06-01-M01-D,0.287,0.102,0,0,false,0.314,low
723,2026-06-01T04:32:00Z,OP06,SH-2026-06-01-M01-D,0.284,0.084,0,0,false,0.287,low
724,2026-06-01T04:33:00Z,OP06,SH-2026-06-01-M01-D,0.28,0.095,0,0,false,0.254,low
725,2026-06-01T04:34:00Z,OP06,SH-2026-06-01-M01-D,0.298,0.077,0,0,false,0.177,low
726,2026-06-01T04:35:00Z,OP06,SH-2026-06-01-M01-D,0.299,0.071,0,0,false,0.168,low
727,2026-06-01T04:36:00Z,OP06,SH-2026-06-01-M01-D,0.308,0.102,0,0,false,0.214,low
728,2026-06-01T04:37:00Z,OP06,SH-2026-06-01-M01-D,0.29,0.081,0,0,false,0.183,low
729,2026-06-01T04:38:00Z,OP06,SH-2026-06-01-M01-D,0.302,0.083,0,0,false,0.186,low
730,2026-06-01T04:39:00Z,OP06,SH-2026-06-01-M01-D,0.286,0.103,0,0,false,0.217,low
731,2026-06-01T04:40:00Z,OP06,SH-2026-06-01-M01-D,0.289,0.11,0,0,false,0.228,low
732,2026-06-01T04:41:00Z,OP06,SH-2026-06-01-M01-D,0.288,0.097,0,0,false,0.208,low
733,2026-06-01T04:42:00Z,OP06,SH-2026-06-01-M01-D,0.269,0.092,0,0,false,0.201,low
734,2026-06-01T04:43:00Z,OP06,SH-2026-06-01-M01-D,0.276,0.109,0,0,false,0.227,low
735,2026-06-01T04:44:00Z,OP06,SH-2026-06-01-M01-D,0.292,0.078,0,0,false,0.18,low
736,2026-06-01T04:45:00Z,OP06,SH-2026-06-01-M01-D,0.295,0.085,0,0,false,0.192,low
737,2026-06-01T04:46:00Z,OP06,SH-2026-06-01-M01-D,0.3,0.111,0,0,false,0.231,low
738,2026-06-01T04:47:00Z,OP06,SH-2026-06-01-M01-D,0.284,0.069,0,0,false,0.168,low
739,2026-06-01T04:48:00Z,OP06,SH-2026-06-01-M01-D,0.279,0.107,0,0,false,0.225,low
740,2026-06-01T04:49:00Z,OP06,SH-2026-06-01-M01-D,0.277,0.109,0,0,false,0.229,low
741,2026-06-01T04:50:00Z,OP06,SH-2026-06-01-M01-D,0.29,0.092,0,0,false,0.204,low
742,2026-06-01T04:51:00Z,OP06,SH-2026-06-01-M01-D,0.305,0.09,0,0,false,0.201,low
743,2026-06-01T04:52:00Z,OP06,SH-2026-06-01-M01-D,0.28,0.098,0,0,false,0.212,low
744,2026-06-01T04:53:00Z,OP06,SH-2026-06-01-M01-D,0.292,0.105,0,0,false,0.224,low
745,2026-06-01T04:54:00Z,OP06,SH-2026-06-01-M01-D,0.295,0.108,0,0,false,0.228,low
746,2026-06-01T04:55:00Z,OP06,SH-2026-06-01-M01-D,0.287,0.099,0,0,false,0.215,low
747,2026-06-01T04:56:00Z,OP06,SH-2026-06-01-M01-D,0.256,0.087,0,0,false,0.197,low
748,2026-06-01T04:57:00Z,OP06,SH-2026-06-01-M01-D,0.296,0.086,0,0,false,0.196,low
749,2026-06-01T04:58:00Z,OP06,SH-2026-06-01-M01-D,0.298,0.075,0,0,false,0.18,low
750,2026-06-01T04:59:00Z,OP06,SH-2026-06-01-M01-D,0.293,0.077,0,0,false,0.182,low
751,2026-06-01T05:00:00Z,OP06,SH-2026-06-01-M01-D,0.282,0.104,0,0,false,0.224,low
752,2026-06-01T05:01:00Z,OP06,SH-2026-06-01-M01-D,0.276,0.119,0,0,false,0.247,low
753,2026-06-01T05:02:00Z,OP06,SH-2026-06-01-M01-D,0.266,0.115,0,0,false,0.241,low
754,2026-06-01T05:03:00Z,OP06,SH-2026-06-01-M01-D,0.296,0.108,0,0,false,0.231,low
755,2026-06-01T05:04:00Z,OP06,SH-2026-06-01-M01-D,0.3,0.074,1,0,false,0.229,low
756,2026-06-01T05:05:00Z,OP06,SH-2026-06-01-M01-D,0.277,0.101,0,0,false,0.27,low
757,2026-06-01T05:06:00Z,OP06,SH-2026-06-01-M01-D,0.273,0.104,0,0,false,0.275,low
758,2026-06-01T05:07:00Z,OP06,SH-2026-06-01-M01-D,0.284,0.094,0,0,false,0.26,low
759,2026-06-01T05:08:00Z,OP06,SH-2026-06-01-M01-D,0.283,0.096,0,0,false,0.264,low
760,2026-06-01T05:09:00Z,OP06,SH-2026-06-01-M01-D,0.271,0.104,0,0,false,0.276,low
761,2026-06-01T05:10:00Z,OP06,SH-2026-06-01-M01-D,0.282,0.101,0,0,false,0.272,low
762,2026-06-01T05:11:00Z,OP06,SH-2026-06-01-M01-D,0.288,0.09,0,0,false,0.255,low
763,2026-06-01T05:12:00Z,OP06,SH-2026-06-01-M01-D,0.28,0.115,0,0,false,0.293,low
764,2026-06-01T05:13:00Z,OP06,SH-2026-06-01-M01-D,0.299,0.113,0,0,false,0.29,low
765,2026-06-01T05:14:00Z,OP06,SH-2026-06-01-M01-D,0.284,0.093,0,0,false,0.211,low
766,2026-06-01T05:15:00Z,OP06,SH-2026-06-01-M01-D,0.28,0.068,0,0,false,0.174,low
767,2026-06-01T05:16:00Z,OP06,SH-2026-06-01-M01-D,0.306,0.087,0,0,false,0.202,low
768,2026-06-01T05:17:00Z,OP06,SH-2026-06-01-M01-D,0.274,0.102,0,0,false,0.224,low
769,2026-06-01T05:18:00Z,OP06,SH-2026-06-01-M01-D,0.284,0.091,0,0,false,0.208,low
770,2026-06-01T05:19:00Z,OP06,SH-2026-06-01-M01-D,0.283,0.065,0,0,false,0.17,low
771,2026-06-01T05:20:00Z,OP06,SH-2026-06-01-M01-D,0.29,0.093,0,0,false,0.212,low
772,2026-06-01T05:21:00Z,OP06,SH-2026-06-01-M01-D,0.255,0.095,0,0,false,0.215,low
773,2026-06-01T05:22:00Z,OP06,SH-2026-06-01-M01-D,0.295,0.08,0,0,false,0.193,low
774,2026-06-01T05:23:00Z,OP06,SH-2026-06-01-M01-D,0.263,0.142,0,0,false,0.286,low
775,2026-06-01T05:24:00Z,OP06,SH-2026-06-01-M01-D,0.28,0.101,0,0,false,0.224,low
776,2026-06-01T05:25:00Z,OP06,SH-2026-06-01-M01-D,0.284,0.122,0,0,false,0.257,low
777,2026-06-01T05:26:00Z,OP06,SH-2026-06-01-M01-D,0.272,0.11,0,0,false,0.239,low
778,2026-06-01T05:27:00Z,OP06,SH-2026-06-01-M01-D,0.302,0.045,0,0,false,0.142,low
779,2026-06-01T05:28:00Z,OP06,SH-2026-06-01-M01-D,0.284,0.088,0,0,false,0.207,low
780,2026-06-01T05:29:00Z,OP06,SH-2026-06-01-M01-D,0.28,0.109,0,0,false,0.239,low
781,2026-06-01T05:30:00Z,OP06,SH-2026-06-01-M01-D,0.286,0.098,0,0,false,0.222,low
782,2026-06-01T05:31:00Z,OP06,SH-2026-06-01-M01-D,0.281,0.131,0,0,false,0.271,low
783,2026-06-01T05:32:00Z,OP06,SH-2026-06-01-M01-D,0.291,0.086,0,0,false,0.205,low
784,2026-06-01T05:33:00Z,OP06,SH-2026-06-01-M01-D,0.291,0.08,0,0,false,0.196,low
785,2026-06-01T05:34:00Z,OP06,SH-2026-06-01-M01-D,0.284,0.116,0,0,false,0.251,low
786,2026-06-01T05:35:00Z,OP06,SH-2026-06-01-M01-D,0.29,0.089,0,0,false,0.209,low
787,2026-06-01T05:36:00Z,OP06,SH-2026-06-01-M01-D,0.284,0.103,0,0,false,0.231,low
788,2026-06-01T05:37:00Z,OP06,SH-2026-06-01-M01-D,0.289,0.114,0,0,false,0.248,low
789,2026-06-01T05:38:00Z,OP06,SH-2026-06-01-M01-D,0.267,0.113,0,0,false,0.247,low
790,2026-06-01T05:39:00Z,OP06,SH-2026-06-01-M01-D,0.282,0.113,0,0,false,0.247,low
791,2026-06-01T05:40:00Z,OP06,SH-2026-06-01-M01-D,0.279,0.087,0,0,false,0.208,low
792,2026-06-01T05:41:00Z,OP06,SH-2026-06-01-M01-D,0.278,0.119,0,0,false,0.257,low
793,2026-06-01T05:42:00Z,OP06,SH-2026-06-01-M01-D,0.284,0.096,0,0,false,0.223,low
794,2026-06-01T05:43:00Z,OP06,SH-2026-06-01-M01-D,0.272,0.114,0,0,false,0.25,low
795,2026-06-01T05:44:00Z,OP06,SH-2026-06-01-M01-D,0.27,0.129,0,0,false,0.272,low
796,2026-06-01T05:45:00Z,OP06,SH-2026-06-01-M01-D,0.281,0.106,0,0,false,0.237,low
797,2026-06-01T05:46:00Z,OP06,SH-2026-06-01-M01-D,0.315,0.075,0,0,false,0.191,low
798,2026-06-01T05:47:00Z,OP06,SH-2026-06-01-M01-D,0.277,0.107,0,0,false,0.24,low
799,2026-06-01T05:48:00Z,OP06,SH-2026-06-01-M01-D,0.271,0.128,0,0,false,0.272,low
800,2026-06-01T05:49:00Z,OP06,SH-2026-06-01-M01-D,0.28,0.086,0,0,false,0.208,low
801,2026-06-01T05:50:00Z,OP06,SH-2026-06-01-M01-D,0.294,0.081,0,0,false,0.202,low
802,2026-06-01T05:51:00Z,OP06,SH-2026-06-01-M01-D,0.28,0.119,0,0,false,0.259,low
803,2026-06-01T05:52:00Z,OP06,SH-2026-06-01-M01-D,0.283,0.097,0,0,false,0.226,low
804,2026-06-01T05:53:00Z,OP06,SH-2026-06-01-M01-D,0.278,0.114,0,0,false,0.251,low
805,2026-06-01T05:54:00Z,OP06,SH-2026-06-01-M01-D,0.279,0.099,0,1,false,0.28,low
806,2026-06-01T05:55:00Z,OP06,SH-2026-06-01-M01-D,0.276,0.101,0,0,false,0.283,low
807,2026-06-01T05:56:00Z,OP06,SH-2026-06-01-M01-D,0.292,0.094,0,0,false,0.273,low
808,2026-06-01T05:57:00Z,OP06,SH-2026-06-01-M01-D,0.284,0.126,0,0,false,0.321,low
809,2026-06-01T05:58:00Z,OP06,SH-2026-06-01-M01-D,0.256,0.125,0,0,false,0.32,low
810,2026-06-01T05:59:00Z,OP06,SH-2026-06-01-M01-D,0.294,0.114,0,0,false,0.303,low
811,2026-06-01T06:00:00Z,OP06,SH-2026-06-01-M01-D,0.294,0.105,0,0,false,0.289,low
812,2026-06-01T06:01:00Z,OP06,SH-2026-06-01-M01-D,0.287,0.123,0,0,false,0.318,low
813,2026-06-01T06:02:00Z,OP06,SH-2026-06-01-M01-D,0.296,0.116,0,0,false,0.308,low
814,2026-06-01T06:03:00Z,OP06,SH-2026-06-01-M01-D,0.281,0.106,0,0,false,0.292,low
815,2026-06-01T06:04:00Z,OP06,SH-2026-06-01-M01-D,0.289,0.119,1,0,false,0.313,low
816,2026-06-01T06:05:00Z,OP06,SH-2026-06-01-M01-D,0.284,0.127,0,0,false,0.324,low
817,2026-06-01T12:30:00Z,OP07,SH-2026-06-01-M01-N,0.286,0.083,0,0,false,0.225,low
818,2026-06-01T12:31:00Z,OP07,SH-2026-06-01-M01-N,0.289,0.103,0,0,false,0.255,low
819,2026-06-01T12:32:00Z,OP07,SH-2026-06-01-M01-N,0.284,0.098,0,0,false,0.248,low
820,2026-06-01T12:33:00Z,OP07,SH-2026-06-01-M01-N,0.278,0.09,0,0,false,0.236,low
821,2026-06-01T12:34:00Z,OP07,SH-2026-06-01-M01-N,0.269,0.078,0,0,false,0.218,low
822,2026-06-01T12:35:00Z,OP07,SH-2026-06-01-M01-N,0.276,0.102,0,0,false,0.254,low
823,2026-06-01T12:36:00Z,OP07,SH-2026-06-01-M01-N,0.298,0.096,0,0,false,0.245,low
824,2026-06-01T12:37:00Z,OP07,SH-2026-06-01-M01-N,0.285,0.076,0,0,false,0.216,low
825,2026-06-01T12:38:00Z,OP07,SH-2026-06-01-M01-N,0.291,0.085,0,0,false,0.23,low
826,2026-06-01T12:39:00Z,OP07,SH-2026-06-01-M01-N,0.298,0.064,0,0,false,0.198,low
827,2026-06-01T12:40:00Z,OP07,SH-2026-06-01-M01-N,0.277,0.088,0,0,false,0.234,low
828,2026-06-01T12:41:00Z,OP07,SH-2026-06-01-M01-N,0.281,0.075,0,0,false,0.215,low
829,2026-06-01T12:42:00Z,OP07,SH-2026-06-01-M01-N,0.298,0.072,0,0,false,0.211,low
830,2026-06-01T12:43:00Z,OP07,SH-2026-06-01-M01-N,0.298,0.069,0,0,false,0.207,low
831,2026-06-01T12:44:00Z,OP07,SH-2026-06-01-M01-N,0.272,0.091,0,0,false,0.241,low
832,2026-06-01T12:45:00Z,OP07,SH-2026-06-01-M01-N,0.285,0.098,0,0,false,0.251,low
833,2026-06-01T12:46:00Z,OP07,SH-2026-06-01-M01-N,0.273,0.07,0,0,false,0.208,low
834,2026-06-01T12:47:00Z,OP07,SH-2026-06-01-M01-N,0.269,0.091,0,0,false,0.241,low
835,2026-06-01T12:48:00Z,OP07,SH-2026-06-01-M01-N,0.283,0.078,0,0,false,0.222,low
836,2026-06-01T12:49:00Z,OP07,SH-2026-06-01-M01-N,0.287,0.071,0,0,false,0.211,low
837,2026-06-01T12:50:00Z,OP07,SH-2026-06-01-M01-N,0.285,0.111,0,0,false,0.271,low
838,2026-06-01T12:51:00Z,OP07,SH-2026-06-01-M01-N,0.286,0.084,0,0,false,0.231,low
839,2026-06-01T12:52:00Z,OP07,SH-2026-06-01-M01-N,0.295,0.092,0,0,false,0.243,low
840,2026-06-01T12:53:00Z,OP07,SH-2026-06-01-M01-N,0.291,0.083,0,0,false,0.23,low
841,2026-06-01T12:54:00Z,OP07,SH-2026-06-01-M01-N,0.299,0.062,0,0,false,0.199,low
842,2026-06-01T12:55:00Z,OP07,SH-2026-06-01-M01-N,0.278,0.086,0,0,false,0.235,low
843,2026-06-01T12:56:00Z,OP07,SH-2026-06-01-M01-N,0.268,0.102,0,0,false,0.26,low
844,2026-06-01T12:57:00Z,OP07,SH-2026-06-01-M01-N,0.298,0.063,0,0,false,0.201,low
845,2026-06-01T12:58:00Z,OP07,SH-2026-06-01-M01-N,0.3,0.07,0,0,false,0.212,low
846,2026-06-01T12:59:00Z,OP07,SH-2026-06-01-M01-N,0.302,0.076,0,0,false,0.222,low
847,2026-06-01T13:00:00Z,OP07,SH-2026-06-01-M01-N,0.282,0.073,0,0,false,0.218,low
848,2026-06-01T13:01:00Z,OP07,SH-2026-06-01-M01-N,0.281,0.083,0,0,false,0.232,low
849,2026-06-01T13:02:00Z,OP07,SH-2026-06-01-M01-N,0.295,0.083,0,0,false,0.233,low
850,2026-06-01T13:03:00Z,OP07,SH-2026-06-01-M01-N,0.28,0.101,0,0,false,0.26,low
851,2026-06-01T13:04:00Z,OP07,SH-2026-06-01-M01-N,0.299,0.081,0,0,false,0.23,low
852,2026-06-01T13:05:00Z,OP07,SH-2026-06-01-M01-N,0.28,0.094,0,0,false,0.249,low
853,2026-06-01T13:06:00Z,OP07,SH-2026-06-01-M01-N,0.291,0.057,0,0,false,0.195,low
854,2026-06-01T13:07:00Z,OP07,SH-2026-06-01-M01-N,0.297,0.091,0,0,false,0.246,low
855,2026-06-01T13:08:00Z,OP07,SH-2026-06-01-M01-N,0.277,0.101,1,0,false,0.311,low
856,2026-06-01T13:09:00Z,OP07,SH-2026-06-01-M01-N,0.282,0.081,0,0,false,0.281,low
857,2026-06-01T13:10:00Z,OP07,SH-2026-06-01-M01-N,0.306,0.072,0,0,false,0.268,low
858,2026-06-01T13:11:00Z,OP07,SH-2026-06-01-M01-N,0.287,0.088,0,0,false,0.293,low
859,2026-06-01T13:12:00Z,OP07,SH-2026-06-01-M01-N,0.299,0.068,0,0,false,0.262,low
860,2026-06-01T13:13:00Z,OP07,SH-2026-06-01-M01-N,0.285,0.085,0,0,false,0.288,low
861,2026-06-01T13:14:00Z,OP07,SH-2026-06-01-M01-N,0.273,0.095,0,0,false,0.304,low
862,2026-06-01T13:15:00Z,OP07,SH-2026-06-01-M01-N,0.296,0.088,0,0,false,0.293,low
863,2026-06-01T13:16:00Z,OP07,SH-2026-06-01-M01-N,0.293,0.089,0,0,false,0.296,low
864,2026-06-01T13:17:00Z,OP07,SH-2026-06-01-M01-N,0.3,0.066,0,0,false,0.26,low
865,2026-06-01T13:18:00Z,OP07,SH-2026-06-01-M01-N,0.283,0.083,0,0,false,0.236,low
866,2026-06-01T13:19:00Z,OP07,SH-2026-06-01-M01-N,0.311,0.101,0,0,false,0.264,low
867,2026-06-01T13:20:00Z,OP07,SH-2026-06-01-M01-N,0.292,0.105,0,0,false,0.27,low
868,2026-06-01T13:21:00Z,OP07,SH-2026-06-01-M01-N,0.29,0.106,0,0,false,0.271,low
869,2026-06-01T13:22:00Z,OP07,SH-2026-06-01-M01-N,0.299,0.082,0,0,false,0.235,low
870,2026-06-01T13:23:00Z,OP07,SH-2026-06-01-M01-N,0.266,0.098,0,0,false,0.26,low
871,2026-06-01T13:24:00Z,OP07,SH-2026-06-01-M01-N,0.288,0.076,0,0,false,0.227,low
872,2026-06-01T13:25:00Z,OP07,SH-2026-06-01-M01-N,0.275,0.107,0,0,false,0.274,low
873,2026-06-01T13:26:00Z,OP07,SH-2026-06-01-M01-N,0.288,0.093,0,0,false,0.253,low
874,2026-06-01T13:27:00Z,OP07,SH-2026-06-01-M01-N,0.255,0.106,0,0,false,0.274,low
875,2026-06-01T13:28:00Z,OP07,SH-2026-06-01-M01-N,0.294,0.088,0,0,false,0.246,low
876,2026-06-01T13:29:00Z,OP07,SH-2026-06-01-M01-N,0.282,0.099,0,0,false,0.264,low
877,2026-06-01T13:30:00Z,OP07,SH-2026-06-01-M01-N,0.288,0.075,0,1,false,0.277,low
878,2026-06-01T13:31:00Z,OP07,SH-2026-06-01-M01-N,0.283,0.091,0,0,false,0.302,low
879,2026-06-01T13:32:00Z,OP07,SH-2026-06-01-M01-N,0.288,0.079,0,0,false,0.284,low
880,2026-06-01T13:33:00Z,OP07,SH-2026-06-01-M01-N,0.272,0.108,0,0,false,0.328,low
881,2026-06-01T13:34:00Z,OP07,SH-2026-06-01-M01-N,0.291,0.089,0,0,false,0.299,low
882,2026-06-01T13:35:00Z,OP07,SH-2026-06-01-M01-N,0.273,0.081,0,0,false,0.288,low
883,2026-06-01T13:36:00Z,OP07,SH-2026-06-01-M01-N,0.285,0.092,0,0,false,0.304,low
884,2026-06-01T13:37:00Z,OP07,SH-2026-06-01-M01-N,0.291,0.073,0,0,false,0.276,low
885,2026-06-01T13:38:00Z,OP07,SH-2026-06-01-M01-N,0.297,0.095,0,0,false,0.309,low
886,2026-06-01T13:39:00Z,OP07,SH-2026-06-01-M01-N,0.299,0.07,0,0,false,0.273,low
887,2026-06-01T13:40:00Z,OP07,SH-2026-06-01-M01-N,0.29,0.086,0,0,false,0.246,low
888,2026-06-01T13:41:00Z,OP07,SH-2026-06-01-M01-N,0.286,0.092,0,0,false,0.256,low
889,2026-06-01T13:42:00Z,OP07,SH-2026-06-01-M01-N,0.271,0.103,0,0,false,0.273,low
890,2026-06-01T13:43:00Z,OP07,SH-2026-06-01-M01-N,0.263,0.093,0,0,false,0.258,low
891,2026-06-01T13:44:00Z,OP07,SH-2026-06-01-M01-N,0.303,0.085,0,0,false,0.246,low
892,2026-06-01T13:45:00Z,OP07,SH-2026-06-01-M01-N,0.288,0.12,0,0,false,0.299,low
893,2026-06-01T13:46:00Z,OP07,SH-2026-06-01-M01-N,0.287,0.1,1,0,false,0.319,low
894,2026-06-01T13:47:00Z,OP07,SH-2026-06-01-M01-N,0.263,0.107,0,0,false,0.329,low
895,2026-06-01T13:48:00Z,OP07,SH-2026-06-01-M01-N,0.276,0.111,0,0,false,0.336,low
896,2026-06-01T13:49:00Z,OP07,SH-2026-06-01-M01-N,0.268,0.091,0,0,false,0.306,low
897,2026-06-01T13:50:00Z,OP07,SH-2026-06-01-M01-N,0.286,0.092,0,0,false,0.308,low
898,2026-06-01T13:51:00Z,OP07,SH-2026-06-01-M01-N,0.291,0.085,0,0,false,0.298,low
899,2026-06-01T13:52:00Z,OP07,SH-2026-06-01-M01-N,0.285,0.083,0,0,false,0.295,low
900,2026-06-01T13:53:00Z,OP07,SH-2026-06-01-M01-N,0.292,0.104,0,0,false,0.327,low
901,2026-06-01T13:54:00Z,OP07,SH-2026-06-01-M01-N,0.287,0.109,0,0,false,0.335,low
902,2026-06-01T13:55:00Z,OP07,SH-2026-06-01-M01-N,0.284,0.107,0,0,false,0.332,low
903,2026-06-01T13:56:00Z,OP07,SH-2026-06-01-M01-N,0.279,0.126,0,0,false,0.311,low
904,2026-06-01T13:57:00Z,OP07,SH-2026-06-01-M01-N,0.282,0.083,0,0,false,0.247,low
905,2026-06-01T13:58:00Z,OP07,SH-2026-06-01-M01-N,0.277,0.123,0,0,false,0.306,low
906,2026-06-01T13:59:00Z,OP07,SH-2026-06-01-M01-N,0.284,0.1,0,0,false,0.272,low
907,2026-06-01T14:00:00Z,OP07,SH-2026-06-01-M01-N,0.295,0.106,0,0,false,0.282,low
908,2026-06-01T14:01:00Z,OP07,SH-2026-06-01-M01-N,0.281,0.091,0,0,false,0.259,low
909,2026-06-01T14:02:00Z,OP07,SH-2026-06-01-M01-N,0.289,0.101,0,0,false,0.274,low
910,2026-06-01T14:03:00Z,OP07,SH-2026-06-01-M01-N,0.311,0.096,0,0,false,0.267,low
911,2026-06-01T14:04:00Z,OP07,SH-2026-06-01-M01-N,0.276,0.103,0,0,false,0.278,low
912,2026-06-01T14:05:00Z,OP07,SH-2026-06-01-M01-N,0.283,0.089,0,0,false,0.257,low
913,2026-06-01T14:06:00Z,OP07,SH-2026-06-01-M01-N,0.297,0.098,0,0,false,0.272,low
914,2026-06-01T14:07:00Z,OP07,SH-2026-06-01-M01-N,0.29,0.107,0,0,false,0.284,low
915,2026-06-01T14:08:00Z,OP07,SH-2026-06-01-M01-N,0.264,0.123,0,0,false,0.309,low
916,2026-06-01T14:09:00Z,OP07,SH-2026-06-01-M01-N,0.294,0.087,0,0,false,0.255,low
917,2026-06-01T14:10:00Z,OP07,SH-2026-06-01-M01-N,0.282,0.092,0,0,false,0.263,low
918,2026-06-01T14:11:00Z,OP07,SH-2026-06-01-M01-N,0.284,0.094,0,0,false,0.266,low
919,2026-06-01T14:12:00Z,OP07,SH-2026-06-01-M01-N,0.29,0.1,0,0,false,0.275,low
920,2026-06-01T14:13:00Z,OP07,SH-2026-06-01-M01-N,0.28,0.11,0,0,false,0.29,low
921,2026-06-01T14:14:00Z,OP07,SH-2026-06-01-M01-N,0.274,0.093,0,0,false,0.266,low
922,2026-06-01T14:15:00Z,OP07,SH-2026-06-01-M01-N,0.301,0.094,0,0,false,0.267,low
923,2026-06-01T14:16:00Z,OP07,SH-2026-06-01-M01-N,0.288,0.105,0,0,false,0.283,low
924,2026-06-01T14:17:00Z,OP07,SH-2026-06-01-M01-N,0.273,0.111,0,1,false,0.343,low
925,2026-06-01T14:18:00Z,OP07,SH-2026-06-01-M01-N,0.27,0.11,0,0,false,0.342,low
926,2026-06-01T14:19:00Z,OP07,SH-2026-06-01-M01-N,0.283,0.106,0,0,false,0.336,low
927,2026-06-01T14:20:00Z,OP07,SH-2026-06-01-M01-N,0.271,0.087,0,0,false,0.308,low
928,2026-06-01T14:21:00Z,OP07,SH-2026-06-01-M01-N,0.31,0.085,0,0,false,0.305,low
929,2026-06-01T14:22:00Z,OP07,SH-2026-06-01-M01-N,0.292,0.093,0,0,false,0.317,low
930,2026-06-01T14:23:00Z,OP07,SH-2026-06-01-M01-N,0.265,0.102,0,0,false,0.331,low
931,2026-06-01T14:24:00Z,OP07,SH-2026-06-01-M01-N,0.29,0.086,0,0,false,0.307,low
932,2026-06-01T14:25:00Z,OP07,SH-2026-06-01-M01-N,0.292,0.089,0,0,false,0.313,low
933,2026-06-01T14:26:00Z,OP07,SH-2026-06-01-M01-N,0.265,0.092,0,0,false,0.317,low
934,2026-06-01T14:27:00Z,OP07,SH-2026-06-01-M01-N,0.298,0.104,0,0,false,0.285,low
935,2026-06-01T14:28:00Z,OP07,SH-2026-06-01-M01-N,0.275,0.127,0,0,false,0.319,low
936,2026-06-01T14:29:00Z,OP07,SH-2026-06-01-M01-N,0.3,0.086,0,0,false,0.259,low
937,2026-06-01T14:30:00Z,OP07,SH-2026-06-01-M01-N,0.283,0.089,0,0,false,0.264,low
938,2026-06-01T14:31:00Z,OP07,SH-2026-06-01-M01-N,0.275,0.153,0,0,false,0.359,medium
939,2026-06-01T14:32:00Z,OP07,SH-2026-06-01-M01-N,0.271,0.146,0,0,false,0.349,low
940,2026-06-01T14:33:00Z,OP07,SH-2026-06-01-M01-N,0.264,0.118,0,1,false,0.357,medium
941,2026-06-01T14:34:00Z,OP07,SH-2026-06-01-M01-N,0.291,0.083,0,0,false,0.305,low
942,2026-06-01T14:35:00Z,OP07,SH-2026-06-01-M01-N,0.3,0.083,0,0,false,0.305,low
943,2026-06-01T14:36:00Z,OP07,SH-2026-06-01-M01-N,0.297,0.085,0,0,false,0.309,low
944,2026-06-01T14:37:00Z,OP07,SH-2026-06-01-M01-N,0.297,0.115,0,0,false,0.354,medium
945,2026-06-01T14:38:00Z,OP07,SH-2026-06-01-M01-N,0.264,0.108,0,0,false,0.344,low
946,2026-06-01T14:39:00Z,OP07,SH-2026-06-01-M01-N,0.276,0.116,0,0,false,0.356,medium
947,2026-06-01T14:40:00Z,OP07,SH-2026-06-01-M01-N,0.281,0.131,0,0,false,0.379,medium
948,2026-06-01T14:41:00Z,OP07,SH-2026-06-01-M01-N,0.263,0.104,0,0,false,0.339,low
949,2026-06-01T14:42:00Z,OP07,SH-2026-06-01-M01-N,0.293,0.116,0,0,false,0.357,medium
950,2026-06-01T14:43:00Z,OP07,SH-2026-06-01-M01-N,0.291,0.112,0,0,false,0.302,low
951,2026-06-01T14:44:00Z,OP07,SH-2026-06-01-M01-N,0.272,0.118,0,0,false,0.31,low
952,2026-06-01T14:45:00Z,OP07,SH-2026-06-01-M01-N,0.262,0.103,0,0,false,0.288,low
953,2026-06-01T14:46:00Z,OP07,SH-2026-06-01-M01-N,0.278,0.106,0,0,false,0.293,low
954,2026-06-01T14:47:00Z,OP07,SH-2026-06-01-M01-N,0.282,0.111,0,0,false,0.301,low
955,2026-06-01T14:48:00Z,OP07,SH-2026-06-01-M01-N,0.305,0.115,0,0,false,0.307,low
956,2026-06-01T14:49:00Z,OP07,SH-2026-06-01-M01-N,0.291,0.103,0,0,false,0.29,low
957,2026-06-01T14:50:00Z,OP07,SH-2026-06-01-M01-N,0.284,0.114,0,0,false,0.306,low
958,2026-06-01T14:51:00Z,OP07,SH-2026-06-01-M01-N,0.29,0.121,0,0,false,0.316,low
959,2026-06-01T14:52:00Z,OP07,SH-2026-06-01-M01-N,0.266,0.123,0,0,false,0.32,low
960,2026-06-01T14:53:00Z,OP07,SH-2026-06-01-M01-N,0.286,0.11,0,0,false,0.301,low
961,2026-06-01T14:54:00Z,OP07,SH-2026-06-01-M01-N,0.293,0.09,1,0,false,0.321,low
962,2026-06-01T14:55:00Z,OP07,SH-2026-06-01-M01-N,0.27,0.115,0,0,false,0.359,medium
963,2026-06-01T14:56:00Z,OP07,SH-2026-06-01-M01-N,0.269,0.13,0,0,false,0.382,medium
964,2026-06-01T14:57:00Z,OP07,SH-2026-06-01-M01-N,0.269,0.121,0,0,false,0.369,medium
965,2026-06-01T14:58:00Z,OP07,SH-2026-06-01-M01-N,0.286,0.085,0,0,false,0.315,low
966,2026-06-01T14:59:00Z,OP07,SH-2026-06-01-M01-N,0.298,0.123,0,0,false,0.371,medium
967,2026-06-01T15:00:00Z,OP07,SH-2026-06-01-M01-N,0.284,0.11,0,0,false,0.353,medium
968,2026-06-01T15:01:00Z,OP07,SH-2026-06-01-M01-N,0.284,0.109,0,0,false,0.351,medium
969,2026-06-01T15:02:00Z,OP07,SH-2026-06-01-M01-N,0.272,0.118,0,0,false,0.365,medium
970,2026-06-01T15:03:00Z,OP07,SH-2026-06-01-M01-N,0.279,0.13,1,0,false,0.433,medium
971,2026-06-01T15:04:00Z,OP07,SH-2026-06-01-M01-N,0.273,0.106,0,0,false,0.347,low
972,2026-06-01T15:05:00Z,OP07,SH-2026-06-01-M01-N,0.278,0.107,0,0,false,0.35,low
973,2026-06-01T15:06:00Z,OP07,SH-2026-06-01-M01-N,0.267,0.124,0,0,false,0.375,medium
974,2026-06-01T15:07:00Z,OP07,SH-2026-06-01-M01-N,0.295,0.102,0,0,false,0.342,low
975,2026-06-01T15:08:00Z,OP07,SH-2026-06-01-M01-N,0.296,0.12,0,0,false,0.37,medium
976,2026-06-01T15:09:00Z,OP07,SH-2026-06-01-M01-N,0.281,0.102,0,0,false,0.343,low
977,2026-06-01T15:10:00Z,OP07,SH-2026-06-01-M01-N,0.267,0.106,0,0,false,0.349,low
978,2026-06-01T15:11:00Z,OP07,SH-2026-06-01-M01-N,0.273,0.104,0,0,false,0.346,low
979,2026-06-01T15:12:00Z,OP07,SH-2026-06-01-M01-N,0.288,0.11,0,0,false,0.356,medium
980,2026-06-01T15:13:00Z,OP07,SH-2026-06-01-M01-N,0.27,0.135,0,0,false,0.343,low
981,2026-06-01T15:14:00Z,OP07,SH-2026-06-01-M01-N,0.29,0.106,0,0,false,0.299,low
982,2026-06-01T15:15:00Z,OP07,SH-2026-06-01-M01-N,0.278,0.087,0,0,false,0.271,low
983,2026-06-01T15:16:00Z,OP07,SH-2026-06-01-M01-N,0.264,0.123,0,0,false,0.326,low
984,2026-06-01T15:17:00Z,OP07,SH-2026-06-01-M01-N,0.282,0.125,0,0,false,0.329,low
985,2026-06-01T15:18:00Z,OP07,SH-2026-06-01-M01-N,0.289,0.082,0,0,false,0.265,low
986,2026-06-01T15:19:00Z,OP07,SH-2026-06-01-M01-N,0.276,0.102,0,0,false,0.295,low
987,2026-06-01T15:20:00Z,OP07,SH-2026-06-01-M01-N,0.291,0.108,0,0,false,0.304,low
988,2026-06-01T15:21:00Z,OP07,SH-2026-06-01-M01-N,0.296,0.109,1,0,false,0.356,medium
989,2026-06-01T15:22:00Z,OP07,SH-2026-06-01-M01-N,0.267,0.139,0,0,false,0.402,medium
990,2026-06-01T15:23:00Z,OP07,SH-2026-06-01-M01-N,0.28,0.096,0,0,false,0.337,low
991,2026-06-01T15:24:00Z,OP07,SH-2026-06-01-M01-N,0.284,0.11,0,0,false,0.358,medium
992,2026-06-01T15:25:00Z,OP07,SH-2026-06-01-M01-N,0.275,0.097,0,0,false,0.339,low
993,2026-06-01T15:26:00Z,OP07,SH-2026-06-01-M01-N,0.285,0.127,0,1,false,0.435,medium
994,2026-06-01T15:27:00Z,OP07,SH-2026-06-01-M01-N,0.283,0.105,0,1,false,0.451,medium
995,2026-06-01T15:28:00Z,OP07,SH-2026-06-01-M01-N,0.288,0.084,0,0,false,0.421,medium
996,2026-06-01T15:29:00Z,OP07,SH-2026-06-01-M01-N,0.269,0.134,1,0,false,0.545,medium
997,2026-06-01T15:30:00Z,OP07,SH-2026-06-01-M01-N,0.286,0.079,0,0,false,0.464,medium
998,2026-06-01T15:31:00Z,OP07,SH-2026-06-01-M01-N,0.283,0.114,0,0,false,0.466,medium
999,2026-06-01T15:32:00Z,OP07,SH-2026-06-01-M01-N,0.265,0.133,0,0,false,0.495,medium
1000,2026-06-01T15:33:00Z,OP07,SH-2026-06-01-M01-N,0.297,0.105,0,0,false,0.453,medium
1001,2026-06-01T15:34:00Z,OP07,SH-2026-06-01-M01-N,0.287,0.135,0,0,false,0.499,medium
1002,2026-06-01T15:35:00Z,OP07,SH-2026-06-01-M01-N,0.265,0.107,0,0,false,0.457,medium
1003,2026-06-01T15:36:00Z,OP07,SH-2026-06-01-M01-N,0.283,0.108,0,0,false,0.408,medium
1004,2026-06-01T15:37:00Z,OP07,SH-2026-06-01-M01-N,0.296,0.102,0,0,false,0.35,low
1005,2026-06-01T15:38:00Z,OP07,SH-2026-06-01-M01-N,0.285,0.099,0,0,false,0.346,low
1006,2026-06-01T15:39:00Z,OP07,SH-2026-06-01-M01-N,0.271,0.117,0,0,false,0.323,low
1007,2026-06-01T15:40:00Z,OP07,SH-2026-06-01-M01-N,0.28,0.095,0,0,false,0.289,low
1008,2026-06-01T15:41:00Z,OP07,SH-2026-06-01-M01-N,0.299,0.096,0,0,false,0.292,low
1009,2026-06-01T15:42:00Z,OP07,SH-2026-06-01-M01-N,0.29,0.123,0,0,false,0.332,low
1010,2026-06-01T15:43:00Z,OP07,SH-2026-06-01-M01-N,0.261,0.153,0,0,false,0.378,medium
1011,2026-06-01T15:44:00Z,OP07,SH-2026-06-01-M01-N,0.267,0.1,0,0,false,0.298,low
1012,2026-06-01T15:45:00Z,OP07,SH-2026-06-01-M01-N,0.285,0.099,0,0,false,0.297,low
1013,2026-06-01T15:46:00Z,OP07,SH-2026-06-01-M01-N,0.269,0.094,0,0,false,0.29,low
1014,2026-06-01T15:47:00Z,OP07,SH-2026-06-01-M01-N,0.281,0.091,0,0,false,0.286,low
1015,2026-06-01T15:48:00Z,OP07,SH-2026-06-01-M01-N,0.29,0.129,0,0,false,0.342,low
1016,2026-06-01T15:49:00Z,OP07,SH-2026-06-01-M01-N,0.271,0.113,0,0,false,0.319,low
1017,2026-06-01T15:50:00Z,OP07,SH-2026-06-01-M01-N,0.288,0.107,0,0,false,0.311,low
1018,2026-06-01T15:51:00Z,OP07,SH-2026-06-01-M01-N,0.273,0.11,0,0,false,0.315,low
1019,2026-06-01T15:52:00Z,OP07,SH-2026-06-01-M01-N,0.287,0.131,1,0,false,0.396,medium
1020,2026-06-01T15:53:00Z,OP07,SH-2026-06-01-M01-N,0.257,0.12,0,0,false,0.381,medium
1021,2026-06-01T15:54:00Z,OP07,SH-2026-06-01-M01-N,0.271,0.138,0,0,false,0.407,medium
1022,2026-06-01T15:55:00Z,OP07,SH-2026-06-01-M01-N,0.302,0.131,0,0,false,0.398,medium
1023,2026-06-01T15:56:00Z,OP07,SH-2026-06-01-M01-N,0.284,0.113,0,0,false,0.371,medium
1024,2026-06-01T15:57:00Z,OP07,SH-2026-06-01-M01-N,0.295,0.116,0,0,false,0.376,medium
1025,2026-06-01T15:58:00Z,OP07,SH-2026-06-01-M01-N,0.285,0.117,0,0,false,0.378,medium
1026,2026-06-01T15:59:00Z,OP07,SH-2026-06-01-M01-N,0.266,0.15,0,0,false,0.427,medium
1027,2026-06-01T16:00:00Z,OP07,SH-2026-06-01-M01-N,0.296,0.113,0,0,false,0.371,medium
1028,2026-06-01T16:01:00Z,OP07,SH-2026-06-01-M01-N,0.26,0.13,0,0,false,0.398,medium
1029,2026-06-01T16:02:00Z,OP07,SH-2026-06-01-M01-N,0.271,0.13,0,0,false,0.349,low
1030,2026-06-01T16:03:00Z,OP07,SH-2026-06-01-M01-N,0.291,0.107,0,0,false,0.314,low
1031,2026-06-01T16:04:00Z,OP07,SH-2026-06-01-M01-N,0.272,0.135,0,0,false,0.356,medium
1032,2026-06-01T16:05:00Z,OP07,SH-2026-06-01-M01-N,0.278,0.107,0,0,false,0.314,low
1033,2026-06-01T16:06:00Z,OP07,SH-2026-06-01-M01-N,0.275,0.131,0,0,false,0.35,medium
1034,2026-06-01T16:07:00Z,OP07,SH-2026-06-01-M01-N,0.275,0.12,0,0,false,0.335,low
1035,2026-06-01T16:08:00Z,OP07,SH-2026-06-01-M01-N,0.275,0.117,0,0,false,0.33,low
1036,2026-06-01T16:09:00Z,OP07,SH-2026-06-01-M01-N,0.291,0.132,1,0,false,0.403,medium
1037,2026-06-01T16:10:00Z,OP07,SH-2026-06-01-M01-N,0.267,0.126,0,0,false,0.394,medium
1038,2026-06-01T16:11:00Z,OP07,SH-2026-06-01-M01-N,0.268,0.126,0,0,false,0.395,medium
1039,2026-06-01T16:12:00Z,OP07,SH-2026-06-01-M01-N,0.303,0.092,0,0,false,0.343,low
1040,2026-06-01T16:13:00Z,OP07,SH-2026-06-01-M01-N,0.272,0.12,0,0,false,0.385,medium
1041,2026-06-01T16:14:00Z,OP07,SH-2026-06-01-M01-N,0.265,0.132,0,0,false,0.404,medium
1042,2026-06-01T16:15:00Z,OP07,SH-2026-06-01-M01-N,0.272,0.147,0,0,false,0.427,medium
1043,2026-06-01T16:16:00Z,OP07,SH-2026-06-01-M01-N,0.28,0.134,0,0,false,0.408,medium
1044,2026-06-01T16:17:00Z,OP07,SH-2026-06-01-M01-N,0.274,0.117,0,0,false,0.382,medium
1045,2026-06-01T16:18:00Z,OP07,SH-2026-06-01-M01-N,0.272,0.133,0,1,false,0.457,medium
1046,2026-06-01T16:19:00Z,OP07,SH-2026-06-01-M01-N,0.293,0.128,0,0,false,0.4,medium
1047,2026-06-01T16:20:00Z,OP07,SH-2026-06-01-M01-N,0.278,0.126,0,0,false,0.397,medium
1048,2026-06-01T16:21:00Z,OP07,SH-2026-06-01-M01-N,0.279,0.132,0,0,false,0.405,medium
1049,2026-06-01T16:22:00Z,OP07,SH-2026-06-01-M01-N,0.268,0.12,0,0,false,0.389,medium
1050,2026-06-01T16:23:00Z,OP07,SH-2026-06-01-M01-N,0.256,0.168,0,0,false,0.46,medium
1051,2026-06-01T16:24:00Z,OP07,SH-2026-06-01-M01-N,0.279,0.111,0,0,false,0.374,medium
1052,2026-06-01T16:25:00Z,OP07,SH-2026-06-01-M01-N,0.268,0.134,0,0,false,0.409,medium
1053,2026-06-01T16:26:00Z,OP07,SH-2026-06-01-M01-N,0.286,0.101,0,0,false,0.36,medium
1054,2026-06-01T16:27:00Z,OP07,SH-2026-06-01-M01-N,0.296,0.109,0,0,false,0.372,medium
1055,2026-06-01T16:28:00Z,OP07,SH-2026-06-01-M01-N,0.259,0.147,0,0,false,0.379,medium
1056,2026-06-01T16:29:00Z,OP07,SH-2026-06-01-M01-N,0.259,0.146,0,0,false,0.378,medium
1057,2026-06-01T16:30:00Z,OP07,SH-2026-06-01-M01-N,0.287,0.119,0,1,false,0.388,medium
1058,2026-06-01T16:31:00Z,OP07,SH-2026-06-01-M01-N,0.273,0.138,0,0,false,0.417,medium
1059,2026-06-01T16:32:00Z,OP07,SH-2026-06-01-M01-N,0.29,0.106,0,0,false,0.37,medium
1060,2026-06-01T16:33:00Z,OP07,SH-2026-06-01-M01-N,0.267,0.139,0,0,false,0.419,medium
1061,2026-06-01T16:34:00Z,OP07,SH-2026-06-01-M01-N,0.265,0.145,1,1,false,0.528,medium
1062,2026-06-01T16:35:00Z,OP07,SH-2026-06-01-M01-N,0.261,0.146,0,0,false,0.53,medium
1063,2026-06-01T16:36:00Z,OP07,SH-2026-06-01-M01-N,0.273,0.151,0,0,false,0.538,medium
1064,2026-06-01T16:37:00Z,OP07,SH-2026-06-01-M01-N,0.269,0.13,0,0,false,0.507,medium
1065,2026-06-01T16:38:00Z,OP07,SH-2026-06-01-M01-N,0.285,0.138,0,0,false,0.52,medium
1066,2026-06-01T16:39:00Z,OP07,SH-2026-06-01-M01-N,0.288,0.111,0,0,false,0.479,medium
1067,2026-06-01T16:40:00Z,OP07,SH-2026-06-01-M01-N,0.274,0.105,0,0,false,0.42,medium
1068,2026-06-01T16:41:00Z,OP07,SH-2026-06-01-M01-N,0.303,0.127,0,0,false,0.453,medium
1069,2026-06-01T16:42:00Z,OP07,SH-2026-06-01-M01-N,0.271,0.14,0,0,false,0.473,medium
1070,2026-06-01T16:43:00Z,OP07,SH-2026-06-01-M01-N,0.28,0.12,0,0,false,0.443,medium
1071,2026-06-01T16:44:00Z,OP07,SH-2026-06-01-M01-N,0.278,0.143,0,1,false,0.427,medium
1072,2026-06-01T16:45:00Z,OP07,SH-2026-06-01-M01-N,0.283,0.133,0,0,false,0.413,medium
1073,2026-06-01T16:46:00Z,OP07,SH-2026-06-01-M01-N,0.287,0.113,0,0,false,0.383,medium
1074,2026-06-01T16:47:00Z,OP07,SH-2026-06-01-M01-N,0.287,0.116,0,0,false,0.388,medium
1075,2026-06-01T16:48:00Z,OP07,SH-2026-06-01-M01-N,0.276,0.14,0,0,false,0.424,medium
1076,2026-06-01T16:49:00Z,OP07,SH-2026-06-01-M01-N,0.273,0.164,1,0,false,0.511,medium
1077,2026-06-01T16:50:00Z,OP07,SH-2026-06-01-M01-N,0.283,0.134,0,0,false,0.466,medium
1078,2026-06-01T16:51:00Z,OP07,SH-2026-06-01-M01-N,0.275,0.131,0,0,false,0.462,medium
1079,2026-06-01T16:52:00Z,OP07,SH-2026-06-01-M01-N,0.255,0.156,0,0,false,0.499,medium
1080,2026-06-01T16:53:00Z,OP07,SH-2026-06-01-M01-N,0.279,0.142,0,0,false,0.479,medium
1081,2026-06-01T16:54:00Z,OP07,SH-2026-06-01-M01-N,0.259,0.135,0,0,false,0.418,medium
1082,2026-06-01T16:55:00Z,OP07,SH-2026-06-01-M01-N,0.27,0.134,0,1,false,0.467,medium
1083,2026-06-01T16:56:00Z,OP07,SH-2026-06-01-M01-N,0.276,0.134,0,0,false,0.467,medium
1084,2026-06-01T16:57:00Z,OP07,SH-2026-06-01-M01-N,0.265,0.137,0,0,false,0.472,medium
1085,2026-06-01T16:58:00Z,OP07,SH-2026-06-01-M01-N,0.299,0.14,0,1,false,0.527,medium
1086,2026-06-01T16:59:00Z,OP07,SH-2026-06-01-M01-N,0.291,0.125,0,0,false,0.455,medium
1087,2026-06-01T17:00:00Z,OP07,SH-2026-06-01-M01-N,0.266,0.146,0,0,false,0.486,medium
1088,2026-06-01T17:01:00Z,OP07,SH-2026-06-01-M01-N,0.283,0.12,0,0,false,0.448,medium
1089,2026-06-01T17:02:00Z,OP07,SH-2026-06-01-M01-N,0.275,0.167,0,0,false,0.519,medium
1090,2026-06-01T17:03:00Z,OP07,SH-2026-06-01-M01-N,0.273,0.163,0,0,false,0.513,medium
1091,2026-06-01T17:04:00Z,OP07,SH-2026-06-01-M01-N,0.271,0.139,0,0,false,0.478,medium
1092,2026-06-01T17:05:00Z,OP07,SH-2026-06-01-M01-N,0.264,0.139,0,0,false,0.427,medium
1093,2026-06-01T17:06:00Z,OP07,SH-2026-06-01-M01-N,0.271,0.14,0,0,false,0.429,medium
1094,2026-06-01T17:07:00Z,OP07,SH-2026-06-01-M01-N,0.293,0.113,0,0,false,0.389,medium
1095,2026-06-01T17:08:00Z,OP07,SH-2026-06-01-M01-N,0.263,0.17,0,0,false,0.424,medium
1096,2026-06-01T17:09:00Z,OP07,SH-2026-06-01-M01-N,0.269,0.142,0,0,false,0.383,medium
1097,2026-06-01T17:10:00Z,OP07,SH-2026-06-01-M01-N,0.289,0.135,0,0,false,0.373,medium
1098,2026-06-01T17:11:00Z,OP07,SH-2026-06-01-M01-N,0.273,0.137,0,0,false,0.375,medium
1099,2026-06-01T17:12:00Z,OP07,SH-2026-06-01-M01-N,0.297,0.138,0,0,false,0.377,medium
1100,2026-06-01T17:13:00Z,OP07,SH-2026-06-01-M01-N,0.296,0.137,0,0,false,0.376,medium
1101,2026-06-01T17:14:00Z,OP07,SH-2026-06-01-M01-N,0.281,0.126,0,0,false,0.36,medium
1102,2026-06-01T17:15:00Z,OP07,SH-2026-06-01-M01-N,0.272,0.145,0,0,false,0.389,medium
1103,2026-06-01T17:16:00Z,OP07,SH-2026-06-01-M01-N,0.254,0.149,0,0,false,0.394,medium
1104,2026-06-01T17:17:00Z,OP07,SH-2026-06-01-M01-N,0.267,0.151,0,1,false,0.449,medium
1105,2026-06-01T17:18:00Z,OP07,SH-2026-06-01-M01-N,0.274,0.161,0,0,false,0.464,medium
1106,2026-06-01T17:19:00Z,OP07,SH-2026-06-01-M01-N,0.303,0.122,0,0,false,0.406,medium
1107,2026-06-01T17:20:00Z,OP07,SH-2026-06-01-M01-N,0.277,0.163,0,0,false,0.468,medium
1108,2026-06-01T17:21:00Z,OP07,SH-2026-06-01-M01-N,0.265,0.156,0,0,false,0.457,medium
1109,2026-06-01T17:22:00Z,OP07,SH-2026-06-01-M01-N,0.288,0.123,0,0,false,0.407,medium
1110,2026-06-01T17:23:00Z,OP07,SH-2026-06-01-M01-N,0.283,0.117,1,0,false,0.448,medium
1111,2026-06-01T17:24:00Z,OP07,SH-2026-06-01-M01-N,0.272,0.141,0,0,false,0.485,medium
1112,2026-06-01T17:25:00Z,OP07,SH-2026-06-01-M01-N,0.271,0.151,0,0,false,0.5,medium
1113,2026-06-01T17:26:00Z,OP07,SH-2026-06-01-M01-N,0.28,0.112,0,0,false,0.443,medium
1114,2026-06-01T17:27:00Z,OP07,SH-2026-06-01-M01-N,0.294,0.146,0,0,false,0.443,medium
1115,2026-06-01T17:28:00Z,OP07,SH-2026-06-01-M01-N,0.295,0.134,0,0,false,0.426,medium
1116,2026-06-01T17:29:00Z,OP07,SH-2026-06-01-M01-N,0.285,0.16,0,0,false,0.465,medium
1117,2026-06-01T17:30:00Z,OP07,SH-2026-06-01-M01-N,0.259,0.132,0,0,false,0.423,medium
1118,2026-06-01T17:31:00Z,OP07,SH-2026-06-01-M01-N,0.256,0.142,0,0,false,0.439,medium
1119,2026-06-01T17:32:00Z,OP07,SH-2026-06-01-M01-N,0.268,0.139,0,0,false,0.434,medium
1120,2026-06-01T17:33:00Z,OP07,SH-2026-06-01-M01-N,0.278,0.143,0,0,false,0.39,medium
1121,2026-06-01T17:34:00Z,OP07,SH-2026-06-01-M01-N,0.257,0.155,0,0,false,0.408,medium
1122,2026-06-01T17:35:00Z,OP07,SH-2026-06-01-M01-N,0.268,0.133,0,0,false,0.376,medium
1123,2026-06-01T17:36:00Z,OP07,SH-2026-06-01-M01-N,0.292,0.102,0,0,false,0.329,low
1124,2026-06-01T17:37:00Z,OP07,SH-2026-06-01-M01-N,0.264,0.17,0,0,false,0.432,medium
1125,2026-06-01T17:38:00Z,OP07,SH-2026-06-01-M01-N,0.276,0.133,0,0,false,0.376,medium
1126,2026-06-01T17:39:00Z,OP07,SH-2026-06-01-M01-N,0.277,0.129,0,0,false,0.371,medium
1127,2026-06-01T17:40:00Z,OP07,SH-2026-06-01-M01-N,0.251,0.134,0,0,false,0.379,medium
1128,2026-06-01T17:41:00Z,OP07,SH-2026-06-01-M01-N,0.279,0.152,0,0,false,0.406,medium
1129,2026-06-01T17:42:00Z,OP07,SH-2026-06-01-M01-N,0.275,0.148,0,0,false,0.401,medium
1130,2026-06-01T17:43:00Z,OP07,SH-2026-06-01-M01-N,0.291,0.136,0,0,false,0.382,medium
1131,2026-06-01T17:44:00Z,OP07,SH-2026-06-01-M01-N,0.281,0.115,0,0,false,0.351,medium
1132,2026-06-01T17:45:00Z,OP07,SH-2026-06-01-M01-N,0.279,0.155,0,0,false,0.412,medium
1133,2026-06-01T17:46:00Z,OP07,SH-2026-06-01-M01-N,0.295,0.11,0,0,false,0.344,low
1134,2026-06-01T17:47:00Z,OP07,SH-2026-06-01-M01-N,0.26,0.133,0,0,false,0.378,medium
1135,2026-06-01T17:48:00Z,OP07,SH-2026-06-01-M01-N,0.283,0.159,0,0,false,0.417,medium
1136,2026-06-01T17:49:00Z,OP07,SH-2026-06-01-M01-N,0.265,0.142,2,0,false,0.493,medium
1137,2026-06-01T17:50:00Z,OP07,SH-2026-06-01-M01-N,0.256,0.169,0,0,false,0.534,medium
1138,2026-06-01T17:51:00Z,OP07,SH-2026-06-01-M01-N,0.264,0.15,0,0,false,0.505,medium
1139,2026-06-01T17:52:00Z,OP07,SH-2026-06-01-M01-N,0.282,0.156,1,0,false,0.564,medium
1140,2026-06-01T17:53:00Z,OP07,SH-2026-06-01-M01-N,0.288,0.127,0,0,false,0.521,medium
1141,2026-06-01T17:54:00Z,OP07,SH-2026-06-01-M01-N,0.271,0.137,0,0,false,0.537,medium
1142,2026-06-01T17:55:00Z,OP07,SH-2026-06-01-M01-N,0.289,0.127,0,0,false,0.522,medium
1143,2026-06-01T17:56:00Z,OP07,SH-2026-06-01-M01-N,0.288,0.141,0,0,false,0.542,medium
1144,2026-06-01T17:57:00Z,OP07,SH-2026-06-01-M01-N,0.274,0.152,0,0,false,0.56,medium
1145,2026-06-01T17:58:00Z,OP07,SH-2026-06-01-M01-N,0.265,0.122,0,0,false,0.515,medium
1146,2026-06-01T17:59:00Z,OP07,SH-2026-06-01-M01-N,0.245,0.161,0,1,false,0.523,medium
1147,2026-06-01T18:00:00Z,OP07,SH-2026-06-01-M01-N,0.284,0.134,0,0,false,0.484,medium
1148,2026-06-01T18:01:00Z,OP07,SH-2026-06-01-M01-N,0.28,0.135,0,0,false,0.485,medium
1149,2026-06-01T18:02:00Z,OP07,SH-2026-06-01-M01-N,0.255,0.171,0,0,false,0.49,medium
1150,2026-06-01T18:03:00Z,OP07,SH-2026-06-01-M01-N,0.269,0.152,0,2,false,0.561,medium
1151,2026-06-01T18:04:00Z,OP07,SH-2026-06-01-M01-N,0.242,0.138,0,0,false,0.54,medium
1152,2026-06-01T18:05:00Z,OP07,SH-2026-06-01-M01-N,0.279,0.141,1,0,false,0.596,medium
1153,2026-06-01T18:06:00Z,OP07,SH-2026-06-01-M01-N,0.295,0.114,0,0,false,0.556,medium
1154,2026-06-01T18:07:00Z,OP07,SH-2026-06-01-M01-N,0.274,0.145,0,0,false,0.602,high
1155,2026-06-01T18:08:00Z,OP07,SH-2026-06-01-M01-N,0.262,0.169,0,0,false,0.638,high
1156,2026-06-01T18:09:00Z,OP07,SH-2026-06-01-M01-N,0.28,0.145,0,0,false,0.553,medium
1157,2026-06-01T18:10:00Z,OP07,SH-2026-06-01-M01-N,0.267,0.157,0,0,false,0.571,medium
1158,2026-06-01T18:11:00Z,OP07,SH-2026-06-01-M01-N,0.263,0.14,0,0,false,0.545,medium
1159,2026-06-01T18:12:00Z,OP07,SH-2026-06-01-M01-N,0.266,0.156,0,0,false,0.57,medium
1160,2026-06-01T18:13:00Z,OP07,SH-2026-06-01-M01-N,0.269,0.166,0,0,false,0.484,medium
1161,2026-06-01T18:14:00Z,OP07,SH-2026-06-01-M01-N,0.268,0.142,0,0,false,0.449,medium
1162,2026-06-01T18:15:00Z,OP07,SH-2026-06-01-M01-N,0.262,0.14,0,0,false,0.397,medium
1163,2026-06-01T18:16:00Z,OP07,SH-2026-06-01-M01-N,0.276,0.136,0,1,false,0.441,medium
1164,2026-06-01T18:17:00Z,OP07,SH-2026-06-01-M01-N,0.277,0.132,0,0,false,0.435,medium
1165,2026-06-01T18:18:00Z,OP07,SH-2026-06-01-M01-N,0.296,0.161,0,0,false,0.479,medium
1166,2026-06-01T18:19:00Z,OP07,SH-2026-06-01-M01-N,0.273,0.155,0,1,false,0.519,medium
1167,2026-06-01T18:20:00Z,OP07,SH-2026-06-01-M01-N,0.269,0.134,0,0,false,0.489,medium
1168,2026-06-01T18:21:00Z,OP07,SH-2026-06-01-M01-N,0.28,0.182,0,0,false,0.561,medium
1169,2026-06-01T18:22:00Z,OP07,SH-2026-06-01-M01-N,0.274,0.156,0,0,false,0.522,medium
1170,2026-06-01T18:23:00Z,OP07,SH-2026-06-01-M01-N,0.285,0.126,0,0,false,0.477,medium
1171,2026-06-01T18:24:00Z,OP07,SH-2026-06-01-M01-N,0.29,0.141,0,0,false,0.5,medium
1172,2026-06-01T18:25:00Z,OP07,SH-2026-06-01-M01-N,0.271,0.13,0,0,false,0.484,medium
1173,2026-06-01T18:26:00Z,OP07,SH-2026-06-01-M01-N,0.281,0.154,0,0,false,0.469,medium
1174,2026-06-01T18:27:00Z,OP07,SH-2026-06-01-M01-N,0.29,0.161,0,0,false,0.481,medium
1175,2026-06-01T18:28:00Z,OP07,SH-2026-06-01-M01-N,0.254,0.167,0,0,false,0.49,medium
1176,2026-06-01T18:29:00Z,OP07,SH-2026-06-01-M01-N,0.269,0.154,1,0,false,0.471,medium
1177,2026-06-01T18:30:00Z,OP07,SH-2026-06-01-M01-N,0.26,0.16,0,0,false,0.48,medium
1178,2026-06-01T18:31:00Z,OP07,SH-2026-06-01-M01-N,0.28,0.182,0,0,false,0.513,medium
1179,2026-06-01T18:32:00Z,OP07,SH-2026-06-01-M01-N,0.28,0.166,0,0,false,0.489,medium
1180,2026-06-01T18:33:00Z,OP07,SH-2026-06-01-M01-N,0.261,0.155,0,0,false,0.473,medium
1181,2026-06-01T18:34:00Z,OP07,SH-2026-06-01-M01-N,0.257,0.154,0,0,false,0.472,medium
1182,2026-06-01T18:35:00Z,OP07,SH-2026-06-01-M01-N,0.283,0.152,0,0,false,0.47,medium
1183,2026-06-01T18:36:00Z,OP07,SH-2026-06-01-M01-N,0.27,0.176,1,0,false,0.556,medium
1184,2026-06-01T18:37:00Z,OP07,SH-2026-06-01-M01-N,0.273,0.167,0,0,false,0.542,medium
1185,2026-06-01T18:38:00Z,OP07,SH-2026-06-01-M01-N,0.267,0.152,0,0,false,0.521,medium
1186,2026-06-01T18:39:00Z,OP07,SH-2026-06-01-M01-N,0.265,0.158,0,1,false,0.529,medium
1187,2026-06-01T18:40:00Z,OP07,SH-2026-06-01-M01-N,0.273,0.173,0,0,false,0.553,medium
1188,2026-06-01T18:41:00Z,OP07,SH-2026-06-01-M01-N,0.289,0.164,0,0,false,0.538,medium
1189,2026-06-01T18:42:00Z,OP07,SH-2026-06-01-M01-N,0.275,0.142,0,0,false,0.506,medium
1190,2026-06-01T18:43:00Z,OP07,SH-2026-06-01-M01-N,0.267,0.143,0,0,false,0.508,medium
1191,2026-06-01T18:44:00Z,OP07,SH-2026-06-01-M01-N,0.278,0.142,0,0,false,0.507,medium
1192,2026-06-01T18:45:00Z,OP07,SH-2026-06-01-M01-N,0.264,0.17,0,0,false,0.549,medium
1193,2026-06-01T18:46:00Z,OP07,SH-2026-06-01-M01-N,0.269,0.156,1,0,false,0.529,medium
1194,2026-06-01T18:47:00Z,OP07,SH-2026-06-01-M01-N,0.256,0.172,0,0,false,0.552,medium
1195,2026-06-01T18:48:00Z,OP07,SH-2026-06-01-M01-N,0.263,0.157,0,0,false,0.53,medium
1196,2026-06-01T18:49:00Z,OP07,SH-2026-06-01-M01-N,0.274,0.155,0,0,false,0.477,medium
1197,2026-06-01T18:50:00Z,OP07,SH-2026-06-01-M01-N,0.286,0.126,0,0,false,0.434,medium
1198,2026-06-01T18:51:00Z,OP07,SH-2026-06-01-M01-N,0.287,0.127,0,0,false,0.435,medium
1199,2026-06-01T18:52:00Z,OP07,SH-2026-06-01-M01-N,0.25,0.182,0,1,false,0.569,medium
1200,2026-06-01T18:53:00Z,OP07,SH-2026-06-01-M01-N,0.263,0.16,0,0,false,0.536,medium
1201,2026-06-01T18:54:00Z,OP07,SH-2026-06-01-M01-N,0.29,0.168,0,0,false,0.548,medium
1202,2026-06-01T18:55:00Z,OP07,SH-2026-06-01-M01-N,0.263,0.183,0,0,false,0.571,medium
1203,2026-06-01T18:56:00Z,OP07,SH-2026-06-01-M01-N,0.258,0.18,0,0,false,0.516,medium
1204,2026-06-01T18:57:00Z,OP07,SH-2026-06-01-M01-N,0.272,0.167,0,0,false,0.497,medium
1205,2026-06-01T18:58:00Z,OP07,SH-2026-06-01-M01-N,0.259,0.176,0,0,false,0.511,medium
1206,2026-06-01T18:59:00Z,OP07,SH-2026-06-01-M01-N,0.271,0.163,1,0,false,0.542,medium
1207,2026-06-01T19:00:00Z,OP07,SH-2026-06-01-M01-N,0.287,0.138,0,0,false,0.504,medium
1208,2026-06-01T19:01:00Z,OP07,SH-2026-06-01-M01-N,0.273,0.138,0,0,false,0.504,medium
1209,2026-06-01T19:02:00Z,OP07,SH-2026-06-01-M01-N,0.267,0.15,0,0,false,0.472,medium
1210,2026-06-01T19:03:00Z,OP07,SH-2026-06-01-M01-N,0.273,0.15,0,1,false,0.523,medium
1211,2026-06-01T19:04:00Z,OP07,SH-2026-06-01-M01-N,0.281,0.141,0,0,false,0.509,medium
1212,2026-06-01T19:05:00Z,OP07,SH-2026-06-01-M01-N,0.264,0.175,1,0,false,0.612,high
1213,2026-06-01T19:06:00Z,OP07,SH-2026-06-01-M01-N,0.261,0.166,0,0,false,0.598,medium
1214,2026-06-01T19:07:00Z,OP07,SH-2026-06-01-M01-N,0.279,0.154,0,0,false,0.58,medium
1215,2026-06-01T19:08:00Z,OP07,SH-2026-06-01-M01-N,0.262,0.161,0,0,false,0.592,medium
1216,2026-06-01T19:09:00Z,OP07,SH-2026-06-01-M01-N,0.285,0.154,0,0,false,0.531,medium
1217,2026-06-01T19:10:00Z,OP07,SH-2026-06-01-M01-N,0.257,0.163,0,0,false,0.544,medium
1218,2026-06-01T19:11:00Z,OP07,SH-2026-06-01-M01-N,0.257,0.172,0,0,false,0.559,medium
1219,2026-06-01T19:12:00Z,OP07,SH-2026-06-01-M01-N,0.237,0.198,0,0,false,0.598,medium
1220,2026-06-01T19:13:00Z,OP07,SH-2026-06-01-M01-N,0.27,0.134,0,0,false,0.452,medium
1221,2026-06-01T19:14:00Z,OP07,SH-2026-06-01-M01-N,0.263,0.178,0,0,false,0.518,medium
1222,2026-06-01T19:15:00Z,OP07,SH-2026-06-01-M01-N,0.259,0.156,0,0,false,0.435,medium
1223,2026-06-01T19:16:00Z,OP07,SH-2026-06-01-M01-N,0.27,0.169,0,0,false,0.455,medium
1224,2026-06-01T19:17:00Z,OP07,SH-2026-06-01-M01-N,0.265,0.183,0,0,false,0.476,medium
1225,2026-06-01T19:18:00Z,OP07,SH-2026-06-01-M01-N,0.262,0.184,0,0,false,0.478,medium
1226,2026-06-01T19:19:00Z,OP07,SH-2026-06-01-M01-N,0.261,0.158,0,0,false,0.44,medium
1227,2026-06-01T19:20:00Z,OP07,SH-2026-06-01-M01-N,0.265,0.134,0,0,false,0.404,medium
1228,2026-06-01T19:21:00Z,OP07,SH-2026-06-01-M01-N,0.28,0.167,0,0,false,0.453,medium
1229,2026-06-01T19:22:00Z,OP07,SH-2026-06-01-M01-N,0.272,0.161,0,0,false,0.445,medium
1230,2026-06-01T19:23:00Z,OP07,SH-2026-06-01-M01-N,0.259,0.191,1,0,false,0.54,medium
1231,2026-06-01T19:24:00Z,OP07,SH-2026-06-01-M01-N,0.265,0.148,0,1,false,0.526,medium
1232,2026-06-01T19:25:00Z,OP07,SH-2026-06-01-M01-N,0.276,0.155,1,0,false,0.586,medium
1233,2026-06-01T19:26:00Z,OP07,SH-2026-06-01-M01-N,0.283,0.162,0,0,false,0.598,medium
1234,2026-06-01T19:27:00Z,OP07,SH-2026-06-01-M01-N,0.285,0.172,0,0,false,0.613,high
1235,2026-06-01T19:28:00Z,OP07,SH-2026-06-01-M01-N,0.29,0.165,0,0,false,0.602,high
1236,2026-06-01T19:29:00Z,OP07,SH-2026-06-01-M01-N,0.248,0.179,0,0,false,0.623,high
1237,2026-06-01T19:30:00Z,OP07,SH-2026-06-01-M01-N,0.284,0.151,1,0,false,0.631,high
1238,2026-06-01T19:31:00Z,OP07,SH-2026-06-01-M01-N,0.253,0.152,0,0,false,0.634,high
1239,2026-06-01T19:32:00Z,OP07,SH-2026-06-01-M01-N,0.26,0.152,0,0,false,0.633,high
1240,2026-06-01T19:33:00Z,OP07,SH-2026-06-01-M01-N,0.245,0.153,0,0,false,0.586,medium
1241,2026-06-01T19:34:00Z,OP07,SH-2026-06-01-M01-N,0.269,0.161,0,0,false,0.547,medium
1242,2026-06-01T19:35:00Z,OP07,SH-2026-06-01-M01-N,0.258,0.182,0,0,false,0.529,medium
1243,2026-06-01T19:36:00Z,OP07,SH-2026-06-01-M01-N,0.273,0.18,0,0,false,0.526,medium
1244,2026-06-01T19:37:00Z,OP07,SH-2026-06-01-M01-N,0.287,0.147,0,0,false,0.477,medium
1245,2026-06-01T19:38:00Z,OP07,SH-2026-06-01-M01-N,0.268,0.13,0,0,false,0.452,medium
1246,2026-06-01T19:39:00Z,OP07,SH-2026-06-01-M01-N,0.265,0.175,0,0,false,0.52,medium
1247,2026-06-01T19:40:00Z,OP07,SH-2026-06-01-M01-N,0.273,0.15,0,0,false,0.432,medium
1248,2026-06-01T19:41:00Z,OP07,SH-2026-06-01-M01-N,0.272,0.17,0,0,false,0.463,medium
1249,2026-06-01T19:42:00Z,OP07,SH-2026-06-01-M01-N,0.294,0.146,0,0,false,0.427,medium
1250,2026-06-01T19:43:00Z,OP07,SH-2026-06-01-M01-N,0.26,0.181,0,0,false,0.479,medium
1251,2026-06-01T19:44:00Z,OP07,SH-2026-06-01-M01-N,0.281,0.177,0,0,false,0.474,medium
1252,2026-06-01T19:45:00Z,OP07,SH-2026-06-01-M01-N,0.271,0.155,0,0,false,0.442,medium
1253,2026-06-01T19:46:00Z,OP07,SH-2026-06-01-M01-N,0.263,0.185,0,0,false,0.487,medium
1254,2026-06-01T19:47:00Z,OP07,SH-2026-06-01-M01-N,0.274,0.17,0,0,false,0.464,medium
1255,2026-06-01T19:48:00Z,OP07,SH-2026-06-01-M01-N,0.266,0.166,1,0,false,0.508,medium
1256,2026-06-01T19:49:00Z,OP07,SH-2026-06-01-M01-N,0.274,0.166,0,0,false,0.508,medium
1257,2026-06-01T19:50:00Z,OP07,SH-2026-06-01-M01-N,0.266,0.161,0,0,false,0.501,medium
1258,2026-06-01T19:51:00Z,OP07,SH-2026-06-01-M01-N,0.257,0.16,0,0,false,0.501,medium
1259,2026-06-01T19:52:00Z,OP07,SH-2026-06-01-M01-N,0.289,0.16,0,0,false,0.5,medium
1260,2026-06-01T19:53:00Z,OP07,SH-2026-06-01-M01-N,0.268,0.157,0,0,false,0.497,medium
1261,2026-06-01T19:54:00Z,OP07,SH-2026-06-01-M01-N,0.277,0.162,0,0,false,0.503,medium
1262,2026-06-01T19:55:00Z,OP07,SH-2026-06-01-M01-N,0.268,0.144,0,0,false,0.477,medium
1263,2026-06-01T19:56:00Z,OP07,SH-2026-06-01-M01-N,0.261,0.189,0,0,false,0.545,medium
1264,2026-06-01T19:57:00Z,OP07,SH-2026-06-01-M01-N,0.266,0.18,1,0,false,0.581,medium
1265,2026-06-01T19:58:00Z,OP07,SH-2026-06-01-M01-N,0.273,0.161,0,0,false,0.504,medium
1266,2026-06-01T19:59:00Z,OP07,SH-2026-06-01-M01-N,0.274,0.151,0,0,false,0.488,medium
1267,2026-06-01T20:00:00Z,OP07,SH-2026-06-01-M01-N,0.263,0.163,0,0,false,0.507,medium
1268,2026-06-01T20:01:00Z,OP07,SH-2026-06-01-M01-N,0.259,0.197,0,0,false,0.558,medium
1269,2026-06-01T20:02:00Z,OP07,SH-2026-06-01-M01-N,0.25,0.149,0,0,false,0.486,medium
1270,2026-06-01T20:03:00Z,OP07,SH-2026-06-01-M01-N,0.268,0.174,0,0,false,0.525,medium
1271,2026-06-01T20:04:00Z,OP07,SH-2026-06-01-M01-N,0.264,0.155,0,0,false,0.495,medium
1272,2026-06-01T20:05:00Z,OP07,SH-2026-06-01-M01-N,0.248,0.178,0,0,false,0.53,medium
1273,2026-06-01T20:06:00Z,OP07,SH-2026-06-01-M01-N,0.285,0.17,0,0,false,0.52,medium
1274,2026-06-01T20:07:00Z,OP07,SH-2026-06-01-M01-N,0.257,0.16,0,0,false,0.454,medium
1275,2026-06-01T20:08:00Z,OP07,SH-2026-06-01-M01-N,0.284,0.136,0,0,false,0.419,medium
1276,2026-06-01T20:09:00Z,OP07,SH-2026-06-01-M01-N,0.272,0.175,0,0,false,0.478,medium
1277,2026-06-01T20:10:00Z,OP07,SH-2026-06-01-M01-N,0.267,0.207,0,0,false,0.525,medium
1278,2026-06-01T20:11:00Z,OP07,SH-2026-06-01-M01-N,0.259,0.181,0,0,false,0.486,medium
1279,2026-06-01T20:12:00Z,OP07,SH-2026-06-01-M01-N,0.279,0.174,0,0,false,0.477,medium
1280,2026-06-01T20:13:00Z,OP07,SH-2026-06-01-M01-N,0.264,0.169,1,0,false,0.519,medium
1281,2026-06-01T20:14:00Z,OP07,SH-2026-06-01-M01-N,0.275,0.173,0,0,false,0.525,medium
1282,2026-06-01T20:15:00Z,OP07,SH-2026-06-01-M01-N,0.263,0.184,0,0,false,0.542,medium
1283,2026-06-01T20:16:00Z,OP07,SH-2026-06-01-M01-N,0.284,0.159,0,0,false,0.504,medium
1284,2026-06-01T20:17:00Z,OP07,SH-2026-06-01-M01-N,0.274,0.195,0,1,false,0.61,high
1285,2026-06-01T20:18:00Z,OP07,SH-2026-06-01-M01-N,0.258,0.145,0,0,false,0.535,medium
1286,2026-06-01T20:19:00Z,OP07,SH-2026-06-01-M01-N,0.261,0.171,1,0,false,0.624,high
1287,2026-06-01T20:20:00Z,OP07,SH-2026-06-01-M01-N,0.258,0.154,0,0,false,0.599,medium
1288,2026-06-01T20:21:00Z,OP07,SH-2026-06-01-M01-N,0.256,0.176,0,0,false,0.632,high
1289,2026-06-01T20:22:00Z,OP07,SH-2026-06-01-M01-N,0.268,0.17,0,0,false,0.623,high
1290,2026-06-01T20:23:00Z,OP07,SH-2026-06-01-M01-N,0.263,0.199,0,0,false,0.616,high
1291,2026-06-01T20:24:00Z,OP07,SH-2026-06-01-M01-N,0.271,0.171,0,0,false,0.575,medium
1292,2026-06-01T20:25:00Z,OP07,SH-2026-06-01-M01-N,0.283,0.145,0,0,false,0.536,medium
1293,2026-06-01T20:26:00Z,OP07,SH-2026-06-01-M01-N,0.28,0.176,0,0,false,0.583,medium
1294,2026-06-01T20:27:00Z,OP07,SH-2026-06-01-M01-N,0.267,0.175,1,0,false,0.581,medium
1295,2026-06-01T20:28:00Z,OP07,SH-2026-06-01-M01-N,0.253,0.177,0,0,false,0.584,medium
1296,2026-06-01T20:29:00Z,OP07,SH-2026-06-01-M01-N,0.268,0.177,0,0,false,0.535,medium
1297,2026-06-01T12:30:00Z,OP02,SH-2026-06-01-M06-N,0.293,0.076,1,0,false,0.264,low
1298,2026-06-01T12:31:00Z,OP02,SH-2026-06-01-M06-N,0.289,0.111,0,0,false,0.316,low
1299,2026-06-01T12:32:00Z,OP02,SH-2026-06-01-M06-N,0.298,0.08,0,0,false,0.271,low
1300,2026-06-01T12:33:00Z,OP02,SH-2026-06-01-M06-N,0.285,0.075,0,0,false,0.263,low
1301,2026-06-01T12:34:00Z,OP02,SH-2026-06-01-M06-N,0.294,0.096,0,0,false,0.295,low
1302,2026-06-01T12:35:00Z,OP02,SH-2026-06-01-M06-N,0.294,0.072,0,0,false,0.259,low
1303,2026-06-01T12:36:00Z,OP02,SH-2026-06-01-M06-N,0.297,0.089,0,0,false,0.285,low
1304,2026-06-01T12:37:00Z,OP02,SH-2026-06-01-M06-N,0.304,0.101,0,0,false,0.303,low
1305,2026-06-01T12:38:00Z,OP02,SH-2026-06-01-M06-N,0.293,0.072,0,0,false,0.261,low
1306,2026-06-01T12:39:00Z,OP02,SH-2026-06-01-M06-N,0.302,0.074,0,0,false,0.264,low
1307,2026-06-01T12:40:00Z,OP02,SH-2026-06-01-M06-N,0.273,0.09,0,0,false,0.237,low
1308,2026-06-01T12:41:00Z,OP02,SH-2026-06-01-M06-N,0.287,0.065,0,0,false,0.2,low
1309,2026-06-01T12:42:00Z,OP02,SH-2026-06-01-M06-N,0.303,0.08,0,0,false,0.223,low
1310,2026-06-01T12:43:00Z,OP02,SH-2026-06-01-M06-N,0.292,0.107,0,0,false,0.264,low
1311,2026-06-01T12:44:00Z,OP02,SH-2026-06-01-M06-N,0.296,0.097,0,0,false,0.249,low
1312,2026-06-01T12:45:00Z,OP02,SH-2026-06-01-M06-N,0.286,0.09,0,0,false,0.238,low
1313,2026-06-01T12:46:00Z,OP02,SH-2026-06-01-M06-N,0.285,0.096,0,0,false,0.248,low
1314,2026-06-01T12:47:00Z,OP02,SH-2026-06-01-M06-N,0.276,0.096,0,0,false,0.248,low
1315,2026-06-01T12:48:00Z,OP02,SH-2026-06-01-M06-N,0.288,0.083,0,0,false,0.229,low
1316,2026-06-01T12:49:00Z,OP02,SH-2026-06-01-M06-N,0.287,0.075,0,0,false,0.217,low
1317,2026-06-01T12:50:00Z,OP02,SH-2026-06-01-M06-N,0.298,0.067,0,0,false,0.205,low
1318,2026-06-01T12:51:00Z,OP02,SH-2026-06-01-M06-N,0.287,0.074,0,0,false,0.216,low
1319,2026-06-01T12:52:00Z,OP02,SH-2026-06-01-M06-N,0.284,0.087,0,0,false,0.236,low
1320,2026-06-01T12:53:00Z,OP02,SH-2026-06-01-M06-N,0.295,0.087,0,0,false,0.236,low
1321,2026-06-01T12:54:00Z,OP02,SH-2026-06-01-M06-N,0.286,0.105,0,0,false,0.264,low
1322,2026-06-01T12:55:00Z,OP02,SH-2026-06-01-M06-N,0.282,0.092,0,0,false,0.244,low
1323,2026-06-01T12:56:00Z,OP02,SH-2026-06-01-M06-N,0.289,0.087,1,0,false,0.287,low
1324,2026-06-01T12:57:00Z,OP02,SH-2026-06-01-M06-N,0.293,0.107,0,0,false,0.318,low
1325,2026-06-01T12:58:00Z,OP02,SH-2026-06-01-M06-N,0.294,0.086,0,0,false,0.286,low
1326,2026-06-01T12:59:00Z,OP02,SH-2026-06-01-M06-N,0.296,0.077,0,0,false,0.273,low
1327,2026-06-01T13:00:00Z,OP02,SH-2026-06-01-M06-N,0.293,0.092,0,0,false,0.296,low
1328,2026-06-01T13:01:00Z,OP02,SH-2026-06-01-M06-N,0.288,0.103,0,0,false,0.313,low
1329,2026-06-01T13:02:00Z,OP02,SH-2026-06-01-M06-N,0.297,0.098,0,0,false,0.305,low
1330,2026-06-01T13:03:00Z,OP02,SH-2026-06-01-M06-N,0.314,0.079,0,0,false,0.276,low
1331,2026-06-01T13:04:00Z,OP02,SH-2026-06-01-M06-N,0.284,0.081,0,0,false,0.28,low
1332,2026-06-01T13:05:00Z,OP02,SH-2026-06-01-M06-N,0.277,0.088,0,0,false,0.291,low
1333,2026-06-01T13:06:00Z,OP02,SH-2026-06-01-M06-N,0.264,0.107,0,0,false,0.27,low
1334,2026-06-01T13:07:00Z,OP02,SH-2026-06-01-M06-N,0.297,0.063,0,0,false,0.204,low
1335,2026-06-01T13:08:00Z,OP02,SH-2026-06-01-M06-N,0.303,0.069,0,0,false,0.213,low
1336,2026-06-01T13:09:00Z,OP02,SH-2026-06-01-M06-N,0.312,0.106,0,0,false,0.269,low
1337,2026-06-01T13:10:00Z,OP02,SH-2026-06-01-M06-N,0.294,0.077,0,0,false,0.225,low
1338,2026-06-01T13:11:00Z,OP02,SH-2026-06-01-M06-N,0.292,0.083,0,0,false,0.235,low
1339,2026-06-01T13:12:00Z,OP02,SH-2026-06-01-M06-N,0.298,0.072,0,0,false,0.219,low
1340,2026-06-01T13:13:00Z,OP02,SH-2026-06-01-M06-N,0.299,0.079,0,0,false,0.229,low
1341,2026-06-01T13:14:00Z,OP02,SH-2026-06-01-M06-N,0.292,0.098,0,0,false,0.258,low
1342,2026-06-01T13:15:00Z,OP02,SH-2026-06-01-M06-N,0.304,0.084,0,0,false,0.238,low
1343,2026-06-01T13:16:00Z,OP02,SH-2026-06-01-M06-N,0.296,0.09,0,0,false,0.246,low
1344,2026-06-01T13:17:00Z,OP02,SH-2026-06-01-M06-N,0.275,0.101,0,0,false,0.263,low
1345,2026-06-01T13:18:00Z,OP02,SH-2026-06-01-M06-N,0.279,0.076,0,0,false,0.226,low
1346,2026-06-01T13:19:00Z,OP02,SH-2026-06-01-M06-N,0.288,0.092,0,0,false,0.25,low
1347,2026-06-01T13:20:00Z,OP02,SH-2026-06-01-M06-N,0.294,0.105,0,0,false,0.27,low
1348,2026-06-01T13:21:00Z,OP02,SH-2026-06-01-M06-N,0.29,0.102,0,0,false,0.265,low
1349,2026-06-01T13:22:00Z,OP02,SH-2026-06-01-M06-N,0.281,0.116,0,0,false,0.286,low
1350,2026-06-01T13:23:00Z,OP02,SH-2026-06-01-M06-N,0.313,0.063,0,0,false,0.208,low
1351,2026-06-01T13:24:00Z,OP02,SH-2026-06-01-M06-N,0.286,0.087,0,0,false,0.244,low
1352,2026-06-01T13:25:00Z,OP02,SH-2026-06-01-M06-N,0.276,0.105,0,0,false,0.271,low
1353,2026-06-01T13:26:00Z,OP02,SH-2026-06-01-M06-N,0.298,0.087,0,0,false,0.244,low
1354,2026-06-01T13:27:00Z,OP02,SH-2026-06-01-M06-N,0.292,0.093,0,0,false,0.254,low
1355,2026-06-01T13:28:00Z,OP02,SH-2026-06-01-M06-N,0.285,0.076,0,0,false,0.229,low
1356,2026-06-01T13:29:00Z,OP02,SH-2026-06-01-M06-N,0.281,0.087,0,0,false,0.245,low
1357,2026-06-01T13:30:00Z,OP02,SH-2026-06-01-M06-N,0.293,0.092,0,0,false,0.253,low
1358,2026-06-01T13:31:00Z,OP02,SH-2026-06-01-M06-N,0.289,0.101,0,0,false,0.266,low
1359,2026-06-01T13:32:00Z,OP02,SH-2026-06-01-M06-N,0.271,0.107,0,0,false,0.276,low
1360,2026-06-01T13:33:00Z,OP02,SH-2026-06-01-M06-N,0.273,0.087,0,0,false,0.246,low
1361,2026-06-01T13:34:00Z,OP02,SH-2026-06-01-M06-N,0.304,0.07,0,0,false,0.221,low
1362,2026-06-01T13:35:00Z,OP02,SH-2026-06-01-M06-N,0.287,0.102,0,0,false,0.269,low
1363,2026-06-01T13:36:00Z,OP02,SH-2026-06-01-M06-N,0.288,0.122,1,0,false,0.35,low
1364,2026-06-01T13:37:00Z,OP02,SH-2026-06-01-M06-N,0.285,0.096,0,0,false,0.311,low
1365,2026-06-01T13:38:00Z,OP02,SH-2026-06-01-M06-N,0.28,0.08,0,1,false,0.337,low
1366,2026-06-01T13:39:00Z,OP02,SH-2026-06-01-M06-N,0.276,0.083,0,0,false,0.342,low
1367,2026-06-01T13:40:00Z,OP02,SH-2026-06-01-M06-N,0.291,0.099,0,0,false,0.366,medium
1368,2026-06-01T13:41:00Z,OP02,SH-2026-06-01-M06-N,0.3,0.091,0,0,false,0.355,medium
1369,2026-06-01T13:42:00Z,OP02,SH-2026-06-01-M06-N,0.293,0.078,0,0,false,0.335,low
1370,2026-06-01T13:43:00Z,OP02,SH-2026-06-01-M06-N,0.275,0.096,0,0,false,0.363,medium
1371,2026-06-01T13:44:00Z,OP02,SH-2026-06-01-M06-N,0.283,0.11,0,0,false,0.384,medium
1372,2026-06-01T13:45:00Z,OP02,SH-2026-06-01-M06-N,0.295,0.084,0,0,false,0.345,low
1373,2026-06-01T13:46:00Z,OP02,SH-2026-06-01-M06-N,0.28,0.089,0,0,false,0.302,low
1374,2026-06-01T13:47:00Z,OP02,SH-2026-06-01-M06-N,0.295,0.109,0,0,false,0.333,low
1375,2026-06-01T13:48:00Z,OP02,SH-2026-06-01-M06-N,0.285,0.098,0,1,false,0.316,low
1376,2026-06-01T13:49:00Z,OP02,SH-2026-06-01-M06-N,0.298,0.102,0,0,false,0.323,low
1377,2026-06-01T13:50:00Z,OP02,SH-2026-06-01-M06-N,0.27,0.132,0,0,false,0.368,medium
1378,2026-06-01T13:51:00Z,OP02,SH-2026-06-01-M06-N,0.27,0.066,0,0,false,0.269,low
1379,2026-06-01T13:52:00Z,OP02,SH-2026-06-01-M06-N,0.284,0.089,0,0,false,0.303,low
1380,2026-06-01T13:53:00Z,OP02,SH-2026-06-01-M06-N,0.285,0.098,0,0,false,0.318,low
1381,2026-06-01T13:54:00Z,OP02,SH-2026-06-01-M06-N,0.297,0.1,0,0,false,0.322,low
1382,2026-06-01T13:55:00Z,OP02,SH-2026-06-01-M06-N,0.295,0.078,0,0,false,0.289,low
1383,2026-06-01T13:56:00Z,OP02,SH-2026-06-01-M06-N,0.284,0.071,0,0,false,0.278,low
1384,2026-06-01T13:57:00Z,OP02,SH-2026-06-01-M06-N,0.286,0.088,0,0,false,0.304,low
1385,2026-06-01T13:58:00Z,OP02,SH-2026-06-01-M06-N,0.297,0.071,0,0,false,0.229,low
1386,2026-06-01T13:59:00Z,OP02,SH-2026-06-01-M06-N,0.284,0.089,0,0,false,0.256,low
1387,2026-06-01T14:00:00Z,OP02,SH-2026-06-01-M06-N,0.294,0.091,0,0,false,0.259,low
1388,2026-06-01T14:01:00Z,OP02,SH-2026-06-01-M06-N,0.282,0.074,0,0,false,0.234,low
1389,2026-06-01T14:02:00Z,OP02,SH-2026-06-01-M06-N,0.266,0.113,0,0,false,0.292,low
1390,2026-06-01T14:03:00Z,OP02,SH-2026-06-01-M06-N,0.288,0.073,0,0,false,0.233,low
1391,2026-06-01T14:04:00Z,OP02,SH-2026-06-01-M06-N,0.287,0.102,0,0,false,0.276,low
1392,2026-06-01T14:05:00Z,OP02,SH-2026-06-01-M06-N,0.294,0.088,0,0,false,0.256,low
1393,2026-06-01T14:06:00Z,OP02,SH-2026-06-01-M06-N,0.283,0.074,0,0,false,0.235,low
1394,2026-06-01T14:07:00Z,OP02,SH-2026-06-01-M06-N,0.276,0.094,0,0,false,0.266,low
1395,2026-06-01T14:08:00Z,OP02,SH-2026-06-01-M06-N,0.284,0.102,0,0,false,0.278,low
1396,2026-06-01T14:09:00Z,OP02,SH-2026-06-01-M06-N,0.278,0.085,0,0,false,0.252,low
1397,2026-06-01T14:10:00Z,OP02,SH-2026-06-01-M06-N,0.285,0.092,0,0,false,0.264,low
1398,2026-06-01T14:11:00Z,OP02,SH-2026-06-01-M06-N,0.3,0.08,0,0,false,0.245,low
1399,2026-06-01T14:12:00Z,OP02,SH-2026-06-01-M06-N,0.277,0.105,0,0,false,0.282,low
1400,2026-06-01T14:13:00Z,OP02,SH-2026-06-01-M06-N,0.293,0.107,0,0,false,0.287,low
1401,2026-06-01T14:14:00Z,OP02,SH-2026-06-01-M06-N,0.279,0.111,0,0,false,0.292,low
1402,2026-06-01T14:15:00Z,OP02,SH-2026-06-01-M06-N,0.27,0.104,0,0,false,0.283,low
1403,2026-06-01T14:16:00Z,OP02,SH-2026-06-01-M06-N,0.271,0.106,0,0,false,0.285,low
1404,2026-06-01T14:17:00Z,OP02,SH-2026-06-01-M06-N,0.3,0.09,0,0,false,0.262,low
1405,2026-06-01T14:18:00Z,OP02,SH-2026-06-01-M06-N,0.29,0.118,0,0,false,0.304,low
1406,2026-06-01T14:19:00Z,OP02,SH-2026-06-01-M06-N,0.26,0.123,0,0,false,0.311,low
1407,2026-06-01T14:20:00Z,OP02,SH-2026-06-01-M06-N,0.296,0.116,0,0,false,0.301,low
1408,2026-06-01T14:21:00Z,OP02,SH-2026-06-01-M06-N,0.285,0.106,0,0,false,0.287,low
1409,2026-06-01T14:22:00Z,OP02,SH-2026-06-01-M06-N,0.308,0.078,0,0,false,0.245,low
1410,2026-06-01T14:23:00Z,OP02,SH-2026-06-01-M06-N,0.29,0.11,0,0,false,0.293,low
1411,2026-06-01T14:24:00Z,OP02,SH-2026-06-01-M06-N,0.276,0.111,0,0,false,0.295,low
1412,2026-06-01T14:25:00Z,OP02,SH-2026-06-01-M06-N,0.274,0.085,0,0,false,0.256,low
1413,2026-06-01T14:26:00Z,OP02,SH-2026-06-01-M06-N,0.294,0.09,0,0,false,0.264,low
1414,2026-06-01T14:27:00Z,OP02,SH-2026-06-01-M06-N,0.288,0.095,0,1,false,0.321,low
1415,2026-06-01T14:28:00Z,OP02,SH-2026-06-01-M06-N,0.287,0.096,0,0,false,0.323,low
1416,2026-06-01T14:29:00Z,OP02,SH-2026-06-01-M06-N,0.289,0.104,0,0,false,0.335,low
1417,2026-06-01T14:30:00Z,OP02,SH-2026-06-01-M06-N,0.305,0.078,0,0,false,0.296,low
1418,2026-06-01T14:31:00Z,OP02,SH-2026-06-01-M06-N,0.291,0.11,1,0,false,0.395,medium
1419,2026-06-01T14:32:00Z,OP02,SH-2026-06-01-M06-N,0.281,0.117,0,0,false,0.406,medium
1420,2026-06-01T14:33:00Z,OP02,SH-2026-06-01-M06-N,0.281,0.127,0,0,false,0.421,medium
1421,2026-06-01T14:34:00Z,OP02,SH-2026-06-01-M06-N,0.279,0.117,1,0,false,0.456,medium
1422,2026-06-01T14:35:00Z,OP02,SH-2026-06-01-M06-N,0.299,0.09,0,0,false,0.417,medium
1423,2026-06-01T14:36:00Z,OP02,SH-2026-06-01-M06-N,0.286,0.129,0,0,false,0.475,medium
1424,2026-06-01T14:37:00Z,OP02,SH-2026-06-01-M06-N,0.281,0.112,0,0,false,0.4,medium
1425,2026-06-01T14:38:00Z,OP02,SH-2026-06-01-M06-N,0.267,0.113,0,0,false,0.402,medium
1426,2026-06-01T14:39:00Z,OP02,SH-2026-06-01-M06-N,0.25,0.112,0,0,false,0.401,medium
1427,2026-06-01T14:40:00Z,OP02,SH-2026-06-01-M06-N,0.295,0.088,0,0,false,0.365,medium
1428,2026-06-01T14:41:00Z,OP02,SH-2026-06-01-M06-N,0.291,0.084,0,0,false,0.308,low
1429,2026-06-01T14:42:00Z,OP02,SH-2026-06-01-M06-N,0.276,0.112,0,0,false,0.351,medium
1430,2026-06-01T14:43:00Z,OP02,SH-2026-06-01-M06-N,0.282,0.094,0,0,false,0.325,low
1431,2026-06-01T14:44:00Z,OP02,SH-2026-06-01-M06-N,0.285,0.09,0,0,false,0.268,low
1432,2026-06-01T14:45:00Z,OP02,SH-2026-06-01-M06-N,0.288,0.085,2,0,false,0.361,medium
1433,2026-06-01T14:46:00Z,OP02,SH-2026-06-01-M06-N,0.283,0.108,0,0,false,0.395,medium
1434,2026-06-01T14:47:00Z,OP02,SH-2026-06-01-M06-N,0.276,0.102,0,0,false,0.387,medium
1435,2026-06-01T14:48:00Z,OP02,SH-2026-06-01-M06-N,0.28,0.1,0,0,false,0.385,medium
1436,2026-06-01T14:49:00Z,OP02,SH-2026-06-01-M06-N,0.271,0.103,1,0,false,0.439,medium
1437,2026-06-01T14:50:00Z,OP02,SH-2026-06-01-M06-N,0.275,0.115,0,0,false,0.458,medium
1438,2026-06-01T14:51:00Z,OP02,SH-2026-06-01-M06-N,0.267,0.146,0,0,false,0.504,medium
1439,2026-06-01T14:52:00Z,OP02,SH-2026-06-01-M06-N,0.267,0.11,0,0,false,0.451,medium
1440,2026-06-01T14:53:00Z,OP02,SH-2026-06-01-M06-N,0.29,0.096,0,0,false,0.43,medium
1441,2026-06-01T14:54:00Z,OP02,SH-2026-06-01-M06-N,0.281,0.1,0,1,false,0.486,medium
1442,2026-06-01T14:55:00Z,OP02,SH-2026-06-01-M06-N,0.272,0.101,0,0,false,0.388,medium
1443,2026-06-01T14:56:00Z,OP02,SH-2026-06-01-M06-N,0.281,0.121,0,0,false,0.418,medium
1444,2026-06-01T14:57:00Z,OP02,SH-2026-06-01-M06-N,0.29,0.139,0,0,false,0.446,medium
1445,2026-06-01T14:58:00Z,OP02,SH-2026-06-01-M06-N,0.281,0.124,0,1,false,0.473,medium
1446,2026-06-01T14:59:00Z,OP02,SH-2026-06-01-M06-N,0.287,0.091,0,0,false,0.373,medium
1447,2026-06-01T15:00:00Z,OP02,SH-2026-06-01-M06-N,0.272,0.113,0,0,false,0.408,medium
1448,2026-06-01T15:01:00Z,OP02,SH-2026-06-01-M06-N,0.274,0.116,0,0,false,0.412,medium
1449,2026-06-01T15:02:00Z,OP02,SH-2026-06-01-M06-N,0.275,0.119,0,0,false,0.417,medium
1450,2026-06-01T15:03:00Z,OP02,SH-2026-06-01-M06-N,0.263,0.085,1,0,false,0.415,medium
1451,2026-06-01T15:04:00Z,OP02,SH-2026-06-01-M06-N,0.292,0.107,0,0,false,0.4,medium
1452,2026-06-01T15:05:00Z,OP02,SH-2026-06-01-M06-N,0.273,0.106,0,0,false,0.398,medium
1453,2026-06-01T15:06:00Z,OP02,SH-2026-06-01-M06-N,0.315,0.101,0,0,false,0.39,medium
1454,2026-06-01T15:07:00Z,OP02,SH-2026-06-01-M06-N,0.281,0.123,0,0,false,0.424,medium
1455,2026-06-01T15:08:00Z,OP02,SH-2026-06-01-M06-N,0.266,0.13,0,0,false,0.385,medium
1456,2026-06-01T15:09:00Z,OP02,SH-2026-06-01-M06-N,0.276,0.122,0,0,false,0.373,medium
1457,2026-06-01T15:10:00Z,OP02,SH-2026-06-01-M06-N,0.283,0.112,0,0,false,0.358,medium
1458,2026-06-01T15:11:00Z,OP02,SH-2026-06-01-M06-N,0.289,0.113,0,0,false,0.36,medium
1459,2026-06-01T15:12:00Z,OP02,SH-2026-06-01-M06-N,0.278,0.125,0,0,false,0.377,medium
1460,2026-06-01T15:13:00Z,OP02,SH-2026-06-01-M06-N,0.278,0.116,0,0,false,0.315,low
1461,2026-06-01T15:14:00Z,OP02,SH-2026-06-01-M06-N,0.28,0.126,0,0,false,0.33,low
1462,2026-06-01T15:15:00Z,OP02,SH-2026-06-01-M06-N,0.269,0.09,0,0,false,0.276,low
1463,2026-06-01T15:16:00Z,OP02,SH-2026-06-01-M06-N,0.291,0.106,0,0,false,0.301,low
1464,2026-06-01T15:17:00Z,OP02,SH-2026-06-01-M06-N,0.265,0.107,0,0,false,0.302,low
1465,2026-06-01T15:18:00Z,OP02,SH-2026-06-01-M06-N,0.258,0.109,0,0,false,0.306,low
1466,2026-06-01T15:19:00Z,OP02,SH-2026-06-01-M06-N,0.298,0.09,0,0,false,0.277,low
1467,2026-06-01T15:20:00Z,OP02,SH-2026-06-01-M06-N,0.269,0.116,0,0,false,0.316,low
1468,2026-06-01T15:21:00Z,OP02,SH-2026-06-01-M06-N,0.282,0.121,1,0,false,0.374,medium
1469,2026-06-01T15:22:00Z,OP02,SH-2026-06-01-M06-N,0.278,0.125,0,1,false,0.431,medium
1470,2026-06-01T15:23:00Z,OP02,SH-2026-06-01-M06-N,0.283,0.105,0,0,false,0.401,medium
1471,2026-06-01T15:24:00Z,OP02,SH-2026-06-01-M06-N,0.287,0.119,0,0,false,0.422,medium
1472,2026-06-01T15:25:00Z,OP02,SH-2026-06-01-M06-N,0.286,0.109,0,0,false,0.407,medium
1473,2026-06-01T15:26:00Z,OP02,SH-2026-06-01-M06-N,0.28,0.118,0,0,false,0.421,medium
1474,2026-06-01T15:27:00Z,OP02,SH-2026-06-01-M06-N,0.271,0.117,0,0,false,0.42,medium
1475,2026-06-01T15:28:00Z,OP02,SH-2026-06-01-M06-N,0.285,0.114,0,0,false,0.416,medium
1476,2026-06-01T15:29:00Z,OP02,SH-2026-06-01-M06-N,0.265,0.114,0,0,false,0.415,medium
1477,2026-06-01T15:30:00Z,OP02,SH-2026-06-01-M06-N,0.27,0.126,0,0,false,0.434,medium
1478,2026-06-01T15:31:00Z,OP02,SH-2026-06-01-M06-N,0.279,0.089,0,0,false,0.328,low
1479,2026-06-01T15:32:00Z,OP02,SH-2026-06-01-M06-N,0.282,0.115,0,0,false,0.318,low
1480,2026-06-01T15:33:00Z,OP02,SH-2026-06-01-M06-N,0.257,0.123,0,1,false,0.381,medium
1481,2026-06-01T15:34:00Z,OP02,SH-2026-06-01-M06-N,0.266,0.116,0,0,false,0.369,medium
1482,2026-06-01T15:35:00Z,OP02,SH-2026-06-01-M06-N,0.289,0.1,0,0,false,0.346,low
1483,2026-06-01T15:36:00Z,OP02,SH-2026-06-01-M06-N,0.272,0.141,0,0,false,0.408,medium
1484,2026-06-01T15:37:00Z,OP02,SH-2026-06-01-M06-N,0.298,0.096,0,0,false,0.341,low
1485,2026-06-01T15:38:00Z,OP02,SH-2026-06-01-M06-N,0.283,0.116,0,0,false,0.371,medium
1486,2026-06-01T15:39:00Z,OP02,SH-2026-06-01-M06-N,0.285,0.095,0,0,false,0.339,low
1487,2026-06-01T15:40:00Z,OP02,SH-2026-06-01-M06-N,0.292,0.121,0,1,false,0.428,medium
1488,2026-06-01T15:41:00Z,OP02,SH-2026-06-01-M06-N,0.28,0.126,0,0,false,0.437,medium
1489,2026-06-01T15:42:00Z,OP02,SH-2026-06-01-M06-N,0.285,0.124,0,0,false,0.434,medium
1490,2026-06-01T15:43:00Z,OP02,SH-2026-06-01-M06-N,0.279,0.127,0,0,false,0.389,medium
1491,2026-06-01T15:44:00Z,OP02,SH-2026-06-01-M06-N,0.293,0.083,0,0,false,0.324,low
1492,2026-06-01T15:45:00Z,OP02,SH-2026-06-01-M06-N,0.26,0.136,1,0,false,0.453,medium
1493,2026-06-01T15:46:00Z,OP02,SH-2026-06-01-M06-N,0.298,0.09,0,0,false,0.384,medium
1494,2026-06-01T15:47:00Z,OP02,SH-2026-06-01-M06-N,0.283,0.127,0,0,false,0.44,medium
1495,2026-06-01T15:48:00Z,OP02,SH-2026-06-01-M06-N,0.275,0.129,0,0,false,0.443,medium
1496,2026-06-01T15:49:00Z,OP02,SH-2026-06-01-M06-N,0.274,0.1,0,0,false,0.4,medium
1497,2026-06-01T15:50:00Z,OP02,SH-2026-06-01-M06-N,0.27,0.145,0,0,false,0.417,medium
1498,2026-06-01T15:51:00Z,OP02,SH-2026-06-01-M06-N,0.261,0.121,0,0,false,0.382,medium
1499,2026-06-01T15:52:00Z,OP02,SH-2026-06-01-M06-N,0.281,0.098,0,0,false,0.348,low
1500,2026-06-01T15:53:00Z,OP02,SH-2026-06-01-M06-N,0.273,0.122,0,0,false,0.384,medium
1501,2026-06-01T15:54:00Z,OP02,SH-2026-06-01-M06-N,0.265,0.134,0,0,false,0.401,medium
1502,2026-06-01T15:55:00Z,OP02,SH-2026-06-01-M06-N,0.277,0.137,0,1,false,0.406,medium
1503,2026-06-01T15:56:00Z,OP02,SH-2026-06-01-M06-N,0.294,0.11,0,0,false,0.367,medium
1504,2026-06-01T15:57:00Z,OP02,SH-2026-06-01-M06-N,0.271,0.132,0,0,false,0.4,medium
1505,2026-06-01T15:58:00Z,OP02,SH-2026-06-01-M06-N,0.282,0.133,0,0,false,0.402,medium
1506,2026-06-01T15:59:00Z,OP02,SH-2026-06-01-M06-N,0.269,0.122,0,0,false,0.385,medium
1507,2026-06-01T16:00:00Z,OP02,SH-2026-06-01-M06-N,0.292,0.126,0,0,false,0.392,medium
1508,2026-06-01T16:01:00Z,OP02,SH-2026-06-01-M06-N,0.245,0.134,0,0,false,0.404,medium
1509,2026-06-01T16:02:00Z,OP02,SH-2026-06-01-M06-N,0.277,0.117,1,0,false,0.429,medium
1510,2026-06-01T16:03:00Z,OP02,SH-2026-06-01-M06-N,0.264,0.15,0,0,false,0.478,medium
1511,2026-06-01T16:04:00Z,OP02,SH-2026-06-01-M06-N,0.278,0.115,0,0,false,0.426,medium
1512,2026-06-01T16:05:00Z,OP02,SH-2026-06-01-M06-N,0.284,0.102,0,0,false,0.357,medium
1513,2026-06-01T16:06:00Z,OP02,SH-2026-06-01-M06-N,0.275,0.123,1,0,false,0.439,medium
1514,2026-06-01T16:07:00Z,OP02,SH-2026-06-01-M06-N,0.281,0.116,0,0,false,0.429,medium
1515,2026-06-01T16:08:00Z,OP02,SH-2026-06-01-M06-N,0.28,0.105,0,0,false,0.412,medium
1516,2026-06-01T16:09:00Z,OP02,SH-2026-06-01-M06-N,0.285,0.126,0,0,false,0.444,medium
1517,2026-06-01T16:10:00Z,OP02,SH-2026-06-01-M06-N,0.277,0.118,0,1,false,0.483,medium
1518,2026-06-01T16:11:00Z,OP02,SH-2026-06-01-M06-N,0.276,0.139,0,0,false,0.513,medium
1519,2026-06-01T16:12:00Z,OP02,SH-2026-06-01-M06-N,0.28,0.123,0,0,false,0.44,medium
1520,2026-06-01T16:13:00Z,OP02,SH-2026-06-01-M06-N,0.275,0.121,0,0,false,0.438,medium
1521,2026-06-01T16:14:00Z,OP02,SH-2026-06-01-M06-N,0.269,0.143,0,1,false,0.521,medium
1522,2026-06-01T16:15:00Z,OP02,SH-2026-06-01-M06-N,0.285,0.118,0,0,false,0.483,medium
1523,2026-06-01T16:16:00Z,OP02,SH-2026-06-01-M06-N,0.277,0.12,0,0,false,0.436,medium
1524,2026-06-01T16:17:00Z,OP02,SH-2026-06-01-M06-N,0.274,0.118,0,0,false,0.434,medium
1525,2026-06-01T16:18:00Z,OP02,SH-2026-06-01-M06-N,0.28,0.124,0,0,false,0.443,medium
1526,2026-06-01T16:19:00Z,OP02,SH-2026-06-01-M06-N,0.295,0.116,0,0,false,0.431,medium
1527,2026-06-01T16:20:00Z,OP02,SH-2026-06-01-M06-N,0.272,0.13,0,0,false,0.402,medium
1528,2026-06-01T16:21:00Z,OP02,SH-2026-06-01-M06-N,0.272,0.134,0,0,false,0.409,medium
1529,2026-06-01T16:22:00Z,OP02,SH-2026-06-01-M06-N,0.289,0.11,0,0,false,0.373,medium
1530,2026-06-01T16:23:00Z,OP02,SH-2026-06-01-M06-N,0.291,0.12,0,0,false,0.388,medium
1531,2026-06-01T16:24:00Z,OP02,SH-2026-06-01-M06-N,0.291,0.111,0,0,false,0.325,low
1532,2026-06-01T16:25:00Z,OP02,SH-2026-06-01-M06-N,0.274,0.116,0,0,false,0.333,low
1533,2026-06-01T16:26:00Z,OP02,SH-2026-06-01-M06-N,0.289,0.151,0,0,false,0.386,medium
1534,2026-06-01T16:27:00Z,OP02,SH-2026-06-01-M06-N,0.251,0.143,0,0,false,0.374,medium
1535,2026-06-01T16:28:00Z,OP02,SH-2026-06-01-M06-N,0.283,0.116,0,0,false,0.333,low
1536,2026-06-01T16:29:00Z,OP02,SH-2026-06-01-M06-N,0.271,0.174,0,0,false,0.421,medium
1537,2026-06-01T16:30:00Z,OP02,SH-2026-06-01-M06-N,0.295,0.131,0,0,false,0.357,medium
1538,2026-06-01T16:31:00Z,OP02,SH-2026-06-01-M06-N,0.268,0.116,0,0,false,0.334,low
1539,2026-06-01T16:32:00Z,OP02,SH-2026-06-01-M06-N,0.274,0.134,0,0,false,0.362,medium
1540,2026-06-01T16:33:00Z,OP02,SH-2026-06-01-M06-N,0.278,0.121,0,0,false,0.343,low
1541,2026-06-01T16:34:00Z,OP02,SH-2026-06-01-M06-N,0.264,0.152,0,0,false,0.39,medium
1542,2026-06-01T16:35:00Z,OP02,SH-2026-06-01-M06-N,0.28,0.15,0,0,false,0.386,medium
1543,2026-06-01T16:36:00Z,OP02,SH-2026-06-01-M06-N,0.284,0.12,0,0,false,0.342,low
1544,2026-06-01T16:37:00Z,OP02,SH-2026-06-01-M06-N,0.301,0.115,0,0,false,0.334,low
1545,2026-06-01T16:38:00Z,OP02,SH-2026-06-01-M06-N,0.291,0.145,0,0,false,0.38,medium
1546,2026-06-01T16:39:00Z,OP02,SH-2026-06-01-M06-N,0.304,0.103,0,0,false,0.316,low
1547,2026-06-01T16:40:00Z,OP02,SH-2026-06-01-M06-N,0.274,0.151,0,0,false,0.389,medium
1548,2026-06-01T16:41:00Z,OP02,SH-2026-06-01-M06-N,0.29,0.142,0,0,false,0.375,medium
1549,2026-06-01T16:42:00Z,OP02,SH-2026-06-01-M06-N,0.279,0.147,0,0,false,0.383,medium
1550,2026-06-01T16:43:00Z,OP02,SH-2026-06-01-M06-N,0.283,0.134,0,0,false,0.364,medium
1551,2026-06-01T16:44:00Z,OP02,SH-2026-06-01-M06-N,0.265,0.129,0,0,false,0.358,medium
1552,2026-06-01T16:45:00Z,OP02,SH-2026-06-01-M06-N,0.282,0.119,0,0,false,0.343,low
1553,2026-06-01T16:46:00Z,OP02,SH-2026-06-01-M06-N,0.261,0.114,1,0,false,0.385,medium
1554,2026-06-01T16:47:00Z,OP02,SH-2026-06-01-M06-N,0.28,0.128,0,0,false,0.406,medium
1555,2026-06-01T16:48:00Z,OP02,SH-2026-06-01-M06-N,0.288,0.104,1,0,false,0.42,medium
1556,2026-06-01T16:49:00Z,OP02,SH-2026-06-01-M06-N,0.264,0.134,0,0,false,0.466,medium
1557,2026-06-01T16:50:00Z,OP02,SH-2026-06-01-M06-N,0.265,0.145,0,0,false,0.483,medium
1558,2026-06-01T16:51:00Z,OP02,SH-2026-06-01-M06-N,0.27,0.128,0,1,false,0.507,medium
1559,2026-06-01T16:52:00Z,OP02,SH-2026-06-01-M06-N,0.298,0.116,0,0,false,0.489,medium
1560,2026-06-01T16:53:00Z,OP02,SH-2026-06-01-M06-N,0.262,0.131,0,0,false,0.512,medium
1561,2026-06-01T16:54:00Z,OP02,SH-2026-06-01-M06-N,0.289,0.141,0,0,false,0.528,medium
1562,2026-06-01T16:55:00Z,OP02,SH-2026-06-01-M06-N,0.262,0.133,0,0,false,0.516,medium
1563,2026-06-01T16:56:00Z,OP02,SH-2026-06-01-M06-N,0.287,0.106,0,0,false,0.426,medium
1564,2026-06-01T16:57:00Z,OP02,SH-2026-06-01-M06-N,0.273,0.152,0,0,false,0.495,medium
1565,2026-06-01T16:58:00Z,OP02,SH-2026-06-01-M06-N,0.268,0.152,0,0,false,0.445,medium
1566,2026-06-01T16:59:00Z,OP02,SH-2026-06-01-M06-N,0.269,0.15,0,0,false,0.442,medium
1567,2026-06-01T17:00:00Z,OP02,SH-2026-06-01-M06-N,0.283,0.111,0,0,false,0.384,medium
1568,2026-06-01T17:01:00Z,OP02,SH-2026-06-01-M06-N,0.266,0.13,0,0,false,0.363,medium
1569,2026-06-01T17:02:00Z,OP02,SH-2026-06-01-M06-N,0.285,0.132,0,0,false,0.366,medium
1570,2026-06-01T17:03:00Z,OP02,SH-2026-06-01-M06-N,0.259,0.133,0,0,false,0.368,medium
1571,2026-06-01T17:04:00Z,OP02,SH-2026-06-01-M06-N,0.272,0.13,0,0,false,0.363,medium
1572,2026-06-01T17:05:00Z,OP02,SH-2026-06-01-M06-N,0.277,0.145,0,0,false,0.386,medium
1573,2026-06-01T17:06:00Z,OP02,SH-2026-06-01-M06-N,0.287,0.116,0,0,false,0.343,low
1574,2026-06-01T17:07:00Z,OP02,SH-2026-06-01-M06-N,0.272,0.105,0,0,false,0.326,low
1575,2026-06-01T17:08:00Z,OP02,SH-2026-06-01-M06-N,0.283,0.102,0,0,false,0.323,low
1576,2026-06-01T17:09:00Z,OP02,SH-2026-06-01-M06-N,0.263,0.135,0,1,false,0.422,medium
1577,2026-06-01T17:10:00Z,OP02,SH-2026-06-01-M06-N,0.281,0.145,0,0,false,0.437,medium
1578,2026-06-01T17:11:00Z,OP02,SH-2026-06-01-M06-N,0.289,0.129,0,0,false,0.413,medium
1579,2026-06-01T17:12:00Z,OP02,SH-2026-06-01-M06-N,0.253,0.149,0,0,false,0.444,medium
1580,2026-06-01T17:13:00Z,OP02,SH-2026-06-01-M06-N,0.27,0.154,0,0,false,0.451,medium
1581,2026-06-01T17:14:00Z,OP02,SH-2026-06-01-M06-N,0.287,0.128,0,0,false,0.413,medium
1582,2026-06-01T17:15:00Z,OP02,SH-2026-06-01-M06-N,0.286,0.133,0,0,false,0.421,medium
1583,2026-06-01T17:16:00Z,OP02,SH-2026-06-01-M06-N,0.276,0.125,0,0,false,0.409,medium
1584,2026-06-01T17:17:00Z,OP02,SH-2026-06-01-M06-N,0.278,0.156,0,0,false,0.456,medium
1585,2026-06-01T17:18:00Z,OP02,SH-2026-06-01-M06-N,0.276,0.118,0,0,false,0.399,medium
1586,2026-06-01T17:19:00Z,OP02,SH-2026-06-01-M06-N,0.278,0.133,0,0,false,0.372,medium
1587,2026-06-01T17:20:00Z,OP02,SH-2026-06-01-M06-N,0.272,0.137,0,0,false,0.378,medium
1588,2026-06-01T17:21:00Z,OP02,SH-2026-06-01-M06-N,0.253,0.17,0,0,false,0.427,medium
1589,2026-06-01T17:22:00Z,OP02,SH-2026-06-01-M06-N,0.29,0.132,0,0,false,0.371,medium
1590,2026-06-01T17:23:00Z,OP02,SH-2026-06-01-M06-N,0.289,0.13,0,0,false,0.368,medium
1591,2026-06-01T17:24:00Z,OP02,SH-2026-06-01-M06-N,0.268,0.139,0,0,false,0.383,medium
1592,2026-06-01T17:25:00Z,OP02,SH-2026-06-01-M06-N,0.259,0.121,0,0,false,0.355,medium
1593,2026-06-01T17:26:00Z,OP02,SH-2026-06-01-M06-N,0.265,0.143,0,1,false,0.439,medium
1594,2026-06-01T17:27:00Z,OP02,SH-2026-06-01-M06-N,0.273,0.144,0,0,false,0.44,medium
1595,2026-06-01T17:28:00Z,OP02,SH-2026-06-01-M06-N,0.286,0.141,0,0,false,0.437,medium
1596,2026-06-01T17:29:00Z,OP02,SH-2026-06-01-M06-N,0.293,0.142,0,0,false,0.438,medium
1597,2026-06-01T17:30:00Z,OP02,SH-2026-06-01-M06-N,0.269,0.147,0,0,false,0.445,medium
1598,2026-06-01T17:31:00Z,OP02,SH-2026-06-01-M06-N,0.272,0.115,0,0,false,0.397,medium
1599,2026-06-01T17:32:00Z,OP02,SH-2026-06-01-M06-N,0.275,0.1,0,0,false,0.376,medium
1600,2026-06-01T17:33:00Z,OP02,SH-2026-06-01-M06-N,0.261,0.163,0,0,false,0.47,medium
1601,2026-06-01T17:34:00Z,OP02,SH-2026-06-01-M06-N,0.265,0.147,0,0,false,0.447,medium
1602,2026-06-01T17:35:00Z,OP02,SH-2026-06-01-M06-N,0.276,0.156,0,0,false,0.46,medium
1603,2026-06-01T17:36:00Z,OP02,SH-2026-06-01-M06-N,0.271,0.129,0,0,false,0.37,medium
1604,2026-06-01T17:37:00Z,OP02,SH-2026-06-01-M06-N,0.262,0.136,0,0,false,0.38,medium
1605,2026-06-01T17:38:00Z,OP02,SH-2026-06-01-M06-N,0.264,0.157,0,0,false,0.413,medium
1606,2026-06-01T17:39:00Z,OP02,SH-2026-06-01-M06-N,0.289,0.17,1,0,false,0.482,medium
1607,2026-06-01T17:40:00Z,OP02,SH-2026-06-01-M06-N,0.277,0.142,0,0,false,0.44,medium
1608,2026-06-01T17:41:00Z,OP02,SH-2026-06-01-M06-N,0.259,0.147,0,0,false,0.448,medium
1609,2026-06-01T17:42:00Z,OP02,SH-2026-06-01-M06-N,0.267,0.136,0,0,false,0.431,medium
1610,2026-06-01T17:43:00Z,OP02,SH-2026-06-01-M06-N,0.26,0.14,0,0,false,0.438,medium
1611,2026-06-01T17:44:00Z,OP02,SH-2026-06-01-M06-N,0.274,0.156,0,0,false,0.462,medium
1612,2026-06-01T17:45:00Z,OP02,SH-2026-06-01-M06-N,0.261,0.165,0,0,false,0.477,medium
1613,2026-06-01T17:46:00Z,OP02,SH-2026-06-01-M06-N,0.274,0.133,0,0,false,0.428,medium
1614,2026-06-01T17:47:00Z,OP02,SH-2026-06-01-M06-N,0.286,0.155,0,0,false,0.462,medium
1615,2026-06-01T17:48:00Z,OP02,SH-2026-06-01-M06-N,0.261,0.133,0,0,false,0.428,medium
1616,2026-06-01T17:49:00Z,OP02,SH-2026-06-01-M06-N,0.28,0.123,0,0,false,0.364,medium
1617,2026-06-01T17:50:00Z,OP02,SH-2026-06-01-M06-N,0.273,0.139,0,0,false,0.389,medium
1618,2026-06-01T17:51:00Z,OP02,SH-2026-06-01-M06-N,0.284,0.142,0,0,false,0.394,medium
1619,2026-06-01T17:52:00Z,OP02,SH-2026-06-01-M06-N,0.274,0.145,0,0,false,0.397,medium
1620,2026-06-01T17:53:00Z,OP02,SH-2026-06-01-M06-N,0.268,0.157,0,0,false,0.416,medium
1621,2026-06-01T17:54:00Z,OP02,SH-2026-06-01-M06-N,0.26,0.145,0,0,false,0.398,medium
1622,2026-06-01T17:55:00Z,OP02,SH-2026-06-01-M06-N,0.277,0.158,0,0,false,0.418,medium
1623,2026-06-01T17:56:00Z,OP02,SH-2026-06-01-M06-N,0.284,0.161,0,0,false,0.423,medium
1624,2026-06-01T17:57:00Z,OP02,SH-2026-06-01-M06-N,0.28,0.141,0,0,false,0.393,medium
1625,2026-06-01T17:58:00Z,OP02,SH-2026-06-01-M06-N,0.291,0.127,0,0,false,0.373,medium
1626,2026-06-01T17:59:00Z,OP02,SH-2026-06-01-M06-N,0.251,0.146,1,0,false,0.451,medium
1627,2026-06-01T18:00:00Z,OP02,SH-2026-06-01-M06-N,0.262,0.147,0,0,false,0.452,medium
1628,2026-06-01T18:01:00Z,OP02,SH-2026-06-01-M06-N,0.264,0.155,0,0,false,0.465,medium
1629,2026-06-01T18:02:00Z,OP02,SH-2026-06-01-M06-N,0.279,0.149,0,0,false,0.457,medium
1630,2026-06-01T18:03:00Z,OP02,SH-2026-06-01-M06-N,0.269,0.142,0,0,false,0.446,medium
1631,2026-06-01T18:04:00Z,OP02,SH-2026-06-01-M06-N,0.297,0.138,0,0,false,0.44,medium
1632,2026-06-01T18:05:00Z,OP02,SH-2026-06-01-M06-N,0.266,0.142,0,0,false,0.447,medium
1633,2026-06-01T18:06:00Z,OP02,SH-2026-06-01-M06-N,0.271,0.172,1,0,false,0.543,medium
1634,2026-06-01T18:07:00Z,OP02,SH-2026-06-01-M06-N,0.26,0.155,0,0,false,0.516,medium
1635,2026-06-01T18:08:00Z,OP02,SH-2026-06-01-M06-N,0.287,0.151,0,0,false,0.51,medium
1636,2026-06-01T18:09:00Z,OP02,SH-2026-06-01-M06-N,0.26,0.153,0,0,false,0.465,medium
1637,2026-06-01T18:10:00Z,OP02,SH-2026-06-01-M06-N,0.294,0.154,0,0,false,0.466,medium
1638,2026-06-01T18:11:00Z,OP02,SH-2026-06-01-M06-N,0.275,0.143,0,0,false,0.449,medium
1639,2026-06-01T18:12:00Z,OP02,SH-2026-06-01-M06-N,0.259,0.174,0,0,false,0.497,medium
1640,2026-06-01T18:13:00Z,OP02,SH-2026-06-01-M06-N,0.264,0.143,0,0,false,0.45,medium
1641,2026-06-01T18:14:00Z,OP02,SH-2026-06-01-M06-N,0.283,0.139,0,0,false,0.444,medium
1642,2026-06-01T18:15:00Z,OP02,SH-2026-06-01-M06-N,0.273,0.132,0,0,false,0.435,medium
1643,2026-06-01T18:16:00Z,OP02,SH-2026-06-01-M06-N,0.265,0.178,0,0,false,0.454,medium
1644,2026-06-01T18:17:00Z,OP02,SH-2026-06-01-M06-N,0.279,0.169,0,0,false,0.44,medium
1645,2026-06-01T18:18:00Z,OP02,SH-2026-06-01-M06-N,0.295,0.147,0,0,false,0.408,medium
1646,2026-06-01T18:19:00Z,OP02,SH-2026-06-01-M06-N,0.272,0.144,0,0,false,0.404,medium
1647,2026-06-01T18:20:00Z,OP02,SH-2026-06-01-M06-N,0.254,0.157,0,0,false,0.423,medium
1648,2026-06-01T18:21:00Z,OP02,SH-2026-06-01-M06-N,0.27,0.154,1,0,false,0.468,medium
1649,2026-06-01T18:22:00Z,OP02,SH-2026-06-01-M06-N,0.267,0.157,0,0,false,0.474,medium
1650,2026-06-01T18:23:00Z,OP02,SH-2026-06-01-M06-N,0.251,0.156,0,0,false,0.472,medium
1651,2026-06-01T18:24:00Z,OP02,SH-2026-06-01-M06-N,0.272,0.142,0,0,false,0.451,medium
1652,2026-06-01T18:25:00Z,OP02,SH-2026-06-01-M06-N,0.262,0.162,0,0,false,0.481,medium
1653,2026-06-01T18:26:00Z,OP02,SH-2026-06-01-M06-N,0.27,0.138,0,0,false,0.447,medium
1654,2026-06-01T18:27:00Z,OP02,SH-2026-06-01-M06-N,0.269,0.156,0,0,false,0.473,medium
1655,2026-06-01T18:28:00Z,OP02,SH-2026-06-01-M06-N,0.269,0.142,0,0,false,0.453,medium
1656,2026-06-01T18:29:00Z,OP02,SH-2026-06-01-M06-N,0.267,0.156,0,1,false,0.523,medium
1657,2026-06-01T18:30:00Z,OP02,SH-2026-06-01-M06-N,0.256,0.161,0,0,false,0.532,medium
1658,2026-06-01T18:31:00Z,OP02,SH-2026-06-01-M06-N,0.272,0.134,0,0,false,0.441,medium
1659,2026-06-01T18:32:00Z,OP02,SH-2026-06-01-M06-N,0.286,0.147,0,0,false,0.461,medium
1660,2026-06-01T18:33:00Z,OP02,SH-2026-06-01-M06-N,0.264,0.169,0,0,false,0.494,medium
1661,2026-06-01T18:34:00Z,OP02,SH-2026-06-01-M06-N,0.264,0.139,1,0,false,0.499,medium
1662,2026-06-01T18:35:00Z,OP02,SH-2026-06-01-M06-N,0.282,0.122,1,0,false,0.524,medium
1663,2026-06-01T18:36:00Z,OP02,SH-2026-06-01-M06-N,0.266,0.151,1,1,false,0.669,high
1664,2026-06-01T18:37:00Z,OP02,SH-2026-06-01-M06-N,0.264,0.143,0,0,false,0.656,high
1665,2026-06-01T18:38:00Z,OP02,SH-2026-06-01-M06-N,0.273,0.167,0,0,false,0.692,high
1666,2026-06-01T18:39:00Z,OP02,SH-2026-06-01-M06-N,0.27,0.15,0,0,false,0.617,high
1667,2026-06-01T18:40:00Z,OP02,SH-2026-06-01-M06-N,0.256,0.149,0,0,false,0.616,high
1668,2026-06-01T18:41:00Z,OP02,SH-2026-06-01-M06-N,0.249,0.167,0,1,false,0.693,high
1669,2026-06-01T18:42:00Z,OP02,SH-2026-06-01-M06-N,0.276,0.127,0,0,false,0.634,high
1670,2026-06-01T18:43:00Z,OP02,SH-2026-06-01-M06-N,0.259,0.166,1,0,false,0.692,high
1671,2026-06-01T18:44:00Z,OP02,SH-2026-06-01-M06-N,0.262,0.15,0,0,false,0.669,high
1672,2026-06-01T18:45:00Z,OP02,SH-2026-06-01-M06-N,0.278,0.164,0,0,false,0.64,high
1673,2026-06-01T18:46:00Z,OP02,SH-2026-06-01-M06-N,0.292,0.167,0,0,false,0.545,medium
1674,2026-06-01T18:47:00Z,OP02,SH-2026-06-01-M06-N,0.268,0.147,0,0,false,0.515,medium
1675,2026-06-01T18:48:00Z,OP02,SH-2026-06-01-M06-N,0.28,0.137,0,0,false,0.5,medium
1676,2026-06-01T18:49:00Z,OP02,SH-2026-06-01-M06-N,0.264,0.167,1,0,false,0.595,medium
1677,2026-06-01T18:50:00Z,OP02,SH-2026-06-01-M06-N,0.293,0.151,0,0,false,0.571,medium
1678,2026-06-01T18:51:00Z,OP02,SH-2026-06-01-M06-N,0.264,0.152,0,1,false,0.574,medium
1679,2026-06-01T18:52:00Z,OP02,SH-2026-06-01-M06-N,0.278,0.142,0,0,false,0.559,medium
1680,2026-06-01T18:53:00Z,OP02,SH-2026-06-01-M06-N,0.274,0.168,0,0,false,0.548,medium
1681,2026-06-01T18:54:00Z,OP02,SH-2026-06-01-M06-N,0.264,0.162,0,0,false,0.539,medium
1682,2026-06-01T18:55:00Z,OP02,SH-2026-06-01-M06-N,0.271,0.154,0,0,false,0.527,medium
1683,2026-06-01T18:56:00Z,OP02,SH-2026-06-01-M06-N,0.245,0.185,0,0,false,0.574,medium
1684,2026-06-01T18:57:00Z,OP02,SH-2026-06-01-M06-N,0.267,0.15,0,0,false,0.521,medium
1685,2026-06-01T18:58:00Z,OP02,SH-2026-06-01-M06-N,0.27,0.136,1,0,false,0.551,medium
1686,2026-06-01T18:59:00Z,OP02,SH-2026-06-01-M06-N,0.257,0.171,0,0,false,0.553,medium
1687,2026-06-01T19:00:00Z,OP02,SH-2026-06-01-M06-N,0.278,0.166,0,0,false,0.547,medium
1688,2026-06-01T19:01:00Z,OP02,SH-2026-06-01-M06-N,0.283,0.141,0,0,false,0.459,medium
1689,2026-06-01T19:02:00Z,OP02,SH-2026-06-01-M06-N,0.261,0.149,0,0,false,0.472,medium
1690,2026-06-01T19:03:00Z,OP02,SH-2026-06-01-M06-N,0.275,0.159,0,0,false,0.487,medium
1691,2026-06-01T19:04:00Z,OP02,SH-2026-06-01-M06-N,0.274,0.15,0,0,false,0.473,medium
1692,2026-06-01T19:05:00Z,OP02,SH-2026-06-01-M06-N,0.275,0.158,0,0,false,0.486,medium
1693,2026-06-01T19:06:00Z,OP02,SH-2026-06-01-M06-N,0.26,0.153,0,0,false,0.479,medium
1694,2026-06-01T19:07:00Z,OP02,SH-2026-06-01-M06-N,0.265,0.158,0,0,false,0.486,medium
1695,2026-06-01T19:08:00Z,OP02,SH-2026-06-01-M06-N,0.25,0.168,0,0,false,0.452,medium
1696,2026-06-01T19:09:00Z,OP02,SH-2026-06-01-M06-N,0.263,0.178,0,0,false,0.466,medium
1697,2026-06-01T19:10:00Z,OP02,SH-2026-06-01-M06-N,0.275,0.16,0,0,false,0.44,medium
1698,2026-06-01T19:11:00Z,OP02,SH-2026-06-01-M06-N,0.274,0.16,0,0,false,0.44,medium
1699,2026-06-01T19:12:00Z,OP02,SH-2026-06-01-M06-N,0.288,0.14,0,1,false,0.46,medium
1700,2026-06-01T19:13:00Z,OP02,SH-2026-06-01-M06-N,0.269,0.181,0,0,false,0.522,medium
1701,2026-06-01T19:14:00Z,OP02,SH-2026-06-01-M06-N,0.263,0.155,1,0,false,0.533,medium
1702,2026-06-01T19:15:00Z,OP02,SH-2026-06-01-M06-N,0.271,0.154,0,0,false,0.532,medium
1703,2026-06-01T19:16:00Z,OP02,SH-2026-06-01-M06-N,0.279,0.168,1,0,false,0.603,high
1704,2026-06-01T19:17:00Z,OP02,SH-2026-06-01-M06-N,0.287,0.14,0,1,false,0.612,high
1705,2026-06-01T19:18:00Z,OP02,SH-2026-06-01-M06-N,0.273,0.171,0,0,false,0.659,high
1706,2026-06-01T19:19:00Z,OP02,SH-2026-06-01-M06-N,0.279,0.143,0,0,false,0.617,high
1707,2026-06-01T19:20:00Z,OP02,SH-2026-06-01-M06-N,0.265,0.187,1,0,false,0.734,high
1708,2026-06-01T19:21:00Z,OP02,SH-2026-06-01-M06-N,0.285,0.148,0,0,false,0.675,high
1709,2026-06-01T19:22:00Z,OP02,SH-2026-06-01-M06-N,0.277,0.162,1,0,false,0.647,high
1710,2026-06-01T19:23:00Z,OP02,SH-2026-06-01-M06-N,0.279,0.159,0,0,false,0.642,high
1711,2026-06-01T19:24:00Z,OP02,SH-2026-06-01-M06-N,0.271,0.159,0,0,false,0.642,high
1712,2026-06-01T19:25:00Z,OP02,SH-2026-06-01-M06-N,0.264,0.16,0,0,false,0.644,high
1713,2026-06-01T19:26:00Z,OP02,SH-2026-06-01-M06-N,0.261,0.157,0,0,false,0.589,medium
1714,2026-06-01T19:27:00Z,OP02,SH-2026-06-01-M06-N,0.284,0.159,0,0,false,0.543,medium
1715,2026-06-01T19:28:00Z,OP02,SH-2026-06-01-M06-N,0.284,0.167,2,0,false,0.605,high
1716,2026-06-01T19:29:00Z,OP02,SH-2026-06-01-M06-N,0.275,0.159,0,0,false,0.593,medium
1717,2026-06-01T19:30:00Z,OP02,SH-2026-06-01-M06-N,0.274,0.172,0,0,false,0.613,high
1718,2026-06-01T19:31:00Z,OP02,SH-2026-06-01-M06-N,0.272,0.166,0,0,false,0.604,high
1719,2026-06-01T19:32:00Z,OP02,SH-2026-06-01-M06-N,0.275,0.156,0,0,false,0.54,medium
1720,2026-06-01T19:33:00Z,OP02,SH-2026-06-01-M06-N,0.28,0.166,0,0,false,0.554,medium
1721,2026-06-01T19:34:00Z,OP02,SH-2026-06-01-M06-N,0.273,0.175,1,0,false,0.619,high
1722,2026-06-01T19:35:00Z,OP02,SH-2026-06-01-M06-N,0.266,0.171,0,0,false,0.613,high
1723,2026-06-01T19:36:00Z,OP02,SH-2026-06-01-M06-N,0.258,0.15,0,0,false,0.582,medium
1724,2026-06-01T19:37:00Z,OP02,SH-2026-06-01-M06-N,0.286,0.159,0,0,false,0.595,medium
1725,2026-06-01T19:38:00Z,OP02,SH-2026-06-01-M06-N,0.264,0.159,1,0,false,0.546,medium
1726,2026-06-01T19:39:00Z,OP02,SH-2026-06-01-M06-N,0.265,0.183,0,0,false,0.582,medium
1727,2026-06-01T19:40:00Z,OP02,SH-2026-06-01-M06-N,0.252,0.188,1,0,false,0.639,high
1728,2026-06-01T19:41:00Z,OP02,SH-2026-06-01-M06-N,0.276,0.167,0,0,false,0.609,high
1729,2026-06-01T19:42:00Z,OP02,SH-2026-06-01-M06-N,0.281,0.147,0,0,false,0.578,medium
1730,2026-06-01T19:43:00Z,OP02,SH-2026-06-01-M06-N,0.258,0.177,1,0,false,0.624,high
1731,2026-06-01T19:44:00Z,OP02,SH-2026-06-01-M06-N,0.261,0.17,0,0,false,0.613,high
1732,2026-06-01T19:45:00Z,OP02,SH-2026-06-01-M06-N,0.271,0.153,0,0,false,0.589,medium
1733,2026-06-01T19:46:00Z,OP02,SH-2026-06-01-M06-N,0.283,0.156,0,0,false,0.594,medium
1734,2026-06-01T19:47:00Z,OP02,SH-2026-06-01-M06-N,0.276,0.183,0,0,false,0.634,high
1735,2026-06-01T19:48:00Z,OP02,SH-2026-06-01-M06-N,0.275,0.208,0,0,false,0.621,high
1736,2026-06-01T19:49:00Z,OP02,SH-2026-06-01-M06-N,0.299,0.15,0,0,false,0.535,medium
1737,2026-06-01T19:50:00Z,OP02,SH-2026-06-01-M06-N,0.277,0.171,0,0,false,0.517,medium
1738,2026-06-01T19:51:00Z,OP02,SH-2026-06-01-M06-N,0.272,0.159,0,0,false,0.499,medium
1739,2026-06-01T19:52:00Z,OP02,SH-2026-06-01-M06-N,0.254,0.19,0,0,false,0.546,medium
1740,2026-06-01T19:53:00Z,OP02,SH-2026-06-01-M06-N,0.262,0.183,0,0,false,0.485,medium
1741,2026-06-01T19:54:00Z,OP02,SH-2026-06-01-M06-N,0.274,0.147,0,0,false,0.431,medium
1742,2026-06-01T19:55:00Z,OP02,SH-2026-06-01-M06-N,0.262,0.167,0,0,false,0.462,medium
1743,2026-06-01T19:56:00Z,OP02,SH-2026-06-01-M06-N,0.254,0.151,0,0,false,0.439,medium
1744,2026-06-01T19:57:00Z,OP02,SH-2026-06-01-M06-N,0.272,0.179,0,0,false,0.48,medium
1745,2026-06-01T19:58:00Z,OP02,SH-2026-06-01-M06-N,0.281,0.154,0,2,false,0.543,medium
1746,2026-06-01T19:59:00Z,OP02,SH-2026-06-01-M06-N,0.27,0.179,0,0,false,0.58,medium
1747,2026-06-01T20:00:00Z,OP02,SH-2026-06-01-M06-N,0.274,0.185,0,0,false,0.59,medium
1748,2026-06-01T20:01:00Z,OP02,SH-2026-06-01-M06-N,0.262,0.173,0,0,false,0.573,medium
1749,2026-06-01T20:02:00Z,OP02,SH-2026-06-01-M06-N,0.277,0.159,0,0,false,0.551,medium
1750,2026-06-01T20:03:00Z,OP02,SH-2026-06-01-M06-N,0.254,0.182,0,0,false,0.586,medium
1751,2026-06-01T20:04:00Z,OP02,SH-2026-06-01-M06-N,0.272,0.154,0,0,false,0.545,medium
1752,2026-06-01T20:05:00Z,OP02,SH-2026-06-01-M06-N,0.266,0.172,0,1,false,0.621,high
1753,2026-06-01T20:06:00Z,OP02,SH-2026-06-01-M06-N,0.264,0.152,0,0,false,0.592,medium
1754,2026-06-01T20:07:00Z,OP02,SH-2026-06-01-M06-N,0.268,0.147,0,0,false,0.584,medium
1755,2026-06-01T20:08:00Z,OP02,SH-2026-06-01-M06-N,0.253,0.178,0,0,false,0.531,medium
1756,2026-06-01T20:09:00Z,OP02,SH-2026-06-01-M06-N,0.279,0.158,0,0,false,0.502,medium
1757,2026-06-01T20:10:00Z,OP02,SH-2026-06-01-M06-N,0.263,0.187,0,0,false,0.545,medium
1758,2026-06-01T20:11:00Z,OP02,SH-2026-06-01-M06-N,0.289,0.156,0,0,false,0.499,medium
1759,2026-06-01T20:12:00Z,OP02,SH-2026-06-01-M06-N,0.269,0.158,0,0,false,0.503,medium
1760,2026-06-01T20:13:00Z,OP02,SH-2026-06-01-M06-N,0.284,0.192,0,0,false,0.553,medium
1761,2026-06-01T20:14:00Z,OP02,SH-2026-06-01-M06-N,0.254,0.172,1,0,false,0.574,medium
1762,2026-06-01T20:15:00Z,OP02,SH-2026-06-01-M06-N,0.277,0.15,0,0,false,0.491,medium
1763,2026-06-01T20:16:00Z,OP02,SH-2026-06-01-M06-N,0.258,0.173,0,1,false,0.577,medium
1764,2026-06-01T20:17:00Z,OP02,SH-2026-06-01-M06-N,0.268,0.18,0,0,false,0.587,medium
1765,2026-06-01T20:18:00Z,OP02,SH-2026-06-01-M06-N,0.268,0.156,0,0,false,0.55,medium
1766,2026-06-01T20:19:00Z,OP02,SH-2026-06-01-M06-N,0.258,0.175,0,0,false,0.579,medium
1767,2026-06-01T20:20:00Z,OP02,SH-2026-06-01-M06-N,0.263,0.17,0,0,false,0.572,medium
1768,2026-06-01T20:21:00Z,OP02,SH-2026-06-01-M06-N,0.276,0.18,0,0,false,0.587,medium
1769,2026-06-01T20:22:00Z,OP02,SH-2026-06-01-M06-N,0.264,0.158,0,0,false,0.555,medium
1770,2026-06-01T20:23:00Z,OP02,SH-2026-06-01-M06-N,0.256,0.173,0,1,false,0.628,high
1771,2026-06-01T20:24:00Z,OP02,SH-2026-06-01-M06-N,0.265,0.185,0,0,false,0.596,medium
1772,2026-06-01T20:25:00Z,OP02,SH-2026-06-01-M06-N,0.259,0.188,0,0,false,0.601,high
1773,2026-06-01T20:26:00Z,OP02,SH-2026-06-01-M06-N,0.263,0.175,0,0,false,0.531,medium
1774,2026-06-01T20:27:00Z,OP02,SH-2026-06-01-M06-N,0.286,0.164,0,0,false,0.515,medium
1775,2026-06-01T20:28:00Z,OP02,SH-2026-06-01-M06-N,0.261,0.196,0,0,false,0.564,medium
1776,2026-06-01T20:29:00Z,OP02,SH-2026-06-01-M06-N,0.264,0.189,1,0,false,0.604,high
