id,ts,machine_id,operator_id,shift_id,engine_rpm,engine_load_pct,coolant_temp_c,engine_oil_temp_c,oil_pressure_kpa,hydraulic_pressure_bar,hydraulic_oil_temp_c,fuel_rate_lph,fuel_level_pct,battery_voltage,vibration_rms_g,ground_speed_kmh,pitch_deg,roll_deg,gps_lat,gps_lon,seatbelt_fastened,is_idle,fault_code,anomaly_label,anomaly_type
1,2026-06-01T00:30:00Z,M01,OP06,SH-2026-06-01-M01-D,825.4,7.15,85.65,85.8,178.0,31.5,46.88,3.14,90.3,27.05,0.186,0.0,-0.31,-0.69,12.9182,79.130757,true,true,,false,
2,2026-06-01T00:31:00Z,M01,OP06,SH-2026-06-01-M01-D,824.9,5.94,85.86,85.33,187.9,24.2,46.9,3.07,90.28,27.1,0.177,0.0,-0.49,-0.36,12.9182,79.130757,true,true,,false,
3,2026-06-01T00:32:00Z,M01,OP06,SH-2026-06-01-M01-D,817.8,4.4,86.02,84.87,183.0,28.9,46.78,2.4,90.27,27.01,0.179,0.0,-0.22,-0.11,12.9182,79.130757,true,true,,false,
4,2026-06-01T00:33:00Z,M01,OP06,SH-2026-06-01-M01-D,821.1,8.51,85.8,85.02,180.5,29.5,46.92,2.43,90.26,26.91,0.165,0.0,0.04,-0.05,12.9182,79.130757,true,true,,false,
5,2026-06-01T00:34:00Z,M01,OP06,SH-2026-06-01-M01-D,822.8,4.79,85.61,84.9,176.6,21.2,47.04,2.75,90.24,26.83,0.144,0.0,0.22,0.06,12.9182,79.130757,true,true,,false,
6,2026-06-01T00:35:00Z,M01,OP06,SH-2026-06-01-M01-D,827.9,6.19,85.6,85.14,170.8,30.7,47.02,2.98,90.23,26.79,0.169,0.0,0.12,0.18,12.9182,79.130757,true,true,,false,
7,2026-06-01T00:36:00Z,M01,OP06,SH-2026-06-01-M01-D,834.0,9.94,85.38,85.11,163.1,31.2,46.94,3.14,90.22,26.86,0.179,0.0,0.3,-0.01,12.9182,79.130757,true,true,,false,
8,2026-06-01T00:37:00Z,M01,OP06,SH-2026-06-01-M01-D,822.3,5.88,85.36,84.96,166.4,28.9,46.87,2.52,90.2,26.86,0.179,0.0,-0.13,0.06,12.9182,79.130757,true,true,,false,
9,2026-06-01T00:38:00Z,M01,OP06,SH-2026-06-01-M01-D,800.4,4.64,85.18,84.84,166.0,26.6,46.94,2.16,90.19,26.92,0.166,0.0,0.17,0.38,12.9182,79.130757,true,true,,false,
10,2026-06-01T00:39:00Z,M01,OP06,SH-2026-06-01-M01-D,788.3,6.95,85.11,85.16,166.6,22.6,47.04,2.03,90.18,26.99,0.193,0.0,0.12,0.01,12.9182,79.130757,true,true,,false,
11,2026-06-01T00:40:00Z,M01,OP06,SH-2026-06-01-M01-D,811.1,3.6,84.59,85.41,182.0,32.6,46.99,2.43,90.17,27.0,0.175,0.0,-0.05,-0.07,12.9182,79.130757,true,true,,false,
12,2026-06-01T00:41:00Z,M01,OP06,SH-2026-06-01-M01-D,809.1,2.85,84.44,85.74,184.5,28.6,46.89,1.99,90.16,26.91,0.187,0.0,-0.14,-0.16,12.9182,79.130757,true,true,,false,
13,2026-06-01T00:42:00Z,M01,OP06,SH-2026-06-01-M01-D,788.4,4.24,84.44,85.97,176.3,27.4,46.78,1.97,90.15,26.88,0.167,0.0,0.31,0.19,12.9182,79.130757,true,true,,false,
14,2026-06-01T00:43:00Z,M01,OP06,SH-2026-06-01-M01-D,799.2,4.33,84.4,86.17,176.3,27.3,46.83,1.78,90.14,26.88,0.177,0.0,-0.06,-0.14,12.9182,79.130757,true,true,,false,
15,2026-06-01T00:44:00Z,M01,OP06,SH-2026-06-01-M01-D,1354.4,34.83,84.88,88.12,265.7,115.9,47.14,10.76,90.13,27.23,0.432,1.4,-2.07,-0.49,12.918086,79.130934,true,false,,false,
16,2026-06-01T00:45:00Z,M01,OP06,SH-2026-06-01-M01-D,1529.9,43.22,85.71,90.11,289.2,245.3,47.59,13.14,90.08,27.31,0.541,1.57,-0.07,-3.08,12.917972,79.13114,true,false,,false,
17,2026-06-01T00:46:00Z,M01,OP06,SH-2026-06-01-M01-D,1582.2,44.71,86.56,91.92,290.5,202.5,48.08,14.26,90.01,27.35,0.569,1.45,0.53,-3.2,12.917935,79.131354,true,false,,false,
18,2026-06-01T00:47:00Z,M01,OP06,SH-2026-06-01-M01-D,1582.1,47.3,87.14,93.53,290.0,234.5,48.59,14.69,89.95,27.35,0.593,1.29,-0.9,-1.29,12.917825,79.131513,true,false,,false,
19,2026-06-01T00:48:00Z,M01,OP06,SH-2026-06-01-M01-D,1602.0,48.53,87.61,94.9,295.2,239.2,48.93,14.35,89.87,27.31,0.61,0.97,-1.27,0.54,12.917755,79.13164,true,false,,false,
20,2026-06-01T00:49:00Z,M01,OP06,SH-2026-06-01-M01-D,1601.6,52.56,88.05,96.46,297.3,243.3,49.53,14.98,89.81,27.26,0.627,1.6,0.1,0.06,12.917654,79.131858,true,false,,false,
21,2026-06-01T00:50:00Z,M01,OP06,SH-2026-06-01-M01-D,1635.7,51.03,88.81,96.96,284.3,255.2,49.92,14.99,89.73,27.39,0.623,1.79,-2.0,1.41,12.917678,79.132126,true,false,,false,
22,2026-06-01T00:51:00Z,M01,OP06,SH-2026-06-01-M01-D,1659.8,53.75,89.29,97.54,289.4,237.8,50.29,14.53,89.66,27.45,0.672,1.53,-2.19,-0.64,12.917709,79.132354,true,false,,false,
23,2026-06-01T00:52:00Z,M01,OP06,SH-2026-06-01-M01-D,1665.4,59.06,90.02,98.53,286.3,200.7,50.9,14.1,89.59,27.54,0.707,0.98,-2.13,-0.48,12.917696,79.132208,true,false,,false,
24,2026-06-01T00:53:00Z,M01,OP06,SH-2026-06-01-M01-D,1660.1,59.37,90.76,99.66,283.5,185.9,51.45,14.66,89.52,27.53,0.676,1.1,1.54,-1.52,12.917763,79.132057,true,false,,false,
25,2026-06-01T00:54:00Z,M01,OP06,SH-2026-06-01-M01-D,1659.1,63.94,91.29,100.73,286.4,236.5,51.98,14.2,89.45,27.47,0.692,1.35,-0.0,0.03,12.917852,79.131876,true,false,,false,
26,2026-06-01T00:55:00Z,M01,OP06,SH-2026-06-01-M01-D,1658.3,59.9,91.58,100.89,282.8,260.4,52.56,14.26,89.38,27.41,0.68,1.98,-2.5,0.24,12.918062,79.131666,true,false,,false,
27,2026-06-01T00:56:00Z,M01,OP06,SH-2026-06-01-M01-D,1652.9,60.23,91.84,101.21,279.4,187.4,53.0,14.09,89.31,27.41,0.687,2.62,-2.75,0.01,12.91838,79.131435,true,false,,false,
28,2026-06-01T00:57:00Z,M01,OP06,SH-2026-06-01-M01-D,1611.2,60.53,92.07,101.6,296.4,191.2,53.39,13.98,89.25,27.5,0.656,1.92,-1.19,0.14,12.91853,79.131188,true,false,,false,
29,2026-06-01T00:58:00Z,M01,OP06,SH-2026-06-01-M01-D,1634.0,62.12,92.29,101.49,305.3,179.0,54.03,14.3,89.18,27.5,0.65,2.14,-0.23,0.03,12.918744,79.130949,true,false,,false,
30,2026-06-01T00:59:00Z,M01,OP06,SH-2026-06-01-M01-D,1675.1,62.37,92.41,101.52,308.6,214.3,54.48,14.46,89.11,27.58,0.68,1.11,0.03,1.01,12.918845,79.130816,true,false,,false,
31,2026-06-01T01:00:00Z,M01,OP06,SH-2026-06-01-M01-D,1707.8,58.68,92.48,101.77,304.9,199.0,54.94,14.0,89.04,27.5,0.702,0.78,1.03,0.21,12.918869,79.130701,true,false,,false,
32,2026-06-01T01:01:00Z,M01,OP06,SH-2026-06-01-M01-D,1741.4,57.92,92.51,101.8,315.6,195.4,55.23,13.96,88.97,27.45,0.646,1.41,1.26,0.42,12.918992,79.130529,true,false,,false,
33,2026-06-01T01:02:00Z,M01,OP06,SH-2026-06-01-M01-D,1739.2,59.29,92.49,101.26,304.2,198.8,55.63,13.88,88.9,27.38,0.656,0.89,2.41,-1.8,12.919069,79.13042,true,false,,false,
34,2026-06-01T01:03:00Z,M01,OP06,SH-2026-06-01-M01-D,1733.9,61.36,92.46,100.81,309.0,199.6,56.0,14.12,88.84,27.48,0.629,1.06,1.94,-1.25,12.919173,79.130299,true,false,,false,
35,2026-06-01T01:04:00Z,M01,OP06,SH-2026-06-01-M01-D,1697.5,60.34,92.59,100.15,317.0,143.1,56.3,14.55,88.77,27.49,0.608,1.43,1.86,0.14,12.919319,79.130142,true,false,,false,
36,2026-06-01T01:05:00Z,M01,OP06,SH-2026-06-01-M01-D,1688.0,62.57,92.31,99.69,299.6,221.4,56.75,14.77,88.7,27.48,0.626,1.31,-1.55,1.6,12.919493,79.13005,true,false,,false,
37,2026-06-01T01:06:00Z,M01,OP06,SH-2026-06-01-M01-D,1669.1,64.64,92.24,99.63,299.8,222.6,57.19,15.1,88.63,27.54,0.6,2.44,-0.19,-0.22,12.919858,79.130017,true,false,,false,
38,2026-06-01T01:07:00Z,M01,OP06,SH-2026-06-01-M01-D,1677.5,65.17,91.94,99.99,299.6,259.9,57.66,15.72,88.55,27.59,0.562,1.19,-0.16,0.62,12.920035,79.129991,true,false,,false,
39,2026-06-01T01:08:00Z,M01,OP06,SH-2026-06-01-M01-D,1698.7,66.28,91.47,100.0,310.5,214.7,58.15,16.25,88.48,27.56,0.537,1.31,1.53,0.72,12.920231,79.129988,true,false,,false,
40,2026-06-01T01:09:00Z,M01,OP06,SH-2026-06-01-M01-D,1695.3,64.06,91.38,100.11,321.2,201.1,58.55,16.3,88.4,27.41,0.536,1.53,0.36,0.56,12.920461,79.13,true,false,,false,
41,2026-06-01T01:10:00Z,M01,OP06,SH-2026-06-01-M01-D,1664.5,61.95,90.98,100.01,324.5,188.9,58.81,15.94,88.32,27.36,0.58,1.69,0.62,1.89,12.920702,79.12992,true,false,,false,
42,2026-06-01T01:11:00Z,M01,OP06,SH-2026-06-01-M01-D,1595.1,65.64,90.88,99.93,342.0,162.6,59.08,15.64,88.24,27.27,0.539,1.38,-0.66,1.04,12.920909,79.129913,true,false,,false,
43,2026-06-01T01:12:00Z,M01,OP06,SH-2026-06-01-M01-D,1021.3,27.21,89.72,98.1,232.4,69.6,58.79,6.3,88.17,27.15,0.263,0.0,-0.35,1.03,12.920909,79.129913,true,true,,false,
44,2026-06-01T01:13:00Z,M01,OP06,SH-2026-06-01-M01-D,881.4,16.61,88.4,96.6,190.7,39.9,58.58,3.81,88.14,27.05,0.189,0.0,0.2,0.94,12.920909,79.129913,true,true,,false,
45,2026-06-01T01:14:00Z,M01,OP06,SH-2026-06-01-M01-D,1377.4,52.8,88.25,97.14,279.5,164.1,58.78,12.54,88.12,27.47,0.445,1.6,0.2,0.29,12.921148,79.129943,true,false,,false,
46,2026-06-01T01:15:00Z,M01,OP06,SH-2026-06-01-M01-D,1548.6,64.36,88.19,97.6,305.7,178.4,59.22,14.93,88.06,27.54,0.53,1.82,0.48,0.18,12.921421,79.129943,true,false,,false,
47,2026-06-01T01:16:00Z,M01,OP06,SH-2026-06-01-M01-D,1617.9,69.83,88.42,97.87,333.5,223.9,59.4,15.75,87.99,27.68,0.569,1.58,-0.12,0.65,12.921213,79.129829,true,false,,false,
48,2026-06-01T01:17:00Z,M01,OP06,SH-2026-06-01-M01-D,1645.1,70.64,88.29,98.41,340.6,284.3,59.8,16.35,87.91,27.83,0.6,1.53,-1.78,-0.6,12.921122,79.129618,true,false,,false,
49,2026-06-01T01:18:00Z,M01,OP06,SH-2026-06-01-M01-D,1671.4,66.58,88.47,98.41,330.8,229.1,60.17,16.44,87.83,27.78,0.624,1.41,-0.12,-1.25,12.920999,79.129446,true,false,,false,
50,2026-06-01T01:19:00Z,M01,OP06,SH-2026-06-01-M01-D,1674.7,65.26,88.73,98.82,324.9,208.7,60.43,16.1,87.75,27.81,0.624,1.69,1.19,-0.77,12.920819,79.129267,true,false,,false,
51,2026-06-01T01:20:00Z,M01,OP06,SH-2026-06-01-M01-D,1665.1,70.4,88.93,98.83,326.1,252.8,60.93,16.22,87.68,27.82,0.626,0.56,2.15,1.47,12.920785,79.129189,true,false,,false,
52,2026-06-01T01:21:00Z,M01,OP06,SH-2026-06-01-M01-D,1663.4,73.94,89.45,98.78,319.7,220.5,61.48,16.12,87.6,27.72,0.604,0.75,1.31,2.88,12.920784,79.129077,true,false,,false,
53,2026-06-01T01:22:00Z,M01,OP06,SH-2026-06-01-M01-D,1652.8,72.41,89.54,98.81,304.0,276.3,61.97,16.56,87.52,27.84,0.588,1.1,-0.07,-1.06,12.920827,79.128917,true,false,,false,
54,2026-06-01T01:23:00Z,M01,OP06,SH-2026-06-01-M01-D,1646.4,71.92,89.42,99.08,298.3,272.0,62.22,16.76,87.44,27.85,0.592,1.25,-0.72,-0.21,12.920974,79.128801,true,false,,false,
55,2026-06-01T01:24:00Z,M01,OP06,SH-2026-06-01-M01-D,1687.4,74.91,89.54,99.2,296.5,258.0,62.51,16.27,87.36,27.75,0.583,1.11,-1.91,1.08,12.921102,79.128694,true,false,,false,
56,2026-06-01T01:25:00Z,M01,OP06,SH-2026-06-01-M01-D,1677.7,76.91,89.55,99.95,282.8,283.3,62.9,15.81,87.28,27.69,0.516,0.86,-2.38,1.47,12.921218,79.128753,true,false,,false,
57,2026-06-01T01:26:00Z,M01,OP06,SH-2026-06-01-M01-D,1664.5,75.99,89.79,100.13,281.1,254.8,63.24,15.71,87.2,27.68,0.488,1.24,-1.81,-0.29,12.921396,79.128807,true,false,,false,
58,2026-06-01T01:27:00Z,M01,OP06,SH-2026-06-01-M01-D,1654.5,74.85,90.29,100.12,281.3,292.6,63.52,15.9,87.13,27.59,0.489,1.61,-0.99,-0.28,12.921638,79.128804,true,false,,false,
59,2026-06-01T01:28:00Z,M01,OP06,SH-2026-06-01-M01-D,1620.6,72.39,90.25,100.14,286.0,294.1,63.75,15.88,87.05,27.57,0.473,1.6,-0.65,-0.61,12.921457,79.128962,true,false,,false,
60,2026-06-01T01:29:00Z,M01,OP06,SH-2026-06-01-M01-D,1609.8,74.78,90.22,100.27,281.0,315.7,64.09,15.72,86.97,27.5,0.507,0.96,-0.52,-0.88,12.921322,79.129014,true,false,,false,
61,2026-06-01T01:30:00Z,M01,OP06,SH-2026-06-01-M01-D,1617.4,73.68,89.99,100.34,297.0,271.6,64.16,15.65,86.9,27.48,0.505,0.39,-1.33,-0.88,12.921266,79.129031,true,false,,false,
62,2026-06-01T01:31:00Z,M01,OP06,SH-2026-06-01-M01-D,1656.3,71.65,89.57,99.94,303.6,310.5,64.33,15.91,86.82,27.48,0.521,0.56,0.99,1.0,12.921192,79.129071,true,false,,false,
63,2026-06-01T01:32:00Z,M01,OP06,SH-2026-06-01-M01-D,1662.4,72.36,89.8,99.93,307.2,297.4,64.68,15.71,86.75,27.55,0.59,0.17,0.69,2.34,12.921172,79.129093,true,false,,false,
64,2026-06-01T01:33:00Z,M01,OP06,SH-2026-06-01-M01-D,1630.4,74.62,89.95,99.58,308.7,278.7,65.09,15.6,86.67,27.58,0.579,0.12,1.61,2.72,12.921144,79.129104,true,false,,false,
65,2026-06-01T01:34:00Z,M01,OP06,SH-2026-06-01-M01-D,1595.4,73.38,90.14,99.75,304.4,323.6,65.29,15.91,86.59,27.35,0.576,0.27,1.76,1.09,12.921103,79.12911,true,false,,false,
66,2026-06-01T01:35:00Z,M01,OP06,SH-2026-06-01-M01-D,1612.3,67.09,90.16,99.72,305.0,294.4,65.61,15.86,86.52,27.34,0.529,0.06,0.19,2.05,12.921074,79.129102,true,false,,false,
67,2026-06-01T01:36:00Z,M01,OP06,SH-2026-06-01-M01-D,1587.3,62.35,89.89,99.2,317.2,329.8,65.89,15.66,86.44,27.26,0.54,0.64,0.45,2.26,12.920981,79.129121,true,false,,false,
68,2026-06-01T01:37:00Z,M01,OP06,SH-2026-06-01-M01-D,1603.9,58.26,90.14,99.0,327.7,342.9,66.01,16.27,86.36,27.25,0.472,0.31,1.02,1.1,12.920936,79.129132,true,false,,false,
69,2026-06-01T01:38:00Z,M01,OP06,SH-2026-06-01-M01-D,1624.5,57.88,90.52,99.0,319.5,322.9,65.96,15.95,86.29,27.28,0.481,0.01,0.23,1.08,12.920912,79.12915,true,false,,false,
70,2026-06-01T01:39:00Z,M01,OP06,SH-2026-06-01-M01-D,1617.8,62.12,90.8,99.37,308.9,295.3,65.99,15.76,86.21,27.37,0.502,0.03,-1.02,1.46,12.920888,79.129168,true,false,,false,
71,2026-06-01T01:40:00Z,M01,OP06,SH-2026-06-01-M01-D,1637.6,59.88,91.19,99.13,300.4,296.0,66.01,15.58,86.13,27.34,0.469,0.23,-0.52,0.22,12.920862,79.12919,true,false,,false,
72,2026-06-01T01:41:00Z,M01,OP06,SH-2026-06-01-M01-D,1653.5,57.68,91.05,99.0,300.7,318.3,66.27,14.73,86.06,27.37,0.491,0.49,0.72,-0.28,12.920793,79.129216,true,false,,false,
73,2026-06-01T01:42:00Z,M01,OP06,SH-2026-06-01-M01-D,1659.3,51.95,90.5,99.14,307.0,320.6,66.05,14.4,85.99,27.39,0.502,0.77,0.68,0.59,12.920678,79.129231,true,false,,false,
74,2026-06-01T01:43:00Z,M01,OP06,SH-2026-06-01-M01-D,1677.0,52.67,90.26,99.18,320.6,347.6,66.04,14.14,85.92,27.51,0.516,0.5,-0.8,0.55,12.920636,79.129293,true,false,,false,
75,2026-06-01T01:44:00Z,M01,OP06,SH-2026-06-01-M01-D,1705.4,49.9,89.97,99.33,328.9,332.7,66.03,14.32,85.85,27.4,0.509,1.5,-0.04,-0.23,12.92054,79.129497,true,false,,false,
76,2026-06-01T01:45:00Z,M01,OP06,SH-2026-06-01-M01-D,1688.0,49.78,89.97,98.85,329.0,296.5,65.95,13.77,85.78,27.37,0.518,0.91,-1.07,0.69,12.920497,79.129627,true,false,,false,
77,2026-06-01T01:46:00Z,M01,OP06,SH-2026-06-01-M01-D,1724.7,49.45,89.89,98.56,356.0,311.5,65.79,13.8,85.71,27.27,0.53,0.87,-1.15,-0.91,12.92054,79.129751,true,false,,false,
78,2026-06-01T01:47:00Z,M01,OP06,SH-2026-06-01-M01-D,1705.0,49.6,89.95,97.83,341.2,316.0,65.64,14.63,85.65,27.35,0.52,1.03,-0.57,-1.49,12.920602,79.129893,true,false,,false,
79,2026-06-01T01:48:00Z,M01,OP06,SH-2026-06-01-M01-D,1739.1,44.83,90.13,97.5,341.1,327.9,65.27,14.61,85.58,27.42,0.485,1.1,-1.46,2.49,12.920684,79.130036,true,false,,false,
80,2026-06-01T01:49:00Z,M01,OP06,SH-2026-06-01-M01-D,1754.7,49.42,90.64,97.57,335.0,299.5,65.32,14.76,85.5,27.25,0.516,1.18,-1.23,-0.75,12.920749,79.130201,true,false,,false,
81,2026-06-01T01:50:00Z,M01,OP06,SH-2026-06-01-M01-D,1747.6,47.1,90.8,97.92,322.3,282.4,65.16,15.27,85.43,27.23,0.516,0.81,-0.86,0.17,12.920821,79.130299,true,false,,false,
82,2026-06-01T01:51:00Z,M01,OP06,SH-2026-06-01-M01-D,1756.0,47.89,91.06,98.3,312.5,328.5,65.04,15.82,85.36,27.2,0.556,0.47,-1.08,-0.63,12.920852,79.130363,true,false,,false,
83,2026-06-01T01:52:00Z,M01,OP06,SH-2026-06-01-M01-D,1798.8,44.03,91.35,98.54,321.7,277.9,64.95,15.81,85.28,27.25,0.609,0.0,-1.1,-1.42,12.920874,79.130383,true,false,,false,
84,2026-06-01T01:53:00Z,M01,OP06,SH-2026-06-01-M01-D,1807.6,48.87,91.46,98.37,324.3,309.1,65.01,15.69,85.21,27.25,0.622,0.0,-0.17,1.71,12.920895,79.130405,true,false,,false,
85,2026-06-01T01:54:00Z,M01,OP06,SH-2026-06-01-M01-D,1864.2,50.12,91.65,98.28,336.3,239.0,65.1,15.34,85.13,27.22,0.657,0.0,0.17,-0.61,12.920912,79.130429,true,false,,false,
86,2026-06-01T01:55:00Z,M01,OP06,SH-2026-06-01-M01-D,1846.8,49.15,91.53,97.91,345.7,292.8,65.1,15.04,85.06,27.22,0.691,0.0,0.12,-1.5,12.920923,79.130457,true,false,,false,
87,2026-06-01T01:56:00Z,M01,OP06,SH-2026-06-01-M01-D,1871.2,47.69,91.47,97.47,342.2,293.2,65.08,14.95,84.98,27.23,0.687,0.0,1.18,-0.74,12.920934,79.130485,true,false,,false,
88,2026-06-01T01:57:00Z,M01,OP06,SH-2026-06-01-M01-D,1896.4,51.17,91.25,96.36,345.7,300.2,65.07,14.33,84.91,27.23,0.679,0.03,0.82,0.56,12.920951,79.13051,true,false,,false,
89,2026-06-01T01:58:00Z,M01,OP06,SH-2026-06-01-M01-D,1893.5,53.2,91.07,95.87,343.1,322.9,65.23,14.13,84.84,27.19,0.644,0.21,1.21,0.61,12.920954,79.130542,true,false,,false,
90,2026-06-01T01:59:00Z,M01,OP06,SH-2026-06-01-M01-D,1879.6,54.56,90.82,95.04,339.4,273.0,65.22,14.42,84.77,27.36,0.59,0.0,1.2,-0.13,12.920955,79.130572,true,false,,false,
91,2026-06-01T02:00:00Z,M01,OP06,SH-2026-06-01-M01-D,1860.4,52.32,90.39,95.02,340.2,302.5,65.19,14.5,84.71,27.38,0.579,0.0,0.34,-1.4,12.920968,79.130599,true,false,,false,
92,2026-06-01T02:01:00Z,M01,OP06,SH-2026-06-01-M01-D,1874.6,49.63,90.24,94.5,338.3,285.6,65.04,14.74,84.64,27.42,0.586,0.0,0.4,-1.4,12.920984,79.130625,true,false,,false,
93,2026-06-01T02:02:00Z,M01,OP06,SH-2026-06-01-M01-D,1880.1,49.94,90.12,93.57,332.4,309.2,64.97,14.09,84.56,27.45,0.574,0.0,-2.68,-1.14,12.921004,79.130647,true,false,,false,
94,2026-06-01T02:03:00Z,M01,OP06,SH-2026-06-01-M01-D,1863.7,54.47,90.06,93.26,331.9,279.3,65.13,14.1,84.5,27.37,0.588,0.28,-2.67,-0.21,12.921032,79.130679,true,false,,false,
95,2026-06-01T02:04:00Z,M01,OP06,SH-2026-06-01-M01-D,1893.2,58.36,89.91,92.48,341.3,237.0,65.03,14.09,84.43,27.25,0.592,0.73,-2.92,0.46,12.921107,79.130758,true,false,,false,
96,2026-06-01T02:05:00Z,M01,OP06,SH-2026-06-01-M01-D,1880.3,53.93,89.42,92.0,345.9,184.7,65.04,14.04,84.36,27.22,0.641,0.18,-1.71,-0.31,12.921085,79.130738,true,false,,false,
97,2026-06-01T02:06:00Z,M01,OP06,SH-2026-06-01-M01-D,1879.4,51.26,89.76,91.46,352.5,210.0,65.0,14.6,84.29,27.23,0.669,0.3,-2.18,0.46,12.921053,79.130706,true,false,,false,
98,2026-06-01T02:07:00Z,M01,OP06,SH-2026-06-01-M01-D,1895.8,46.69,90.1,91.6,345.5,186.9,64.87,14.47,84.22,27.32,0.671,0.5,0.05,1.33,12.920991,79.130665,true,false,,false,
99,2026-06-01T02:08:00Z,M01,OP06,SH-2026-06-01-M01-D,1903.1,43.96,89.79,91.14,350.6,241.1,64.93,14.69,84.15,27.23,0.666,0.67,0.29,2.5,12.920895,79.130634,true,false,,false,
100,2026-06-01T02:09:00Z,M01,OP06,SH-2026-06-01-M01-D,1920.9,46.22,89.51,90.61,355.2,178.0,65.0,14.58,84.08,27.19,0.619,1.13,-1.64,1.94,12.92073,79.130595,true,false,,false,
101,2026-06-01T02:10:00Z,M01,OP06,SH-2026-06-01-M01-D,1932.1,46.45,88.97,90.65,359.2,229.3,64.78,14.74,84.01,27.23,0.559,0.54,-0.97,2.39,12.92065,79.130599,true,false,,false,
102,2026-06-01T02:11:00Z,M01,OP06,SH-2026-06-01-M01-D,1929.5,46.48,88.48,90.58,351.3,184.8,64.59,14.85,83.94,27.21,0.601,0.31,-1.75,3.26,12.920612,79.130626,true,false,,false,
103,2026-06-01T02:12:00Z,M01,OP06,SH-2026-06-01-M01-D,1763.2,33.93,88.13,90.42,339.6,101.5,64.3,10.32,83.87,27.21,0.564,1.73,-0.57,1.75,12.920415,79.130795,true,false,,false,
104,2026-06-01T02:13:00Z,M01,OP06,SH-2026-06-01-M01-D,1713.8,31.67,87.81,90.42,342.0,67.9,63.93,9.32,83.82,27.24,0.55,2.36,-0.89,-0.27,12.920081,79.130916,true,false,,false,
105,2026-06-01T02:14:00Z,M01,OP06,SH-2026-06-01-M01-D,1704.5,31.22,87.73,90.72,357.4,47.7,63.68,8.76,83.77,27.21,0.523,1.99,-0.52,-0.04,12.919793,79.130993,true,false,,false,
106,2026-06-01T02:15:00Z,M01,OP06,SH-2026-06-01-M01-D,1731.4,30.99,87.55,91.0,380.4,47.5,63.4,9.47,83.73,27.25,0.548,2.12,0.54,0.07,12.919483,79.131067,true,false,,false,
107,2026-06-01T02:16:00Z,M01,OP06,SH-2026-06-01-M01-D,1691.7,32.37,87.32,90.69,377.4,59.0,63.3,9.61,83.68,27.35,0.53,1.58,0.61,0.39,12.919246,79.131073,true,false,,false,
108,2026-06-01T02:17:00Z,M01,OP06,SH-2026-06-01-M01-D,1706.1,30.2,87.04,90.66,368.6,46.7,63.11,9.58,83.64,27.47,0.524,1.7,0.75,0.68,12.918995,79.131121,true,false,,false,
109,2026-06-01T02:18:00Z,M01,OP06,SH-2026-06-01-M01-D,1688.2,31.17,86.47,90.67,348.9,38.3,62.79,8.99,83.59,27.4,0.52,2.02,-0.46,-1.24,12.918701,79.131197,true,false,,false,
110,2026-06-01T02:19:00Z,M01,OP06,SH-2026-06-01-M01-D,1664.4,30.31,86.6,90.74,346.2,46.1,62.55,8.33,83.55,27.51,0.541,2.13,-0.76,-0.49,12.918382,79.131215,true,false,,false,
111,2026-06-01T02:20:00Z,M01,OP06,SH-2026-06-01-M01-D,1640.6,33.66,86.35,90.13,338.3,42.7,62.35,8.39,83.51,27.59,0.571,1.92,-0.14,-0.21,12.918097,79.131176,true,false,,false,
112,2026-06-01T02:21:00Z,M01,OP06,SH-2026-06-01-M01-D,1636.5,30.62,86.1,89.81,345.7,39.1,62.32,8.54,83.47,27.69,0.6,1.77,0.81,1.03,12.917835,79.131131,true,false,,false,
113,2026-06-01T02:22:00Z,M01,OP06,SH-2026-06-01-M01-D,1636.6,30.21,85.63,89.98,344.3,25.3,62.16,8.8,83.43,27.66,0.638,2.39,2.89,2.01,12.917491,79.131033,true,false,,false,
114,2026-06-01T02:23:00Z,M01,OP06,SH-2026-06-01-M01-D,1617.7,32.51,85.32,90.31,343.9,19.6,61.91,8.75,83.38,27.78,0.616,1.46,0.57,2.44,12.917282,79.131098,true,false,,false,
115,2026-06-01T02:24:00Z,M01,OP06,SH-2026-06-01-M01-D,1601.5,32.24,85.26,90.67,350.1,21.7,61.8,9.01,83.34,27.84,0.586,1.59,-1.32,0.05,12.917043,79.131099,true,false,,false,
116,2026-06-01T02:25:00Z,M01,OP06,SH-2026-06-01-M01-D,1744.1,46.25,85.6,90.82,370.6,170.8,61.71,12.98,83.3,27.77,0.67,1.06,1.26,3.35,12.916885,79.131081,true,false,,false,
117,2026-06-01T02:26:00Z,M01,OP06,SH-2026-06-01-M01-D,1765.1,53.54,85.73,91.36,384.9,152.9,61.89,14.45,83.23,27.78,0.663,0.75,0.86,2.7,12.916784,79.131035,true,false,,false,
118,2026-06-01T02:27:00Z,M01,OP06,SH-2026-06-01-M01-D,1786.8,57.1,85.74,91.58,398.9,205.1,62.09,14.49,83.16,27.75,0.692,0.49,1.16,2.68,12.91671,79.131034,true,false,,false,
119,2026-06-01T02:28:00Z,M01,OP06,SH-2026-06-01-M01-D,1773.7,50.07,86.23,91.95,403.1,202.5,62.14,14.69,83.09,27.75,0.697,0.65,0.52,3.2,12.916612,79.13103,true,false,,false,
120,2026-06-01T02:29:00Z,M01,OP06,SH-2026-06-01-M01-D,1792.1,52.1,86.41,92.36,408.3,208.3,62.25,14.49,83.02,27.65,0.683,0.31,0.34,2.35,12.916565,79.131034,true,false,,false,
121,2026-06-01T02:30:00Z,M01,OP06,SH-2026-06-01-M01-D,1758.2,53.77,86.68,92.41,418.3,227.6,62.32,15.05,82.95,27.57,0.657,1.09,-0.42,4.77,12.916402,79.131033,true,false,,false,
122,2026-06-01T02:31:00Z,M01,OP06,SH-2026-06-01-M01-D,1770.2,47.98,87.13,92.39,416.9,223.0,62.41,14.6,82.88,27.45,0.605,0.65,0.13,3.48,12.916324,79.131093,true,false,,false,
123,2026-06-01T02:32:00Z,M01,OP06,SH-2026-06-01-M01-D,1811.5,45.74,87.83,92.38,421.4,209.4,62.35,14.57,82.81,27.31,0.676,0.63,0.15,4.17,12.916241,79.131138,true,false,,false,
124,2026-06-01T02:33:00Z,M01,OP06,SH-2026-06-01-M01-D,1806.3,46.57,87.88,92.13,417.7,183.7,62.4,14.61,82.74,27.27,0.683,0.14,-0.13,3.51,12.916226,79.131164,true,false,,false,
125,2026-06-01T02:34:00Z,M01,OP06,SH-2026-06-01-M01-D,1786.2,48.08,87.72,92.06,424.3,182.4,62.64,14.45,82.67,27.33,0.67,0.46,-1.05,4.37,12.916186,79.131221,true,false,,false,
126,2026-06-01T02:35:00Z,M01,OP06,SH-2026-06-01-M01-D,1768.9,47.93,88.33,92.23,414.7,222.4,62.7,14.28,82.6,27.26,0.667,0.27,0.8,4.64,12.916161,79.131252,true,false,,false,
127,2026-06-01T02:36:00Z,M01,OP06,SH-2026-06-01-M01-D,1784.0,49.53,88.85,92.65,409.3,204.6,62.63,13.7,82.53,27.21,0.683,0.35,1.69,4.83,12.916208,79.131231,true,false,,false,
128,2026-06-01T02:37:00Z,M01,OP06,SH-2026-06-01-M01-D,1750.0,48.19,89.22,92.59,400.5,207.5,62.75,13.9,82.46,27.22,0.688,0.79,1.04,4.42,12.916312,79.131174,true,false,,false,
129,2026-06-01T02:38:00Z,M01,OP06,SH-2026-06-01-M01-D,1740.5,46.09,89.61,92.61,395.2,205.6,62.78,14.23,82.4,27.19,0.653,0.65,0.44,3.57,12.916407,79.131155,true,false,,false,
130,2026-06-01T02:39:00Z,M01,OP06,SH-2026-06-01-M01-D,1749.2,47.31,89.84,92.42,396.9,215.3,62.88,14.57,82.33,27.22,0.664,0.78,0.56,3.81,12.916523,79.131137,true,false,,false,
131,2026-06-01T02:40:00Z,M01,OP06,SH-2026-06-01-M01-D,1720.1,47.51,90.12,92.6,373.5,202.3,63.1,14.92,82.26,27.21,0.674,0.43,1.26,3.66,12.916584,79.13112,true,false,,false,
132,2026-06-01T02:41:00Z,M01,OP06,SH-2026-06-01-M01-D,1664.5,49.79,90.31,92.57,369.7,217.5,63.1,15.05,82.19,27.23,0.681,0.1,1.08,4.29,12.916602,79.131095,true,false,,false,
133,2026-06-01T02:42:00Z,M01,OP06,SH-2026-06-01-M01-D,1627.7,47.31,90.34,93.07,378.8,224.8,63.02,15.26,82.11,27.21,0.635,0.0,-1.04,3.38,12.916607,79.131066,true,false,,false,
134,2026-06-01T02:43:00Z,M01,OP06,SH-2026-06-01-M01-D,1611.5,50.17,90.65,93.47,375.0,216.5,63.06,14.45,82.04,27.28,0.616,0.78,0.08,4.66,12.916598,79.13095,true,false,,false,
135,2026-06-01T02:44:00Z,M01,OP06,SH-2026-06-01-M01-D,1603.8,52.1,90.94,93.98,372.1,271.6,63.08,14.23,81.97,27.31,0.644,1.27,0.01,3.06,12.916566,79.130762,true,false,,false,
136,2026-06-01T02:45:00Z,M01,OP06,SH-2026-06-01-M01-D,1609.9,48.77,90.99,94.36,368.1,216.8,63.14,14.22,81.9,27.41,0.642,1.18,-0.69,4.47,12.916539,79.130587,true,false,,false,
137,2026-06-01T02:46:00Z,M01,OP06,SH-2026-06-01-M01-D,1619.6,45.1,91.3,94.51,354.7,234.0,63.19,14.2,81.83,27.47,0.628,0.8,-1.58,2.83,12.916484,79.13048,true,false,,false,
138,2026-06-01T02:47:00Z,M01,OP06,SH-2026-06-01-M01-D,1606.5,44.17,91.29,94.28,365.9,235.5,63.33,14.14,81.76,27.38,0.599,0.45,-0.38,2.64,12.916479,79.130414,true,false,,false,
139,2026-06-01T02:48:00Z,M01,OP06,SH-2026-06-01-M01-D,1607.7,45.07,91.45,94.28,373.7,271.9,63.41,14.36,81.7,27.44,0.666,1.34,0.4,3.45,12.916535,79.13022,true,false,,false,
140,2026-06-01T02:49:00Z,M01,OP06,SH-2026-06-01-M01-D,1598.9,43.38,91.72,93.68,370.4,182.7,63.58,14.94,81.63,27.39,0.67,1.44,-0.06,4.18,12.916615,79.130018,true,false,,false,
141,2026-06-01T02:50:00Z,M01,OP06,SH-2026-06-01-M01-D,1593.9,47.4,92.17,93.25,372.4,211.8,63.68,14.82,81.55,27.38,0.629,1.34,-0.7,2.84,12.916601,79.129818,true,false,,false,
142,2026-06-01T02:51:00Z,M01,OP06,SH-2026-06-01-M01-D,1584.8,46.25,92.23,93.36,386.6,220.2,63.78,15.12,81.48,27.43,0.601,1.37,0.41,2.29,12.916731,79.129658,true,false,,false,
143,2026-06-01T02:52:00Z,M01,OP06,SH-2026-06-01-M01-D,1577.6,50.55,92.34,93.64,390.0,223.6,63.93,14.55,81.41,27.37,0.6,1.19,0.69,1.89,12.916847,79.129523,true,false,,false,
144,2026-06-01T02:53:00Z,M01,OP06,SH-2026-06-01-M01-D,1594.5,47.5,92.6,93.73,401.4,180.0,64.0,14.85,81.34,27.31,0.645,1.5,2.0,2.1,12.916923,79.12931,true,false,,false,
145,2026-06-01T02:54:00Z,M01,OP06,SH-2026-06-01-M01-D,1613.8,45.52,92.26,94.07,396.8,205.1,63.89,15.0,81.27,27.24,0.634,0.84,0.91,2.08,12.916978,79.129198,true,false,,false,
146,2026-06-01T02:55:00Z,M01,OP06,SH-2026-06-01-M01-D,1642.2,47.11,91.6,94.01,374.5,167.6,63.93,14.75,81.2,27.24,0.652,0.67,0.81,2.94,12.917046,79.129122,true,false,,false,
147,2026-06-01T02:56:00Z,M01,OP06,SH-2026-06-01-M01-D,1648.0,44.3,91.33,93.77,380.1,215.6,63.72,15.06,81.12,27.23,0.638,1.25,0.79,4.0,12.917197,79.129012,true,false,,false,
148,2026-06-01T02:57:00Z,M01,OP06,SH-2026-06-01-M01-D,1682.5,42.28,90.73,94.01,387.7,211.1,63.77,14.89,81.05,27.24,0.647,1.52,0.76,3.33,12.917344,79.128837,true,false,,false,
149,2026-06-01T02:58:00Z,M01,OP06,SH-2026-06-01-M01-D,1718.8,47.01,90.47,94.62,380.9,248.2,63.83,14.81,80.98,27.19,0.659,0.77,0.43,5.68,12.917398,79.128735,true,false,,false,
150,2026-06-01T02:59:00Z,M01,OP06,SH-2026-06-01-M01-D,1739.3,46.82,89.56,94.85,364.0,265.9,63.75,15.37,80.91,27.25,0.699,0.1,0.05,4.3,12.917423,79.128719,true,false,,false,
151,2026-06-01T03:00:00Z,M01,OP06,SH-2026-06-01-M01-D,1730.2,54.23,89.02,94.47,351.2,195.7,63.95,15.49,80.83,27.34,0.694,0.0,-0.07,4.25,12.917453,79.128714,true,false,,false,
152,2026-06-01T03:01:00Z,M01,OP06,SH-2026-06-01-M01-D,1702.6,59.41,88.71,93.99,336.8,266.5,64.19,15.7,80.76,27.22,0.696,0.0,-0.93,4.19,12.917482,79.128723,true,false,,false,
153,2026-06-01T03:02:00Z,M01,OP06,SH-2026-06-01-M01-D,1661.3,58.6,88.76,94.41,322.1,213.8,64.32,15.49,80.68,27.17,0.706,0.13,0.95,4.04,12.917501,79.128746,true,false,,false,
154,2026-06-01T03:03:00Z,M01,OP06,SH-2026-06-01-M01-D,1675.7,59.44,88.1,95.01,304.4,215.4,64.47,15.01,80.61,27.2,0.716,0.0,1.53,4.21,12.917526,79.128762,true,false,,false,
155,2026-06-01T03:04:00Z,M01,OP06,SH-2026-06-01-M01-D,1684.5,57.88,87.66,95.46,293.0,235.5,64.47,14.5,80.54,27.2,0.698,0.0,0.09,2.97,12.917549,79.128781,true,false,,false,
156,2026-06-01T03:05:00Z,M01,OP06,SH-2026-06-01-M01-D,1700.5,57.5,87.28,95.93,295.5,237.0,64.47,14.49,80.47,27.3,0.678,0.0,1.06,4.31,12.917575,79.128797,true,false,,false,
157,2026-06-01T03:06:00Z,M01,OP06,SH-2026-06-01-M01-D,1713.7,62.7,86.97,96.35,295.5,198.8,64.53,13.8,80.4,27.3,0.667,0.19,0.87,4.39,12.917598,79.128816,true,false,,false,
158,2026-06-01T03:07:00Z,M01,OP06,SH-2026-06-01-M01-D,1663.2,64.44,86.28,96.28,291.1,158.1,64.79,14.15,80.33,27.27,0.675,0.3,1.88,4.19,12.917629,79.12885,true,false,,false,
159,2026-06-01T03:08:00Z,M01,OP06,SH-2026-06-01-M01-D,1645.6,65.96,85.94,97.06,303.7,220.4,64.76,13.9,80.26,27.26,0.712,0.78,1.68,3.85,12.917734,79.128902,true,false,,false,
160,2026-06-01T03:09:00Z,M01,OP06,SH-2026-06-01-M01-D,1646.1,64.86,85.8,97.15,302.8,237.4,64.82,14.41,80.19,27.25,0.686,0.98,-0.17,5.7,12.917808,79.129029,true,false,,false,
161,2026-06-01T03:10:00Z,M01,OP06,SH-2026-06-01-M01-D,1639.7,66.53,85.46,97.59,306.1,212.8,64.98,14.75,80.12,27.29,0.703,1.42,1.29,3.95,12.917874,79.129231,true,false,,false,
162,2026-06-01T03:11:00Z,M01,OP06,SH-2026-06-01-M01-D,1658.7,67.68,85.29,97.32,316.1,286.2,65.21,15.27,80.05,27.28,0.7,1.08,0.22,4.12,12.917863,79.129392,true,false,,false,
163,2026-06-01T03:12:00Z,M01,OP06,SH-2026-06-01-M01-D,1648.3,69.95,85.06,97.56,313.4,263.8,65.32,15.3,79.98,27.29,0.706,1.33,0.33,3.53,12.917878,79.129592,true,false,,false,
164,2026-06-01T03:13:00Z,M01,OP06,SH-2026-06-01-M01-D,1656.6,67.98,85.01,97.86,324.5,241.3,65.55,15.27,79.9,27.36,0.673,0.81,-0.48,4.41,12.917922,79.129704,true,false,,false,
165,2026-06-01T03:14:00Z,M01,OP06,SH-2026-06-01-M01-D,1681.3,67.83,84.77,97.81,321.3,303.8,65.9,14.78,79.83,27.4,0.628,1.07,0.09,3.31,12.917995,79.129848,true,false,,false,
166,2026-06-01T03:15:00Z,M01,OP06,SH-2026-06-01-M01-D,1728.8,69.29,84.55,98.4,317.0,319.6,66.14,14.75,79.76,27.48,0.625,1.22,1.47,3.23,12.918087,79.130006,true,false,,false,
167,2026-06-01T03:16:00Z,M01,OP06,SH-2026-06-01-M01-D,1738.5,72.72,84.36,99.09,336.7,329.6,66.46,14.88,79.69,27.49,0.613,1.62,1.78,4.22,12.918308,79.130108,true,false,,false,
168,2026-06-01T03:17:00Z,M01,OP06,SH-2026-06-01-M01-D,1747.5,73.54,84.19,99.43,328.9,296.8,66.69,15.33,79.62,27.59,0.592,1.73,0.62,4.41,12.918564,79.130156,true,false,,false,
169,2026-06-01T03:18:00Z,M01,OP06,SH-2026-06-01-M01-D,1736.2,74.97,83.98,99.43,317.2,263.8,66.97,14.68,79.54,27.61,0.525,0.53,1.62,4.42,12.918642,79.130169,true,false,,false,
170,2026-06-01T03:19:00Z,M01,OP06,SH-2026-06-01-M01-D,1723.7,72.66,83.63,99.61,322.8,308.9,67.14,14.16,79.47,27.85,0.518,0.67,-1.07,2.75,12.918741,79.130186,true,false,,false,
171,2026-06-01T03:20:00Z,M01,OP06,SH-2026-06-01-M01-D,1693.7,72.53,83.71,99.35,329.2,323.6,67.45,14.9,79.4,28.01,0.482,0.0,0.94,4.98,12.91877,79.130194,true,false,,false,
172,2026-06-01T03:21:00Z,M01,OP06,SH-2026-06-01-M01-D,1643.7,74.15,83.57,99.64,333.1,309.6,67.58,14.93,79.33,28.04,0.468,0.0,1.26,3.63,12.9188,79.130196,true,false,,false,
173,2026-06-01T03:22:00Z,M01,OP06,SH-2026-06-01-M01-D,1626.2,73.25,83.39,99.48,337.9,312.9,67.74,14.71,79.26,28.07,0.52,0.34,1.28,2.63,12.918851,79.130202,true,false,,false,
174,2026-06-01T03:23:00Z,M01,OP06,SH-2026-06-01-M01-D,1625.4,70.38,83.01,99.4,334.8,319.5,67.72,15.27,79.19,28.03,0.52,0.01,0.2,3.28,12.918881,79.130206,true,false,,false,
175,2026-06-01T03:24:00Z,M01,OP06,SH-2026-06-01-M01-D,1676.6,71.39,82.78,99.08,334.6,325.0,67.93,15.15,79.11,28.06,0.568,0.78,-1.11,2.3,12.918992,79.130244,true,false,,false,
176,2026-06-01T03:25:00Z,M01,OP06,SH-2026-06-01-M01-D,1667.3,72.13,82.9,98.85,352.1,339.3,68.05,15.32,79.04,28.03,0.555,0.3,0.46,2.6,12.919032,79.130266,true,false,,false,
177,2026-06-01T03:26:00Z,M01,OP06,SH-2026-06-01-M01-D,1535.5,63.62,82.26,97.88,340.0,134.0,68.11,11.1,78.97,28.11,0.504,1.8,0.53,0.04,12.919202,79.130477,true,false,,false,
178,2026-06-01T03:27:00Z,M01,OP06,SH-2026-06-01-M01-D,1499.5,57.89,81.67,97.0,339.0,89.5,67.92,9.61,78.91,28.11,0.478,1.71,1.59,-0.0,12.91919,79.130734,true,false,,false,
179,2026-06-01T03:28:00Z,M01,OP06,SH-2026-06-01-M01-D,1482.0,55.29,81.25,96.46,336.9,70.3,67.95,9.44,78.87,28.12,0.469,1.85,0.53,0.31,12.919248,79.131005,true,false,,false,
180,2026-06-01T03:29:00Z,M01,OP06,SH-2026-06-01-M01-D,1457.3,57.72,81.13,95.9,330.0,62.7,67.97,9.22,78.82,28.11,0.462,2.54,-0.64,-0.6,12.919302,79.131382,true,false,,false,
181,2026-06-01T03:30:00Z,M01,OP06,SH-2026-06-01-M01-D,1430.7,60.01,81.29,95.21,328.2,58.5,68.09,9.71,78.78,28.11,0.451,2.8,-0.33,-1.72,12.919522,79.131741,true,false,,false,
182,2026-06-01T03:31:00Z,M01,OP06,SH-2026-06-01-M01-D,1484.4,58.28,81.14,95.28,326.7,52.6,68.09,9.58,78.73,28.14,0.424,3.16,-1.5,-2.4,12.919908,79.132016,true,false,,false,
183,2026-06-01T03:32:00Z,M01,OP06,SH-2026-06-01-M01-D,1488.0,54.77,81.78,94.84,336.2,52.9,68.08,9.58,78.68,28.07,0.383,3.82,-0.46,-2.08,12.919742,79.131467,true,false,,false,
184,2026-06-01T03:33:00Z,M01,OP06,SH-2026-06-01-M01-D,1475.1,53.62,81.62,94.46,326.2,56.5,68.24,9.01,78.64,28.06,0.388,4.41,-1.17,-1.62,12.919385,79.130909,true,false,,false,
185,2026-06-01T03:34:00Z,M01,OP06,SH-2026-06-01-M01-D,1495.0,54.94,81.5,94.21,319.3,60.9,68.17,8.6,78.59,28.02,0.412,3.73,-1.59,-2.05,12.919026,79.130479,true,false,,false,
186,2026-06-01T03:35:00Z,M01,OP06,SH-2026-06-01-M01-D,1488.6,55.43,81.18,93.96,310.7,51.8,68.15,9.02,78.55,27.99,0.407,3.73,-0.09,0.06,12.91858,79.13014,true,false,,false,
187,2026-06-01T03:36:00Z,M01,OP06,SH-2026-06-01-M01-D,1495.3,49.6,81.09,93.26,304.8,61.5,68.03,8.48,78.51,27.99,0.368,3.6,-1.66,-1.06,12.91819,79.129765,true,false,,false,
188,2026-06-01T03:37:00Z,M01,OP06,SH-2026-06-01-M01-D,1485.3,49.58,81.31,93.01,311.8,56.4,68.03,8.56,78.47,28.06,0.336,4.33,-3.78,-0.07,12.917706,79.129332,true,false,,false,
189,2026-06-01T03:38:00Z,M01,OP06,SH-2026-06-01-M01-D,1626.4,65.33,81.67,93.27,335.9,185.4,68.21,12.87,78.43,28.09,0.325,2.01,0.65,1.49,12.917426,79.12922,true,false,,false,
190,2026-06-01T03:39:00Z,M01,OP06,SH-2026-06-01-M01-D,1679.4,69.99,82.45,93.66,353.0,236.3,68.25,14.12,78.36,28.18,0.285,1.77,0.69,-0.5,12.917182,79.129113,true,false,,false,
191,2026-06-01T03:40:00Z,M01,OP06,SH-2026-06-01-M01-D,1669.4,68.83,82.9,93.77,350.5,291.1,68.52,14.41,78.3,28.21,0.291,1.66,1.27,-0.69,12.916936,79.129074,true,false,,false,
192,2026-06-01T03:41:00Z,M01,OP06,SH-2026-06-01-M01-D,1662.2,71.94,83.62,94.23,375.6,289.5,68.77,14.17,78.23,28.15,0.316,2.06,-1.43,-2.14,12.916628,79.129085,true,false,,false,
193,2026-06-01T03:42:00Z,M01,OP06,SH-2026-06-01-M01-D,1660.5,70.31,84.19,94.57,400.5,291.1,68.98,14.1,78.16,28.2,0.301,1.6,0.76,-0.99,12.916403,79.129169,true,false,,false,
194,2026-06-01T03:43:00Z,M01,OP06,SH-2026-06-01-M01-D,1621.5,72.07,84.78,94.7,414.8,302.7,69.1,14.11,78.09,28.33,0.3,1.9,2.83,1.63,12.916133,79.129264,true,false,,false,
195,2026-06-01T03:44:00Z,M01,OP06,SH-2026-06-01-M01-D,1603.1,76.58,85.1,94.57,421.5,232.5,69.25,14.68,78.02,28.37,0.323,1.95,2.45,0.22,12.915908,79.129451,true,false,,false,
196,2026-06-01T03:45:00Z,M01,OP06,SH-2026-06-01-M01-D,1663.9,80.33,85.28,94.82,409.6,261.2,69.52,14.9,77.95,28.37,0.338,1.5,2.62,-1.0,12.915782,79.129638,true,false,,false,
197,2026-06-01T03:46:00Z,M01,OP06,SH-2026-06-01-M01-D,1689.8,82.46,85.43,94.92,408.9,272.6,69.74,14.47,77.88,28.32,0.376,1.9,2.67,0.14,12.915582,79.129842,true,false,,false,
198,2026-06-01T03:47:00Z,M01,OP06,SH-2026-06-01-M01-D,1693.6,81.92,85.29,94.63,407.6,289.4,69.88,14.88,77.81,28.33,0.369,1.93,0.41,-0.54,12.915355,79.130022,true,false,,false,
199,2026-06-01T03:48:00Z,M01,OP06,SH-2026-06-01-M01-D,1688.9,83.95,85.28,93.66,418.1,252.2,70.23,14.17,77.74,28.34,0.403,1.95,-0.96,0.47,12.915569,79.129821,true,false,,false,
200,2026-06-01T03:49:00Z,M01,OP06,SH-2026-06-01-M01-D,1668.6,77.56,85.27,92.82,419.2,263.7,70.39,13.92,77.67,28.32,0.451,2.27,-0.35,-1.32,12.915751,79.129534,true,false,,false,
201,2026-06-01T03:50:00Z,M01,OP06,SH-2026-06-01-M01-D,1666.2,70.1,85.5,92.42,412.9,257.0,70.63,14.04,77.6,28.32,0.444,2.13,-1.08,-0.94,12.915967,79.129298,true,false,,false,
202,2026-06-01T03:51:00Z,M01,OP06,SH-2026-06-01-M01-D,1633.7,73.19,85.76,91.92,410.9,277.9,70.78,14.42,77.53,28.23,0.409,1.96,-2.53,0.59,12.915995,79.129005,true,false,,false,
203,2026-06-01T03:52:00Z,M01,OP06,SH-2026-06-01-M01-D,1603.2,73.69,85.92,91.36,410.3,292.4,70.82,13.92,77.46,28.25,0.466,1.77,-1.08,0.64,12.916173,79.128808,true,false,,false,
204,2026-06-01T03:53:00Z,M01,OP06,SH-2026-06-01-M01-D,1603.0,71.89,86.14,91.11,411.2,291.9,70.77,13.5,77.4,28.32,0.47,1.69,-0.75,1.12,12.916205,79.128556,true,false,,false,
205,2026-06-01T03:54:00Z,M01,OP06,SH-2026-06-01-M01-D,1627.5,74.39,85.96,90.56,411.8,265.0,70.85,14.43,77.33,28.32,0.472,2.14,0.55,0.74,12.916185,79.128236,true,false,,false,
206,2026-06-01T03:55:00Z,M01,OP06,SH-2026-06-01-M01-D,1657.6,74.76,86.13,90.27,420.8,258.3,71.01,14.64,77.26,28.27,0.5,1.77,2.06,0.43,12.916102,79.127983,true,false,,false,
207,2026-06-01T03:56:00Z,M01,OP06,SH-2026-06-01-M01-D,1673.7,78.71,86.26,90.65,423.3,275.7,71.08,14.66,77.19,28.19,0.502,2.01,1.49,0.91,12.916,79.127699,true,false,,false,
208,2026-06-01T03:57:00Z,M01,OP06,SH-2026-06-01-M01-D,1679.7,79.32,86.04,91.02,401.1,240.0,71.43,14.25,77.12,28.16,0.502,2.27,2.46,-0.5,12.91587,79.127384,true,false,,false,
209,2026-06-01T03:58:00Z,M01,OP06,SH-2026-06-01-M01-D,1686.6,83.18,85.96,90.97,384.2,247.5,71.56,14.27,77.05,28.29,0.503,2.22,0.81,-1.51,12.916028,79.127677,true,false,,false,
210,2026-06-01T03:59:00Z,M01,OP06,SH-2026-06-01-M01-D,1693.2,80.36,86.16,90.85,376.6,247.5,71.67,14.47,76.98,28.19,0.472,1.7,0.01,-0.89,12.916271,79.127752,true,false,,false,
211,2026-06-01T04:00:00Z,M01,OP06,SH-2026-06-01-M01-D,1713.8,77.36,86.0,90.66,380.2,240.7,71.83,14.68,76.91,28.1,0.505,2.22,-0.54,0.18,12.916523,79.12797,true,false,,false,
212,2026-06-01T04:01:00Z,M01,OP06,SH-2026-06-01-M01-D,1754.6,76.44,85.43,90.48,357.6,247.0,71.85,14.47,76.84,28.07,0.479,1.39,-1.27,-0.48,12.916697,79.128085,true,false,,false,
213,2026-06-01T04:02:00Z,M01,OP06,SH-2026-06-01-M01-D,1776.7,76.63,85.2,90.49,376.6,223.3,71.93,14.73,76.77,28.04,0.461,1.04,-1.12,-0.41,12.916796,79.128206,true,false,,false,
214,2026-06-01T04:03:00Z,M01,OP06,SH-2026-06-01-M01-D,1682.8,60.78,84.66,90.01,355.7,105.2,71.99,10.7,76.7,28.05,0.414,3.0,-0.56,-0.21,12.916997,79.128609,true,false,,false,
215,2026-06-01T04:04:00Z,M01,OP06,SH-2026-06-01-M01-D,1649.7,56.18,84.42,89.84,353.7,70.7,71.74,9.13,76.65,28.07,0.41,4.84,-0.56,-2.55,12.917146,79.129319,true,false,,false,
216,2026-06-01T04:05:00Z,M01,OP06,SH-2026-06-01-M01-D,1630.8,55.09,84.19,89.72,349.7,50.6,71.66,8.9,76.6,28.15,0.385,4.09,0.02,0.14,12.917172,79.129932,true,false,,false,
217,2026-06-01T04:06:00Z,M01,OP06,SH-2026-06-01-M01-D,1598.9,53.1,84.06,89.5,339.1,50.0,71.44,8.94,76.56,28.06,0.379,4.54,0.68,-1.51,12.917254,79.13061,true,false,,false,
218,2026-06-01T04:07:00Z,M01,OP06,SH-2026-06-01-M01-D,1573.5,52.72,83.81,89.35,322.8,45.8,71.28,8.19,76.52,28.11,0.386,5.31,-0.93,-1.96,12.917119,79.131395,true,false,,false,
219,2026-06-01T04:08:00Z,M01,OP06,SH-2026-06-01-M01-D,1568.8,49.23,83.41,89.48,319.8,46.3,71.08,8.97,76.48,27.97,0.336,4.72,0.1,-2.08,12.916736,79.131992,true,false,,false,
220,2026-06-01T04:09:00Z,M01,OP06,SH-2026-06-01-M01-D,1537.9,52.2,82.71,89.36,318.8,49.5,70.92,9.35,76.44,28.0,0.329,4.64,-0.91,-0.42,12.917239,79.13151,true,false,,false,
221,2026-06-01T04:10:00Z,M01,OP06,SH-2026-06-01-M01-D,1515.5,54.81,82.36,89.08,318.4,48.7,70.63,8.81,76.39,27.89,0.344,5.3,-0.18,-0.07,12.917939,79.13113,true,false,,false,
222,2026-06-01T04:11:00Z,M01,OP06,SH-2026-06-01-M01-D,1491.4,57.09,82.09,89.0,310.4,49.8,70.57,8.82,76.35,27.77,0.35,4.56,0.87,0.22,12.91857,79.130864,true,false,,false,
223,2026-06-01T04:12:00Z,M01,OP06,SH-2026-06-01-M01-D,1480.8,58.62,81.83,88.95,314.4,50.6,70.54,8.34,76.3,27.66,0.362,4.68,1.34,-1.02,12.919134,79.130445,true,false,,false,
224,2026-06-01T04:13:00Z,M01,OP06,SH-2026-06-01-M01-D,1424.5,59.43,81.79,88.85,322.2,52.0,70.58,8.26,76.26,27.56,0.383,4.87,-0.3,-0.99,12.919862,79.130371,true,false,,false,
225,2026-06-01T04:14:00Z,M01,OP06,SH-2026-06-01-M01-D,1408.4,59.55,81.58,88.9,319.3,40.2,70.51,8.47,76.22,27.5,0.341,4.73,0.58,-0.26,12.920566,79.130281,true,false,,false,
226,2026-06-01T04:15:00Z,M01,OP06,SH-2026-06-01-M01-D,1395.7,55.84,81.58,89.3,331.5,47.6,70.6,8.33,76.18,27.48,0.383,5.22,-0.01,0.55,12.92135,79.130305,true,false,,false,
227,2026-06-01T04:16:00Z,M01,OP06,SH-2026-06-01-M01-D,1388.1,57.81,81.65,89.78,324.6,56.6,70.59,8.44,76.14,27.32,0.346,5.03,0.48,0.34,12.920649,79.130587,true,false,,false,
228,2026-06-01T04:17:00Z,M01,OP06,SH-2026-06-01-M01-D,1537.5,72.34,82.39,89.71,337.5,219.2,70.63,12.84,76.1,27.24,0.335,2.77,0.57,0.32,12.920238,79.130523,true,false,,false,
229,2026-06-01T04:18:00Z,M01,OP06,SH-2026-06-01-M01-D,1570.9,80.76,83.12,90.19,360.0,265.0,70.92,14.38,76.04,27.33,0.319,2.92,0.69,1.57,12.919806,79.130604,true,false,,false,
230,2026-06-01T04:19:00Z,M01,OP06,SH-2026-06-01-M01-D,1622.4,83.62,83.48,90.23,377.0,306.6,71.09,15.1,75.97,27.22,0.319,2.09,0.69,1.67,12.919503,79.130519,true,false,,false,
231,2026-06-01T04:20:00Z,M01,OP06,SH-2026-06-01-M01-D,1076.2,34.52,83.23,88.93,268.7,123.8,70.74,5.94,75.9,26.92,0.138,0.0,0.1,1.28,12.919503,79.130519,true,true,,false,
232,2026-06-01T04:21:00Z,M01,OP06,SH-2026-06-01-M01-D,886.4,21.91,83.33,87.9,236.8,68.1,70.41,3.68,75.87,26.82,0.112,0.0,0.04,1.3,12.919503,79.130519,true,true,,false,
233,2026-06-01T04:22:00Z,M01,OP06,SH-2026-06-01-M01-D,845.2,16.15,83.47,86.83,214.9,50.9,70.0,3.04,75.85,26.93,0.102,0.0,0.2,1.56,12.919503,79.130519,true,true,,false,
234,2026-06-01T04:23:00Z,M01,OP06,SH-2026-06-01-M01-D,812.6,13.57,83.27,86.47,217.8,34.5,69.55,2.63,75.84,26.95,0.096,0.0,-0.07,0.84,12.919503,79.130519,true,true,,false,
235,2026-06-01T04:24:00Z,M01,OP06,SH-2026-06-01-M01-D,835.6,13.65,83.04,86.53,218.6,36.7,68.86,2.39,75.82,27.01,0.104,0.0,-0.03,0.68,12.919503,79.130519,true,true,,false,
236,2026-06-01T04:25:00Z,M01,OP06,SH-2026-06-01-M01-D,1365.8,61.58,83.65,87.63,335.5,202.1,68.86,11.31,75.81,27.45,0.242,1.16,0.22,-0.67,12.919353,79.130433,true,false,,false,
237,2026-06-01T04:26:00Z,M01,OP06,SH-2026-06-01-M01-D,1564.0,75.37,84.62,88.99,363.7,225.5,69.13,13.98,75.76,27.44,0.255,1.39,-0.81,0.72,12.91923,79.130263,true,false,,false,
238,2026-06-01T04:27:00Z,M01,OP06,SH-2026-06-01-M01-D,1614.1,74.95,85.32,89.79,379.9,262.1,69.16,14.84,75.69,27.44,0.277,1.87,-0.69,0.93,12.919132,79.130001,true,false,,false,
239,2026-06-01T04:28:00Z,M01,OP06,SH-2026-06-01-M01-D,1592.9,83.05,86.11,90.9,382.9,293.7,69.34,15.51,75.62,27.47,0.264,1.54,-0.36,-0.58,12.919011,79.129804,true,false,,false,
240,2026-06-01T04:29:00Z,M01,OP06,SH-2026-06-01-M01-D,1596.3,83.3,86.77,91.84,384.3,296.6,69.88,16.46,75.54,27.59,0.302,1.29,0.84,-0.74,12.918907,79.129641,true,false,,false,
241,2026-06-01T04:30:00Z,M01,OP06,SH-2026-06-01-M01-D,1618.7,84.45,87.32,92.55,386.1,342.5,70.08,16.68,75.46,27.6,0.301,1.34,0.76,1.15,12.918734,79.129539,true,false,,false,
242,2026-06-01T04:31:00Z,M01,OP06,SH-2026-06-01-M01-D,1648.6,83.33,88.44,92.92,379.1,321.0,70.25,16.98,75.38,27.65,0.293,1.2,0.22,1.38,12.91858,79.129446,true,false,,false,
243,2026-06-01T04:32:00Z,M01,OP06,SH-2026-06-01-M01-D,1652.1,86.33,89.4,93.42,369.4,312.6,70.56,17.07,75.3,27.63,0.306,1.46,-0.13,0.66,12.918387,79.129343,true,false,,false,
244,2026-06-01T04:33:00Z,M01,OP06,SH-2026-06-01-M01-D,1637.0,87.01,89.94,94.12,382.5,309.3,70.86,17.2,75.22,27.67,0.313,1.42,1.07,-0.24,12.918198,79.129246,true,false,,false,
245,2026-06-01T04:34:00Z,M01,OP06,SH-2026-06-01-M01-D,1642.7,84.93,90.22,94.14,393.1,297.9,71.14,17.11,75.14,27.75,0.334,1.55,1.18,-0.64,12.918012,79.129104,true,false,,false,
246,2026-06-01T04:35:00Z,M01,OP06,SH-2026-06-01-M01-D,1640.6,80.92,90.35,94.73,392.8,341.9,71.5,17.71,75.05,27.68,0.285,2.16,0.94,-0.88,12.917739,79.12893,true,false,,false,
247,2026-06-01T04:36:00Z,M01,OP06,SH-2026-06-01-M01-D,1631.1,82.37,91.08,95.13,388.3,311.7,71.85,17.91,74.97,27.74,0.293,2.14,0.71,-0.16,12.917503,79.128711,true,false,,false,
248,2026-06-01T04:37:00Z,M01,OP06,SH-2026-06-01-M01-D,1652.7,83.89,91.43,95.08,395.2,281.9,72.07,17.51,74.88,27.85,0.351,1.93,1.65,-0.77,12.917251,79.128568,true,false,,false,
249,2026-06-01T04:38:00Z,M01,OP06,SH-2026-06-01-M01-D,1673.2,85.43,91.63,95.13,393.4,310.4,72.24,17.83,74.8,27.68,0.325,1.42,0.04,-1.7,12.917078,79.128443,true,false,,false,
250,2026-06-01T04:39:00Z,M01,OP06,SH-2026-06-01-M01-D,1652.7,84.45,92.09,95.35,377.4,288.3,72.33,18.18,74.71,27.63,0.368,2.03,0.87,0.18,12.916873,79.128218,true,false,,false,
251,2026-06-01T04:40:00Z,M01,OP06,SH-2026-06-01-M01-D,1061.4,34.54,91.24,94.07,264.9,123.6,72.05,8.32,74.62,27.3,0.178,0.0,0.54,0.5,12.916873,79.128218,true,true,,false,
252,2026-06-01T04:41:00Z,M01,OP06,SH-2026-06-01-M01-D,902.9,19.31,90.77,92.45,227.1,61.1,71.34,4.9,74.58,27.19,0.118,0.0,0.25,0.24,12.916873,79.128218,true,true,,false,
253,2026-06-01T04:42:00Z,M01,OP06,SH-2026-06-01-M01-D,819.5,17.32,90.49,91.48,221.2,47.2,70.66,3.78,74.56,27.11,0.12,0.0,-0.04,0.42,12.916873,79.128218,true,true,,false,
254,2026-06-01T04:43:00Z,M01,OP06,SH-2026-06-01-M01-D,806.9,15.46,90.0,90.63,210.9,42.7,70.12,3.81,74.54,27.04,0.108,0.0,0.12,0.51,12.916873,79.128218,true,true,,false,
255,2026-06-01T04:44:00Z,M01,OP06,SH-2026-06-01-M01-D,1355.5,62.11,90.26,91.9,325.8,221.7,69.95,14.44,74.52,27.28,0.28,2.3,-0.08,1.08,12.916688,79.127927,true,false,,false,
256,2026-06-01T04:45:00Z,M01,OP06,SH-2026-06-01-M01-D,1519.6,69.39,90.85,93.24,365.5,228.3,69.94,18.14,74.45,27.31,0.318,2.46,1.19,2.7,12.916449,79.127645,true,false,,false,
257,2026-06-01T04:46:00Z,M01,OP06,SH-2026-06-01-M01-D,1587.8,78.23,91.31,93.81,362.8,215.3,70.2,18.97,74.37,27.37,0.297,2.08,1.0,1.52,12.916207,79.12745,true,false,,false,
258,2026-06-01T04:47:00Z,M01,OP06,SH-2026-06-01-M01-D,1024.8,33.23,90.53,91.8,248.2,94.0,69.81,8.44,74.27,27.07,0.148,0.0,0.36,1.19,12.916207,79.12745,true,true,,false,
259,2026-06-01T04:48:00Z,M01,OP06,SH-2026-06-01-M01-D,865.7,20.66,90.25,90.41,220.5,51.0,69.17,5.16,74.23,27.26,0.143,0.0,0.25,0.81,12.916207,79.12745,true,true,,false,
260,2026-06-01T04:49:00Z,M01,OP06,SH-2026-06-01-M01-D,825.4,12.71,89.98,89.17,209.6,32.5,68.64,4.08,74.21,27.45,0.146,0.0,0.01,0.77,12.916207,79.12745,true,true,,false,
261,2026-06-01T04:50:00Z,M01,OP06,SH-2026-06-01-M01-D,798.9,11.62,89.74,88.28,212.0,25.4,68.13,3.52,74.19,27.43,0.127,0.0,-0.16,0.77,12.916207,79.12745,true,true,,false,
262,2026-06-01T04:51:00Z,M01,OP06,SH-2026-06-01-M01-D,805.6,12.83,89.42,87.37,219.6,25.8,67.62,3.32,74.17,27.47,0.151,0.0,-0.15,1.03,12.916207,79.12745,true,true,,false,
263,2026-06-01T04:52:00Z,M01,OP06,SH-2026-06-01-M01-D,809.6,14.34,88.99,86.88,229.6,21.3,67.24,3.65,74.16,27.47,0.146,0.0,0.22,0.72,12.916207,79.12745,true,true,,false,
264,2026-06-01T04:53:00Z,M01,OP06,SH-2026-06-01-M01-D,1352.2,56.62,89.94,87.53,340.2,194.4,67.5,14.04,74.14,27.8,0.386,1.6,0.74,0.57,12.91599,79.127346,true,false,,false,
265,2026-06-01T04:54:00Z,M01,OP06,SH-2026-06-01-M01-D,1521.1,71.69,90.51,88.18,372.0,185.2,67.66,16.87,74.07,28.01,0.445,1.75,1.11,-0.23,12.916181,79.127526,true,false,,false,
266,2026-06-01T04:55:00Z,M01,OP06,SH-2026-06-01-M01-D,1619.4,75.51,90.91,88.84,374.4,234.7,67.91,17.71,73.99,28.13,0.466,2.05,0.27,-1.06,12.916431,79.127705,true,false,,false,
267,2026-06-01T04:56:00Z,M01,OP06,SH-2026-06-01-M01-D,1656.2,77.13,91.57,89.11,376.9,267.9,68.35,17.65,73.9,28.05,0.518,1.16,-1.34,0.07,12.9166,79.127742,true,false,,false,
268,2026-06-01T04:57:00Z,M01,OP06,SH-2026-06-01-M01-D,1624.1,81.07,92.19,89.58,389.6,265.3,68.67,16.69,73.82,28.02,0.526,0.97,0.44,0.26,12.916739,79.127784,true,false,,false,
269,2026-06-01T04:58:00Z,M01,OP06,SH-2026-06-01-M01-D,1610.5,83.14,92.58,89.66,405.8,193.6,68.92,16.9,73.74,28.12,0.514,0.86,-3.02,2.03,12.916851,79.127849,true,false,,false,
270,2026-06-01T04:59:00Z,M01,OP06,SH-2026-06-01-M01-D,1606.5,81.2,92.59,89.65,406.1,272.5,69.39,17.14,73.66,28.01,0.49,1.08,-1.25,2.0,12.91698,79.127947,true,false,,false,
271,2026-06-01T05:00:00Z,M01,OP06,SH-2026-06-01-M01-D,1605.7,83.36,92.5,89.87,410.6,280.3,69.7,17.05,73.57,28.0,0.543,0.9,-1.41,0.34,12.917087,79.128029,true,false,,false,
272,2026-06-01T05:01:00Z,M01,OP06,SH-2026-06-01-M01-D,1619.7,77.77,92.63,90.02,418.0,224.1,69.83,17.31,73.49,28.15,0.501,1.0,-1.27,-0.58,12.917205,79.128121,true,false,,false,
273,2026-06-01T05:02:00Z,M01,OP06,SH-2026-06-01-M01-D,1621.9,79.15,92.85,90.08,418.7,255.0,70.19,17.15,73.41,28.23,0.524,0.79,-3.38,1.01,12.917314,79.128166,true,false,,false,
274,2026-06-01T05:03:00Z,M01,OP06,SH-2026-06-01-M01-D,1621.2,81.09,92.67,90.47,406.9,266.0,70.6,16.94,73.32,28.15,0.482,1.47,-1.92,0.98,12.917522,79.128238,true,false,,false,
275,2026-06-01T05:04:00Z,M01,OP06,SH-2026-06-01-M01-D,1661.2,77.75,92.46,91.15,419.3,221.8,70.56,17.76,73.24,28.21,0.528,1.34,-0.02,1.59,12.9177,79.128333,true,false,,false,
276,2026-06-01T05:05:00Z,M01,OP06,SH-2026-06-01-M01-D,1648.2,73.12,92.34,91.52,419.7,287.9,70.41,17.95,73.16,28.18,0.562,1.24,0.23,1.49,12.917883,79.128368,true,false,,false,
277,2026-06-01T05:06:00Z,M01,OP06,SH-2026-06-01-M01-D,1615.9,73.23,92.54,92.44,406.2,283.1,70.56,17.48,73.07,28.21,0.546,1.17,-0.77,2.24,12.918056,79.128339,true,false,,false,
278,2026-06-01T05:07:00Z,M01,OP06,SH-2026-06-01-M01-D,1643.8,69.51,92.69,93.06,400.7,244.7,70.6,17.53,72.98,28.26,0.51,1.43,-1.55,3.49,12.918269,79.128363,true,false,,false,
279,2026-06-01T05:08:00Z,M01,OP06,SH-2026-06-01-M01-D,1657.4,69.16,93.1,93.65,401.0,282.9,70.75,17.86,72.9,28.26,0.528,1.43,-1.51,2.67,12.918479,79.128414,true,false,,false,
280,2026-06-01T05:09:00Z,M01,OP06,SH-2026-06-01-M01-D,1669.7,72.27,93.73,94.79,390.2,240.9,70.84,18.04,72.81,28.23,0.516,0.78,-0.32,2.49,12.918588,79.128455,true,false,,false,
281,2026-06-01T05:10:00Z,M01,OP06,SH-2026-06-01-M01-D,1640.6,70.06,93.82,95.31,395.6,264.5,70.99,18.24,72.73,28.31,0.502,0.54,-0.28,1.15,12.918664,79.128481,true,false,,false,
282,2026-06-01T05:11:00Z,M01,OP06,SH-2026-06-01-M01-D,1635.3,69.24,93.71,95.38,403.8,232.5,71.0,18.62,72.64,28.41,0.544,0.2,-0.33,0.69,12.918686,79.128501,true,false,,false,
283,2026-06-01T05:12:00Z,M01,OP06,SH-2026-06-01-M01-D,1637.9,71.29,93.8,95.78,382.3,227.4,70.75,18.65,72.55,28.35,0.522,0.54,0.98,1.58,12.918759,79.128536,true,false,,false,
284,2026-06-01T05:13:00Z,M01,OP06,SH-2026-06-01-M01-D,1669.1,73.57,94.01,96.7,376.9,257.4,70.67,19.19,72.46,28.35,0.501,0.0,-0.21,0.03,12.918789,79.128536,true,false,,false,
285,2026-06-01T05:14:00Z,M01,OP06,SH-2026-06-01-M01-D,1683.5,70.16,93.97,97.64,381.7,248.6,70.82,19.01,72.37,28.31,0.467,0.0,-0.01,2.27,12.918819,79.128534,true,false,,false,
286,2026-06-01T05:15:00Z,M01,OP06,SH-2026-06-01-M01-D,1675.5,72.25,93.78,97.69,392.0,260.1,71.07,18.73,72.27,28.38,0.461,0.0,0.4,1.83,12.918848,79.128526,true,false,,false,
287,2026-06-01T05:16:00Z,M01,OP06,SH-2026-06-01-M01-D,1726.3,81.5,93.47,98.03,411.4,304.1,71.14,18.0,72.18,28.31,0.46,0.0,-1.18,-0.16,12.918876,79.128516,true,false,,false,
288,2026-06-01T05:17:00Z,M01,OP06,SH-2026-06-01-M01-D,1715.2,78.8,93.29,98.07,411.7,311.1,71.4,16.8,72.1,28.27,0.416,0.0,0.15,0.06,12.918906,79.128515,true,false,,false,
289,2026-06-01T05:18:00Z,M01,OP06,SH-2026-06-01-M01-D,1770.4,81.65,93.25,98.15,401.6,280.5,71.62,16.46,72.02,28.38,0.401,0.0,-0.04,-0.16,12.918936,79.128509,true,false,,false,
290,2026-06-01T05:19:00Z,M01,OP06,SH-2026-06-01-M01-D,1776.4,79.95,92.84,98.1,406.5,269.6,71.88,16.77,71.94,28.38,0.434,0.0,0.34,1.95,12.918963,79.128497,true,false,,false,
291,2026-06-01T05:20:00Z,M01,OP06,SH-2026-06-01-M01-D,1747.3,79.19,93.11,97.86,405.5,283.1,72.11,16.67,71.85,28.39,0.443,0.3,-0.25,0.51,12.919002,79.128475,true,false,,false,
292,2026-06-01T05:21:00Z,M01,OP06,SH-2026-06-01-M01-D,1751.1,74.86,93.07,97.71,396.0,284.7,72.2,16.88,71.77,28.41,0.477,0.1,0.76,1.6,12.919031,79.128466,true,false,,false,
293,2026-06-01T05:22:00Z,M01,OP06,SH-2026-06-01-M01-D,1723.0,72.0,92.98,97.1,384.0,340.7,72.36,17.04,71.69,28.35,0.443,0.44,0.33,2.03,12.919093,79.128444,true,false,,false,
294,2026-06-01T05:23:00Z,M01,OP06,SH-2026-06-01-M01-D,1750.7,74.11,92.75,96.22,391.1,357.9,72.66,17.64,71.61,28.33,0.411,0.0,1.69,1.75,12.919121,79.128433,true,false,,false,
295,2026-06-01T05:24:00Z,M01,OP06,SH-2026-06-01-M01-D,1755.0,72.4,92.18,95.89,395.6,347.7,72.59,17.07,71.53,28.38,0.418,0.0,1.43,2.82,12.919146,79.128417,true,false,,false,
296,2026-06-01T05:25:00Z,M01,OP06,SH-2026-06-01-M01-D,1734.2,74.52,91.71,95.18,404.4,262.3,72.6,17.04,71.44,28.42,0.454,0.0,-0.25,0.96,12.919175,79.128409,true,false,,false,
297,2026-06-01T05:26:00Z,M01,OP06,SH-2026-06-01-M01-D,1730.9,74.22,91.45,94.4,404.0,301.5,72.52,18.05,71.36,28.37,0.452,0.33,-0.61,0.38,12.919223,79.128394,true,false,,false,
298,2026-06-01T05:27:00Z,M01,OP06,SH-2026-06-01-M01-D,1732.8,75.26,90.76,93.21,400.7,281.3,72.36,18.38,71.27,28.4,0.414,1.21,-0.18,-1.4,12.919403,79.128365,true,false,,false,
299,2026-06-01T05:28:00Z,M01,OP06,SH-2026-06-01-M01-D,1741.4,78.52,90.49,92.93,400.9,283.5,72.64,18.85,71.18,28.41,0.388,0.64,0.21,-0.35,12.919497,79.128346,true,false,,false,
300,2026-06-01T05:29:00Z,M01,OP06,SH-2026-06-01-M01-D,1747.5,74.22,90.0,92.44,398.0,261.3,72.77,18.68,71.09,28.43,0.361,0.37,-1.5,0.82,12.919549,79.128325,true,false,,false,
301,2026-06-01T05:30:00Z,M01,OP06,SH-2026-06-01-M01-D,1738.7,77.41,89.79,92.21,405.5,275.1,72.85,19.11,71.0,28.39,0.395,0.29,-1.44,1.01,12.919592,79.128323,true,false,,false,
302,2026-06-01T05:31:00Z,M01,OP06,SH-2026-06-01-M01-D,1715.3,79.66,89.39,91.97,405.8,239.8,73.03,18.36,70.91,28.23,0.43,0.82,-0.36,1.11,12.919714,79.128342,true,false,,false,
303,2026-06-01T05:32:00Z,M01,OP06,SH-2026-06-01-M01-D,1728.9,78.58,89.12,91.71,412.7,276.5,73.1,18.92,70.82,28.11,0.469,0.46,-0.93,1.78,12.919782,79.128355,true,false,,false,
304,2026-06-01T05:33:00Z,M01,OP06,SH-2026-06-01-M01-D,1585.8,64.26,88.48,91.45,384.0,127.7,72.99,13.43,70.73,28.05,0.421,1.56,-2.3,0.99,12.920014,79.128329,true,false,,false,
305,2026-06-01T05:34:00Z,M01,OP06,SH-2026-06-01-M01-D,1538.1,56.93,87.77,91.22,371.5,81.7,72.85,11.73,70.67,28.09,0.405,1.76,-1.56,-0.72,12.920269,79.128398,true,false,,false,
306,2026-06-01T05:35:00Z,M01,OP06,SH-2026-06-01-M01-D,1517.3,54.33,87.47,90.84,363.4,70.0,72.73,11.39,70.61,28.17,0.4,2.01,-0.72,-2.04,12.920566,79.128454,true,false,,false,
307,2026-06-01T05:36:00Z,M01,OP06,SH-2026-06-01-M01-D,1563.1,55.66,87.25,91.03,354.3,61.1,72.52,10.88,70.55,28.14,0.402,3.04,-0.54,-1.74,12.920965,79.128677,true,false,,false,
308,2026-06-01T05:37:00Z,M01,OP06,SH-2026-06-01-M01-D,1579.0,54.55,86.99,90.88,349.0,66.4,72.44,10.53,70.5,28.13,0.401,2.95,0.62,-1.5,12.92139,79.128799,true,false,,false,
309,2026-06-01T05:38:00Z,M01,OP06,SH-2026-06-01-M01-D,1577.3,52.66,86.6,90.32,330.0,65.0,72.27,10.32,70.45,28.09,0.429,2.44,0.86,-0.7,12.921687,79.129014,true,false,,false,
310,2026-06-01T05:39:00Z,M01,OP06,SH-2026-06-01-M01-D,1700.8,67.57,86.57,90.96,344.0,210.0,72.42,14.26,70.4,28.08,0.416,0.74,0.7,4.49,12.921576,79.129007,true,false,,false,
311,2026-06-01T05:40:00Z,M01,OP06,SH-2026-06-01-M01-D,1754.0,73.51,86.65,91.6,347.5,306.5,72.61,15.67,70.33,28.07,0.425,0.4,0.65,7.6,12.921517,79.128997,true,false,,false,
312,2026-06-01T05:41:00Z,M01,OP06,SH-2026-06-01-M01-D,1782.6,79.55,87.15,92.46,334.3,325.1,72.61,15.97,70.26,28.01,0.441,0.0,1.06,7.45,12.92149,79.129009,true,false,,false,
313,2026-06-01T05:42:00Z,M01,OP06,SH-2026-06-01-M01-D,1769.5,82.72,86.91,93.0,320.2,288.4,72.6,16.45,70.18,27.92,0.413,0.0,1.74,6.54,12.92146,79.129003,true,false,,false,
314,2026-06-01T05:43:00Z,M01,OP06,SH-2026-06-01-M01-D,1772.8,84.79,87.07,93.35,323.4,318.6,72.74,16.69,70.1,27.85,0.427,0.0,1.81,7.0,12.921431,79.129006,true,false,,false,
315,2026-06-01T05:44:00Z,M01,OP06,SH-2026-06-01-M01-D,1776.3,84.86,86.7,94.43,327.1,343.2,72.97,15.72,70.02,27.78,0.437,0.33,1.97,8.54,12.921382,79.129011,true,false,,false,
316,2026-06-01T05:45:00Z,M01,OP06,SH-2026-06-01-M01-D,1738.4,86.24,86.49,95.03,325.9,303.3,73.28,15.35,69.94,27.83,0.409,1.2,3.07,7.59,12.921201,79.12901,true,false,,false,
317,2026-06-01T05:46:00Z,M01,OP06,SH-2026-06-01-M01-D,1685.0,83.88,86.37,95.38,337.8,316.9,73.43,15.95,69.87,27.71,0.425,1.52,2.14,8.47,12.920973,79.129003,true,false,,false,
318,2026-06-01T05:47:00Z,M01,OP06,SH-2026-06-01-M01-D,1645.6,84.99,85.9,95.83,349.4,309.1,73.52,16.15,69.79,27.7,0.402,0.76,0.67,7.88,12.920864,79.129039,true,false,,false,
319,2026-06-01T05:48:00Z,M01,OP06,SH-2026-06-01-M01-D,1625.9,84.15,85.44,96.54,359.6,283.8,73.64,16.34,69.71,27.62,0.407,0.61,0.78,7.17,12.920786,79.129086,true,false,,false,
320,2026-06-01T05:49:00Z,M01,OP06,SH-2026-06-01-M01-D,1625.7,83.58,85.08,97.39,369.1,300.9,73.73,15.71,69.63,27.62,0.448,1.0,1.33,6.37,12.920638,79.129111,true,false,,false,
321,2026-06-01T05:50:00Z,M01,OP06,SH-2026-06-01-M01-D,1607.4,85.0,84.69,97.78,365.6,326.4,73.95,15.81,69.56,27.46,0.448,1.63,1.94,8.37,12.920395,79.129139,true,false,,false,
322,2026-06-01T05:51:00Z,M01,OP06,SH-2026-06-01-M01-D,1607.3,85.22,84.32,97.79,340.9,272.2,74.11,16.01,69.48,27.49,0.457,1.26,0.56,8.39,12.920207,79.129144,true,false,,false,
323,2026-06-01T05:52:00Z,M01,OP06,SH-2026-06-01-M01-D,1640.3,85.93,84.04,98.09,338.6,330.0,74.45,15.22,69.41,27.48,0.437,1.37,-0.37,8.13,12.920001,79.12914,true,false,,false,
324,2026-06-01T05:53:00Z,M01,OP06,SH-2026-06-01-M01-D,1605.6,84.03,83.86,98.79,343.0,289.9,74.57,15.58,69.33,27.47,0.403,1.91,0.62,7.89,12.919717,79.129109,true,false,,false,
325,2026-06-01T05:54:00Z,M01,OP06,SH-2026-06-01-M01-D,1611.5,75.11,83.81,99.39,344.3,321.8,74.63,15.58,69.26,27.44,0.393,2.23,0.32,7.3,12.919383,79.129141,true,false,,false,
326,2026-06-01T05:55:00Z,M01,OP06,SH-2026-06-01-M01-D,1649.4,75.13,83.55,100.25,352.1,284.5,74.67,16.31,69.18,27.5,0.384,1.62,0.58,7.2,12.919154,79.129221,true,false,,false,
327,2026-06-01T05:56:00Z,M01,OP06,SH-2026-06-01-M01-D,1617.3,75.93,83.47,100.87,368.7,337.2,74.75,17.04,69.1,27.5,0.414,1.56,0.96,8.43,12.918945,79.129329,true,false,,false,
328,2026-06-01T05:57:00Z,M01,OP06,SH-2026-06-01-M01-D,1611.0,80.56,83.43,101.24,379.2,338.2,74.9,17.49,69.02,27.53,0.408,1.59,2.11,8.16,12.918788,79.129509,true,false,,false,
329,2026-06-01T05:58:00Z,M01,OP06,SH-2026-06-01-M01-D,1612.1,75.25,83.16,101.77,377.3,280.5,74.93,17.28,68.94,27.56,0.371,1.82,0.67,8.54,12.918538,79.129619,true,false,,false,
330,2026-06-01T05:59:00Z,M01,OP06,SH-2026-06-01-M01-D,1599.7,76.5,83.22,102.56,373.4,316.0,74.93,17.72,68.85,27.37,0.369,2.14,-0.21,7.93,12.918299,79.129835,true,false,,false,
331,2026-06-01T06:00:00Z,M01,OP06,SH-2026-06-01-M01-D,1621.8,74.51,83.18,102.78,380.3,273.7,74.87,17.65,68.77,27.24,0.331,2.52,-0.28,5.57,12.918008,79.130077,true,false,,false,
332,2026-06-01T06:01:00Z,M01,OP06,SH-2026-06-01-M01-D,1620.9,81.91,83.41,102.76,371.5,295.8,75.05,17.86,68.68,27.25,0.29,2.03,0.9,6.62,12.917755,79.130247,true,false,,false,
333,2026-06-01T06:02:00Z,M01,OP06,SH-2026-06-01-M01-D,1625.5,82.74,83.56,103.0,372.2,278.0,75.11,18.48,68.59,27.27,0.336,2.07,0.93,8.04,12.917561,79.13049,true,false,,false,
334,2026-06-01T06:03:00Z,M01,OP06,SH-2026-06-01-M01-D,1636.8,81.09,83.45,103.59,395.1,323.8,75.08,18.03,68.51,27.19,0.345,1.62,1.31,7.14,12.917461,79.130711,true,false,,false,
335,2026-06-01T06:04:00Z,M01,OP06,SH-2026-06-01-M01-D,1685.3,80.43,83.55,103.07,409.3,317.4,75.21,18.46,68.42,27.2,0.377,1.22,2.66,7.24,12.917422,79.130891,true,false,,false,
336,2026-06-01T06:05:00Z,M01,OP06,SH-2026-06-01-M01-D,1708.9,82.79,83.42,102.55,417.8,302.6,75.16,18.04,68.33,27.18,0.381,1.14,2.17,5.67,12.917289,79.130998,true,false,,false,
337,2026-06-01T06:06:00Z,M01,OP06,SH-2026-06-01-M01-D,1711.7,81.08,83.34,101.96,412.7,337.0,75.21,17.76,68.24,27.22,0.404,1.14,0.64,7.66,12.917166,79.131116,true,false,,false,
338,2026-06-01T06:07:00Z,M01,OP06,SH-2026-06-01-M01-D,1737.2,79.26,83.34,101.43,400.2,268.8,75.13,16.75,68.16,27.22,0.424,1.84,0.22,7.76,12.916897,79.131179,true,false,,false,
339,2026-06-01T06:08:00Z,M01,OP06,SH-2026-06-01-M01-D,1728.2,81.6,83.57,101.14,389.7,329.6,75.18,16.72,68.08,27.26,0.479,1.85,0.01,8.27,12.916619,79.131161,true,false,,false,
340,2026-06-01T06:09:00Z,M01,OP06,SH-2026-06-01-M01-D,1754.8,80.7,83.82,100.76,388.4,268.8,75.16,17.55,67.99,27.29,0.499,2.3,-1.87,7.8,12.916283,79.131083,true,false,,false,
341,2026-06-01T06:10:00Z,M01,OP06,SH-2026-06-01-M01-D,1787.2,78.46,83.74,100.39,380.4,294.6,75.17,18.28,67.91,27.25,0.551,2.63,-0.3,9.27,12.91591,79.13095,true,false,,false,
342,2026-06-01T06:11:00Z,M01,OP06,SH-2026-06-01-M01-D,1759.0,76.79,83.52,99.88,372.6,343.9,75.31,18.2,67.82,27.25,0.538,2.64,-0.01,8.34,12.916146,79.130632,true,false,,false,
343,2026-06-01T06:12:00Z,M01,OP06,SH-2026-06-01-M01-D,1775.2,78.81,83.5,99.74,377.7,284.0,75.39,18.24,67.73,27.27,0.537,1.91,0.56,6.5,12.916135,79.130346,true,false,,false,
344,2026-06-01T06:13:00Z,M01,OP06,SH-2026-06-01-M01-D,1776.4,80.34,83.45,99.99,382.9,275.3,75.23,18.04,67.65,27.31,0.52,1.99,0.39,4.61,12.916082,79.130052,true,false,,false,
345,2026-06-01T06:14:00Z,M01,OP06,SH-2026-06-01-M01-D,1763.9,80.4,83.55,100.08,392.3,292.7,75.21,17.76,67.56,27.34,0.55,1.74,-0.58,6.11,12.916121,79.129794,true,false,,false,
346,2026-06-01T06:15:00Z,M01,OP06,SH-2026-06-01-M01-D,1747.5,83.62,83.44,100.12,385.1,274.4,75.31,18.11,67.47,27.32,0.545,1.72,1.16,6.14,12.916188,79.129545,true,false,,false,
347,2026-06-01T06:16:00Z,M01,OP06,SH-2026-06-01-M01-D,1772.3,83.52,83.11,100.36,386.2,256.3,75.45,18.49,67.38,27.35,0.581,1.81,0.9,8.21,12.916132,79.129279,true,false,,false,
348,2026-06-01T06:17:00Z,M01,OP06,SH-2026-06-01-M01-D,1794.5,85.68,83.36,100.42,376.7,299.8,75.55,18.86,67.3,27.33,0.545,2.43,-0.0,5.99,12.916053,79.128923,true,false,,false,
349,2026-06-01T06:18:00Z,M01,OP06,SH-2026-06-01-M01-D,1803.6,84.97,83.55,100.28,381.7,291.6,75.64,19.35,67.2,27.36,0.567,1.28,0.11,5.94,12.916048,79.128731,true,false,,false,
350,2026-06-01T06:19:00Z,M01,OP06,SH-2026-06-01-M01-D,1837.0,81.75,83.36,99.79,400.1,262.7,75.82,18.5,67.11,27.37,0.54,1.49,-0.19,7.88,12.916043,79.128508,true,false,,false,
351,2026-06-01T06:20:00Z,M01,OP06,SH-2026-06-01-M01-D,1837.1,82.61,83.21,99.42,392.6,254.6,76.15,18.93,67.02,27.36,0.564,1.66,0.6,7.81,12.916024,79.128259,true,false,,false,
352,2026-06-01T06:21:00Z,M01,OP06,SH-2026-06-01-M01-D,1817.3,86.9,83.26,99.04,385.8,298.0,76.39,18.77,66.93,27.34,0.608,1.78,1.56,7.07,12.915903,79.128021,true,false,,false,
353,2026-06-01T06:22:00Z,M01,OP06,SH-2026-06-01-M01-D,1791.5,86.06,83.58,99.19,390.2,284.3,76.62,19.3,66.84,27.43,0.6,1.54,2.18,8.19,12.915719,79.127882,true,false,,false,
354,2026-06-01T06:23:00Z,M01,OP06,SH-2026-06-01-M01-D,1772.0,78.88,84.06,99.58,393.9,254.9,76.7,19.31,66.75,27.46,0.558,0.96,2.43,7.71,12.915846,79.12795,true,false,,false,
355,2026-06-01T06:24:00Z,M01,OP06,SH-2026-06-01-M01-D,1784.7,85.23,84.35,100.2,386.5,223.4,76.93,19.03,66.65,27.33,0.566,0.62,-0.73,8.97,12.915938,79.127968,true,false,,false,
356,2026-06-01T06:25:00Z,M01,OP06,SH-2026-06-01-M01-D,1598.6,70.01,84.17,99.87,346.2,126.1,76.87,13.35,66.56,27.47,0.486,3.45,-0.53,3.16,12.916455,79.127987,true,false,,false,
357,2026-06-01T06:26:00Z,M01,OP06,SH-2026-06-01-M01-D,1564.6,62.85,84.12,99.29,332.3,83.4,76.73,11.96,66.5,27.49,0.466,3.96,-0.17,0.98,12.917045,79.127915,true,false,,false,
358,2026-06-01T06:27:00Z,M01,OP06,SH-2026-06-01-M01-D,1560.8,63.52,84.31,98.39,306.5,69.5,76.41,12.09,66.44,27.56,0.473,4.12,-0.71,-0.9,12.917564,79.12758,true,false,,false,
359,2026-06-01T06:28:00Z,M01,OP06,SH-2026-06-01-M01-D,1599.0,62.29,84.18,97.99,309.1,67.1,76.17,12.21,66.38,27.48,0.474,3.98,0.32,-0.01,12.918024,79.127198,true,false,,false,
360,2026-06-01T06:29:00Z,M01,OP06,SH-2026-06-01-M01-D,1587.0,60.17,83.67,97.47,309.3,62.6,75.98,12.15,66.32,27.46,0.501,4.27,0.56,-0.55,12.918516,79.126788,true,false,,false,
361,2026-06-01T06:30:00Z,M01,OP06,SH-2026-06-01-M01-D,1615.5,61.14,83.26,97.49,319.7,49.8,75.68,11.98,66.26,27.54,0.521,4.91,-1.8,-0.45,12.919116,79.126361,true,false,,false,
362,2026-06-01T06:31:00Z,M01,OP06,SH-2026-06-01-M01-D,1594.4,60.76,83.46,97.08,325.0,51.9,75.53,11.73,66.2,27.56,0.536,4.94,-0.96,0.83,12.919673,79.125872,true,false,,false,
363,2026-06-01T06:32:00Z,M01,OP06,SH-2026-06-01-M01-D,1568.9,62.4,83.61,96.76,335.1,55.4,75.37,11.63,66.15,27.73,0.521,4.56,-1.77,-0.33,12.919339,79.12647,true,false,,false,
364,2026-06-01T06:33:00Z,M01,OP06,SH-2026-06-01-M01-D,1586.0,63.02,83.62,96.41,323.4,53.2,75.18,11.53,66.09,27.83,0.529,3.68,-1.44,0.15,12.919062,79.126948,true,false,,false,
365,2026-06-01T06:34:00Z,M01,OP06,SH-2026-06-01-M01-D,1717.0,74.58,84.31,96.75,334.2,224.5,75.29,17.31,66.04,27.85,0.552,2.38,-1.07,1.85,12.918898,79.127266,true,false,,false,
366,2026-06-01T06:35:00Z,M01,OP06,SH-2026-06-01-M01-D,1737.3,76.71,84.65,96.39,351.0,289.3,75.1,18.7,65.95,27.9,0.557,2.23,-0.63,2.52,12.918663,79.127504,true,false,,false,
367,2026-06-01T06:36:00Z,M01,OP06,SH-2026-06-01-M01-D,1761.5,80.0,84.36,96.55,372.2,290.4,75.12,18.55,65.86,27.93,0.58,2.59,0.3,1.1,12.918456,79.127834,true,false,,false,
368,2026-06-01T06:37:00Z,M01,OP06,SH-2026-06-01-M01-D,1728.5,80.68,84.53,96.42,379.5,288.9,75.15,19.55,65.77,28.02,0.59,2.07,0.4,1.64,12.918172,79.127962,true,false,,false,
369,2026-06-01T06:38:00Z,M01,OP06,SH-2026-06-01-M01-D,1724.4,82.77,84.5,96.34,377.9,272.0,75.16,19.32,65.68,28.18,0.604,1.62,-0.44,4.92,12.917975,79.128103,true,false,,false,
370,2026-06-01T06:39:00Z,M01,OP06,SH-2026-06-01-M01-D,1750.2,83.95,84.42,96.3,371.4,306.3,75.27,19.68,65.59,28.22,0.59,1.76,-0.86,4.12,12.917748,79.128237,true,false,,false,
371,2026-06-01T06:40:00Z,M01,OP06,SH-2026-06-01-M01-D,1748.5,78.85,84.16,95.58,364.9,324.9,75.36,19.65,65.49,28.32,0.612,1.18,-0.68,3.26,12.917589,79.128316,true,false,,false,
372,2026-06-01T06:41:00Z,M01,OP06,SH-2026-06-01-M01-D,1749.0,80.9,84.04,95.39,370.3,320.3,75.39,19.62,65.39,28.38,0.608,1.18,-0.1,2.58,12.917422,79.128376,true,false,,false,
373,2026-06-01T06:42:00Z,M01,OP06,SH-2026-06-01-M01-D,1725.9,79.31,83.75,94.88,373.0,314.6,75.51,19.48,65.3,28.41,0.597,0.48,0.68,0.25,12.917356,79.128406,true,false,,false,
374,2026-06-01T06:43:00Z,M01,OP06,SH-2026-06-01-M01-D,1718.1,80.13,84.07,94.41,371.7,330.2,75.58,19.49,65.21,28.32,0.595,0.72,0.9,3.37,12.917284,79.128486,true,false,,false,
375,2026-06-01T06:44:00Z,M01,OP06,SH-2026-06-01-M01-D,1709.6,79.11,84.47,93.91,358.3,300.8,75.65,19.65,65.11,28.24,0.587,0.61,1.02,1.71,12.917244,79.128569,true,false,,false,
376,2026-06-01T06:45:00Z,M01,OP06,SH-2026-06-01-M01-D,1665.6,80.15,84.45,93.48,365.7,377.4,75.65,19.85,65.02,28.28,0.619,0.9,1.88,2.7,12.917186,79.128691,true,false,,false,
377,2026-06-01T06:46:00Z,M01,OP06,SH-2026-06-01-M01-D,1648.7,82.65,84.31,93.15,386.1,333.5,75.62,19.64,64.92,28.26,0.601,1.59,0.09,3.21,12.917016,79.128857,true,false,,false,
378,2026-06-01T06:47:00Z,M01,OP06,SH-2026-06-01-M01-D,1655.4,84.67,84.34,92.55,382.9,336.5,75.71,19.9,64.83,28.2,0.672,1.3,-0.07,0.45,12.9169,79.129015,true,false,,false,
379,2026-06-01T06:48:00Z,M01,OP06,SH-2026-06-01-M01-D,1648.2,83.26,84.14,92.79,388.2,334.2,75.92,19.91,64.73,28.15,0.682,1.39,-0.56,2.82,12.916816,79.129206,true,false,,false,
380,2026-06-01T06:49:00Z,M01,OP06,SH-2026-06-01-M01-D,1698.3,83.32,84.03,92.67,379.3,310.3,75.91,19.73,64.63,28.09,0.719,1.02,1.36,3.1,12.916778,79.129354,true,false,,false,
381,2026-06-01T06:50:00Z,M01,OP06,SH-2026-06-01-M01-D,1731.6,81.49,83.89,92.57,374.5,345.3,75.99,19.63,64.54,28.08,0.682,0.39,-0.31,3.58,12.916754,79.129407,true,false,,false,
382,2026-06-01T06:51:00Z,M01,OP06,SH-2026-06-01-M01-D,1694.3,81.7,84.01,92.27,371.4,342.0,76.07,19.62,64.44,28.07,0.696,0.28,0.62,2.46,12.916739,79.129447,true,false,,false,
383,2026-06-01T06:52:00Z,M01,OP06,SH-2026-06-01-M01-D,1710.2,83.75,84.15,92.82,379.7,291.5,76.17,19.07,64.35,28.06,0.703,0.34,0.6,3.68,12.916724,79.129496,true,false,,false,
384,2026-06-01T06:53:00Z,M01,OP06,SH-2026-06-01-M01-D,1733.3,83.06,84.08,92.86,394.2,295.2,76.36,19.13,64.26,28.03,0.692,0.71,-0.09,2.74,12.916646,79.129569,true,false,,false,
385,2026-06-01T06:54:00Z,M01,OP06,SH-2026-06-01-M01-D,1709.7,78.18,84.11,93.02,389.7,260.9,76.3,19.29,64.16,27.91,0.68,1.47,0.65,1.27,12.916573,79.129778,true,false,,false,
386,2026-06-01T06:55:00Z,M01,OP06,SH-2026-06-01-M01-D,1698.2,83.24,84.17,93.38,387.5,314.1,76.48,19.43,64.07,27.83,0.679,1.16,0.33,1.11,12.916484,79.129927,true,false,,false,
387,2026-06-01T06:56:00Z,M01,OP06,SH-2026-06-01-M01-D,1661.2,82.13,84.45,93.29,392.2,306.9,76.41,19.51,63.98,27.8,0.62,1.78,0.25,1.57,12.91646,79.130194,true,false,,false,
388,2026-06-01T06:57:00Z,M01,OP06,SH-2026-06-01-M01-D,1617.0,80.42,84.39,93.58,392.0,286.6,76.41,19.62,63.88,27.81,0.604,2.0,0.75,1.15,12.916521,79.130488,true,false,,false,
389,2026-06-01T06:58:00Z,M01,OP06,SH-2026-06-01-M01-D,1635.8,79.09,84.39,93.78,401.7,332.4,76.5,19.81,63.79,27.84,0.591,1.36,-0.08,1.81,12.916572,79.130685,true,false,,false,
390,2026-06-01T06:59:00Z,M01,OP06,SH-2026-06-01-M01-D,1620.9,81.16,84.55,93.8,398.5,330.3,76.83,19.08,63.69,27.87,0.586,1.71,0.8,1.04,12.916653,79.130928,true,false,,false,
391,2026-06-01T07:00:00Z,M01,OP06,SH-2026-06-01-M01-D,1638.9,81.81,85.01,94.25,395.9,276.3,76.91,19.73,63.6,27.9,0.55,1.31,-0.4,-0.17,12.916733,79.131108,true,false,,false,
392,2026-06-01T07:01:00Z,M01,OP06,SH-2026-06-01-M01-D,1660.9,79.6,85.33,95.09,404.1,336.8,76.89,19.78,63.51,27.86,0.528,1.75,0.43,2.1,12.916806,79.131359,true,false,,false,
393,2026-06-01T07:02:00Z,M01,OP06,SH-2026-06-01-M01-D,1644.0,75.87,86.09,95.73,411.6,336.2,76.97,19.7,63.41,27.84,0.523,1.81,0.84,4.57,12.916853,79.131627,true,false,,false,
394,2026-06-01T07:03:00Z,M01,OP06,SH-2026-06-01-M01-D,1676.1,73.69,86.46,96.32,419.0,370.6,76.87,19.55,63.31,27.89,0.493,2.2,0.52,3.72,12.916882,79.131957,true,false,,false,
395,2026-06-01T07:04:00Z,M01,OP06,SH-2026-06-01-M01-D,1718.2,66.81,87.01,96.62,416.1,366.2,76.78,19.92,63.22,27.98,0.483,2.16,0.26,1.28,12.916955,79.131641,true,false,,false,
396,2026-06-01T07:05:00Z,M01,OP06,SH-2026-06-01-M01-D,1749.5,67.87,87.16,97.01,416.6,260.6,76.71,20.06,63.12,28.07,0.499,1.72,0.65,0.34,12.916971,79.131383,true,false,,false,
397,2026-06-01T07:06:00Z,M01,OP06,SH-2026-06-01-M01-D,1737.6,62.71,87.04,97.56,415.4,357.9,76.58,19.69,63.03,28.11,0.517,1.57,-0.45,0.01,12.917085,79.131176,true,false,,false,
398,2026-06-01T07:07:00Z,M01,OP06,SH-2026-06-01-M01-D,1718.9,60.15,87.11,97.45,424.4,269.4,76.5,19.73,62.93,28.15,0.494,1.86,-1.35,1.16,12.917351,79.131093,true,false,,false,
399,2026-06-01T07:08:00Z,M01,OP06,SH-2026-06-01-M01-D,1717.5,62.82,87.09,97.38,417.2,305.8,76.38,19.94,62.84,28.31,0.508,2.19,-0.29,1.59,12.917679,79.131093,true,false,,false,
400,2026-06-01T07:09:00Z,M01,OP06,SH-2026-06-01-M01-D,1731.4,60.14,87.12,97.13,417.4,294.7,76.18,19.46,62.74,28.37,0.51,1.57,-1.1,1.96,12.917901,79.131174,true,false,,false,
401,2026-06-01T07:10:00Z,M01,OP06,SH-2026-06-01-M01-D,1746.3,59.61,86.77,96.42,414.4,304.7,75.92,19.7,62.65,28.44,0.51,0.72,-0.43,0.63,12.918004,79.131204,true,false,,false,
402,2026-06-01T07:11:00Z,M01,OP06,SH-2026-06-01-M01-D,1764.7,54.74,86.46,95.87,423.0,244.2,75.63,20.03,62.55,28.36,0.523,0.83,-1.14,0.55,12.918122,79.131247,true,false,,false,
403,2026-06-01T07:12:00Z,M01,OP06,SH-2026-06-01-M01-D,1766.4,57.03,85.98,95.18,426.6,246.2,75.52,19.39,62.45,28.28,0.591,0.58,-0.97,0.29,12.918206,79.131271,true,false,,false,
404,2026-06-01T07:13:00Z,M01,OP06,SH-2026-06-01-M01-D,1762.6,58.38,85.57,95.17,421.3,267.6,75.27,19.36,62.36,28.2,0.577,0.71,1.19,1.76,12.918311,79.131282,true,false,,false,
405,2026-06-01T07:14:00Z,M01,OP06,SH-2026-06-01-M01-D,1755.7,59.39,85.24,95.07,413.5,227.6,75.11,19.28,62.27,28.21,0.583,0.38,1.6,4.06,12.918364,79.131305,true,false,,false,
406,2026-06-01T07:15:00Z,M01,OP06,SH-2026-06-01-M01-D,1691.3,57.36,85.15,94.96,402.8,289.2,74.89,19.63,62.17,28.31,0.604,0.06,-1.59,3.35,12.918393,79.131313,true,false,,false,
407,2026-06-01T07:16:00Z,M01,OP06,SH-2026-06-01-M01-D,1661.8,54.52,85.12,94.61,404.4,249.0,74.65,19.8,62.08,28.35,0.623,0.0,-0.35,3.11,12.918423,79.131317,true,false,,false,
408,2026-06-01T07:17:00Z,M01,OP06,SH-2026-06-01-M01-D,1650.3,53.66,85.48,94.86,412.5,273.9,74.51,19.64,61.98,28.24,0.577,0.61,-1.62,2.35,12.918509,79.131348,true,false,,false,
409,2026-06-01T07:18:00Z,M01,OP06,SH-2026-06-01-M01-D,1633.6,51.65,85.7,94.68,409.8,237.7,74.2,19.65,61.89,28.22,0.594,0.0,0.42,3.95,12.918533,79.131366,true,false,,false,
410,2026-06-01T07:19:00Z,M01,OP06,SH-2026-06-01-M01-D,1626.0,50.12,85.9,94.02,403.2,294.7,73.98,19.56,61.79,28.2,0.622,0.84,0.21,2.48,12.918603,79.131471,true,false,,false,
411,2026-06-01T07:20:00Z,M01,OP06,SH-2026-06-01-M01-D,1620.1,48.41,85.64,94.21,402.8,278.4,73.57,19.77,61.7,28.11,0.624,0.75,1.05,1.58,12.918671,79.13156,true,false,,false,
412,2026-06-01T07:21:00Z,M01,OP06,SH-2026-06-01-M01-D,1624.2,48.84,85.16,93.88,385.7,269.8,73.41,20.12,61.6,28.06,0.614,0.21,0.36,0.57,12.918689,79.131586,true,false,,false,
413,2026-06-01T07:22:00Z,M01,OP06,SH-2026-06-01-M01-D,1595.5,49.83,84.99,93.8,386.4,301.1,73.19,20.03,61.51,28.09,0.571,0.0,1.21,-0.12,12.918706,79.131611,true,false,,false,
414,2026-06-01T07:23:00Z,M01,OP06,SH-2026-06-01-M01-D,1595.1,60.68,84.7,93.51,381.6,290.3,73.07,19.84,61.41,28.03,0.575,0.0,0.47,-0.54,12.918719,79.131638,true,false,,false,
415,2026-06-01T07:24:00Z,M01,OP06,SH-2026-06-01-M01-D,1606.8,60.52,84.78,92.72,370.0,312.9,72.75,20.19,61.31,27.9,0.591,0.0,1.99,0.04,12.918736,79.131663,true,false,,false,
416,2026-06-01T07:25:00Z,M01,OP06,SH-2026-06-01-M01-D,1610.3,52.98,84.47,92.66,367.0,296.1,72.59,19.9,61.22,27.88,0.642,0.0,-0.36,-0.7,12.91876,79.131681,true,false,,false,
417,2026-06-01T07:26:00Z,M01,OP06,SH-2026-06-01-M01-D,1615.9,52.0,84.41,92.37,373.4,344.9,72.7,20.02,61.12,27.63,0.646,0.02,0.32,0.88,12.918786,79.131696,true,false,,false,
418,2026-06-01T07:27:00Z,M01,OP06,SH-2026-06-01-M01-D,1620.3,54.82,84.12,92.23,373.0,283.3,72.46,19.95,61.02,27.5,0.64,0.0,-1.4,2.7,12.918815,79.131701,true,false,,false,
419,2026-06-01T07:28:00Z,M01,OP06,SH-2026-06-01-M01-D,1590.5,56.71,83.84,92.33,364.7,320.3,72.23,19.77,60.93,27.4,0.605,0.23,-2.72,1.15,12.918848,79.131713,true,false,,false,
420,2026-06-01T07:29:00Z,M01,OP06,SH-2026-06-01-M01-D,1607.1,58.75,83.79,92.24,370.7,332.4,72.12,19.6,60.83,27.35,0.658,0.1,-0.34,0.64,12.918875,79.131725,true,false,,false,
421,2026-06-01T07:30:00Z,M01,OP06,SH-2026-06-01-M01-D,1671.7,59.26,83.61,92.13,366.5,282.9,72.13,19.93,60.74,27.2,0.678,0.15,-1.45,1.78,12.918897,79.131746,true,false,,false,
422,2026-06-01T07:31:00Z,M01,OP06,SH-2026-06-01-M01-D,1679.7,60.2,83.66,91.84,363.4,320.7,72.09,20.38,60.64,27.2,0.656,0.19,1.25,3.69,12.918924,79.13176,true,false,,false,
423,2026-06-01T07:32:00Z,M01,OP06,SH-2026-06-01-M01-D,1657.5,58.91,83.52,91.89,356.8,366.1,71.86,19.98,60.54,27.23,0.603,0.38,2.04,2.02,12.918981,79.131756,true,false,,false,
424,2026-06-01T07:33:00Z,M01,OP06,SH-2026-06-01-M01-D,1720.9,56.9,83.71,92.31,356.7,339.8,71.88,19.99,60.45,27.22,0.593,0.06,0.38,2.36,12.919011,79.131759,true,false,,false,
425,2026-06-01T07:34:00Z,M01,OP06,SH-2026-06-01-M01-D,1775.5,57.3,83.68,91.92,346.6,313.4,71.8,20.22,60.35,27.29,0.627,0.23,-0.02,2.19,12.91904,79.131777,true,false,,false,
426,2026-06-01T07:35:00Z,M01,OP06,SH-2026-06-01-M01-D,1171.7,20.92,82.96,90.1,247.9,110.6,71.17,8.7,60.25,27.02,0.309,0.0,0.06,1.02,12.91904,79.131777,false,true,,false,
427,2026-06-01T07:36:00Z,M01,OP06,SH-2026-06-01-M01-D,954.6,13.81,82.57,88.49,222.5,58.2,70.43,5.53,60.21,26.96,0.224,0.0,0.47,0.5,12.91904,79.131777,false,true,,false,
428,2026-06-01T07:37:00Z,M01,OP06,SH-2026-06-01-M01-D,906.3,7.83,81.88,87.7,217.2,56.3,69.8,4.01,60.18,27.0,0.219,0.0,0.68,0.48,12.91904,79.131777,false,true,,false,
429,2026-06-01T07:38:00Z,M01,OP06,SH-2026-06-01-M01-D,888.3,6.87,81.5,86.88,213.5,39.6,69.23,3.45,60.16,27.06,0.186,0.0,0.79,-0.05,12.91904,79.131777,false,true,,false,
430,2026-06-01T07:39:00Z,M01,OP06,SH-2026-06-01-M01-D,895.0,4.71,81.29,86.55,208.4,32.1,68.52,3.36,60.15,27.17,0.18,0.0,0.42,-0.13,12.91904,79.131777,true,true,,false,
431,2026-06-01T00:30:00Z,M06,OP10,SH-2026-06-01-M06-D,858.9,6.38,79.81,87.26,203.2,0.0,46.57,3.6,97.28,26.98,0.105,0.0,0.2,-0.59,12.917416,79.132154,true,true,,false,
432,2026-06-01T00:31:00Z,M06,OP10,SH-2026-06-01-M06-D,867.6,5.31,79.6,87.72,182.3,0.0,46.64,3.24,97.27,26.97,0.147,0.0,-0.36,0.06,12.917416,79.132154,true,true,,false,
433,2026-06-01T00:32:00Z,M06,OP10,SH-2026-06-01-M06-D,879.6,5.69,79.31,87.39,173.3,0.0,46.68,3.45,97.26,26.97,0.122,0.0,-0.09,-0.57,12.917416,79.132154,true,true,,false,
434,2026-06-01T00:33:00Z,M06,OP10,SH-2026-06-01-M06-D,880.2,6.75,78.83,86.95,184.8,0.0,46.79,3.13,97.25,27.07,0.078,0.0,-0.32,-0.23,12.917416,79.132154,true,true,,false,
435,2026-06-01T00:34:00Z,M06,OP10,SH-2026-06-01-M06-D,873.7,9.56,78.43,87.75,189.8,0.0,47.01,3.07,97.24,27.04,0.13,0.0,-0.05,-0.12,12.917416,79.132154,true,true,,false,
436,2026-06-01T00:35:00Z,M06,OP10,SH-2026-06-01-M06-D,892.0,7.98,78.21,88.52,186.6,0.0,47.05,3.3,97.23,27.15,0.142,0.0,0.08,0.56,12.917416,79.132154,true,true,,false,
437,2026-06-01T00:36:00Z,M06,OP10,SH-2026-06-01-M06-D,877.9,8.13,77.96,88.12,194.9,0.0,46.98,3.33,97.22,27.25,0.123,0.0,0.31,0.3,12.917416,79.132154,true,true,,false,
438,2026-06-01T00:37:00Z,M06,OP10,SH-2026-06-01-M06-D,900.1,7.19,77.71,88.14,189.7,0.0,47.01,3.31,97.21,27.36,0.093,0.0,0.07,0.01,12.917416,79.132154,true,true,,false,
439,2026-06-01T00:38:00Z,M06,OP10,SH-2026-06-01-M06-D,902.4,9.51,77.33,88.56,193.5,0.0,47.21,3.68,97.2,27.38,0.082,0.0,-0.44,0.08,12.917416,79.132154,true,true,,false,
440,2026-06-01T00:39:00Z,M06,OP10,SH-2026-06-01-M06-D,1537.2,34.68,78.24,91.11,276.4,0.0,47.59,20.29,97.19,27.81,0.251,2.54,2.1,0.77,12.91705,79.132261,true,false,,false,
441,2026-06-01T00:40:00Z,M06,OP10,SH-2026-06-01-M06-D,1746.2,46.67,78.24,91.91,288.7,0.0,48.08,24.53,97.12,27.99,0.287,3.26,0.24,2.24,12.916577,79.132384,true,false,,false,
442,2026-06-01T00:41:00Z,M06,OP10,SH-2026-06-01-M06-D,1806.0,50.06,78.41,92.89,288.5,0.0,48.49,24.48,97.05,27.99,0.275,3.09,0.01,3.82,12.916174,79.132614,true,false,,false,
443,2026-06-01T00:42:00Z,M06,OP10,SH-2026-06-01-M06-D,1838.3,52.46,78.65,93.58,290.2,0.0,48.83,24.59,96.97,28.05,0.298,3.5,-0.62,3.73,12.915757,79.132934,true,false,,false,
444,2026-06-01T00:43:00Z,M06,OP10,SH-2026-06-01-M06-D,1821.1,50.73,79.25,93.83,293.0,0.0,49.51,25.13,96.9,28.12,0.281,3.13,0.25,3.14,12.915326,79.13312,true,false,,false,
445,2026-06-01T00:44:00Z,M06,OP10,SH-2026-06-01-M06-D,1729.6,42.62,78.97,93.66,278.4,0.0,49.83,24.47,96.82,28.22,0.314,25.88,0.76,3.17,12.91157,79.134117,true,false,,false,
446,2026-06-01T00:45:00Z,M06,OP10,SH-2026-06-01-M06-D,1674.9,43.68,78.79,93.9,282.6,0.0,50.07,24.48,96.74,28.22,0.26,31.97,0.73,2.88,12.906987,79.132688,true,false,,false,
447,2026-06-01T00:46:00Z,M06,OP10,SH-2026-06-01-M06-D,1686.9,41.87,78.92,92.89,269.2,0.0,50.36,24.25,96.67,28.22,0.275,31.56,1.2,2.45,12.909932,79.128975,true,false,,false,
448,2026-06-01T00:47:00Z,M06,OP10,SH-2026-06-01-M06-D,1151.7,17.15,78.54,91.67,189.9,0.0,50.26,8.9,96.59,27.84,0.163,0.0,1.18,1.92,12.909932,79.128975,true,true,,false,
449,2026-06-01T00:48:00Z,M06,OP10,SH-2026-06-01-M06-D,1583.3,31.27,78.44,92.09,238.4,0.0,50.44,18.0,96.57,28.17,0.305,20.16,0.85,2.12,12.911372,79.126313,true,false,,false,
450,2026-06-01T00:49:00Z,M06,OP10,SH-2026-06-01-M06-D,1691.3,39.01,78.68,92.79,256.9,0.0,50.57,21.67,96.51,28.22,0.345,25.04,0.37,2.27,12.914359,79.124029,true,false,,false,
451,2026-06-01T00:50:00Z,M06,OP10,SH-2026-06-01-M06-D,1728.4,42.52,78.73,93.71,258.7,0.0,50.84,22.52,96.44,28.16,0.37,24.1,0.77,3.1,12.916011,79.12081,true,false,,false,
452,2026-06-01T00:51:00Z,M06,OP10,SH-2026-06-01-M06-D,1200.2,21.0,78.52,93.3,186.4,0.0,50.86,8.88,96.37,27.9,0.234,0.0,1.12,2.64,12.916011,79.12081,true,true,,false,
453,2026-06-01T00:52:00Z,M06,OP10,SH-2026-06-01-M06-D,1694.3,43.15,79.13,95.37,258.0,0.0,51.13,19.28,96.35,28.26,0.287,3.76,1.29,3.52,12.916301,79.120325,true,false,,false,
454,2026-06-01T00:53:00Z,M06,OP10,SH-2026-06-01-M06-D,1832.3,50.56,79.57,96.74,261.4,0.0,51.65,22.58,96.29,28.36,0.373,1.7,1.75,0.74,12.916502,79.120167,true,false,,false,
455,2026-06-01T00:54:00Z,M06,OP10,SH-2026-06-01-M06-D,1836.1,50.58,79.84,98.0,270.0,0.0,52.07,22.09,96.22,28.31,0.378,2.08,2.39,1.32,12.916714,79.119939,true,false,,false,
456,2026-06-01T00:55:00Z,M06,OP10,SH-2026-06-01-M06-D,1672.3,41.69,79.86,98.35,261.9,0.0,52.3,21.63,96.15,28.29,0.352,25.29,2.34,1.21,12.917619,79.116251,true,false,,false,
457,2026-06-01T00:56:00Z,M06,OP10,SH-2026-06-01-M06-D,1641.6,41.22,79.83,98.73,251.8,0.0,52.74,20.98,96.08,28.34,0.375,31.12,0.34,1.06,12.921812,79.118314,true,false,,false,
458,2026-06-01T00:57:00Z,M06,OP10,SH-2026-06-01-M06-D,1629.3,38.78,79.68,99.0,259.1,0.0,52.91,20.32,96.02,28.41,0.338,32.97,-0.21,0.32,12.922244,79.123245,true,false,,false,
459,2026-06-01T00:58:00Z,M06,OP10,SH-2026-06-01-M06-D,1803.4,54.04,80.06,100.09,270.7,0.0,53.12,20.08,95.96,28.42,0.324,12.28,-0.66,1.17,12.923086,79.124886,true,false,,false,
460,2026-06-01T00:59:00Z,M06,OP10,SH-2026-06-01-M06-D,1695.8,44.61,80.49,100.01,266.9,0.0,53.52,20.37,95.89,28.38,0.288,27.81,0.02,2.05,12.924916,79.128639,true,false,,false,
461,2026-06-01T01:00:00Z,M06,OP10,SH-2026-06-01-M06-D,1619.5,39.72,80.64,99.56,263.0,0.0,53.76,20.39,95.83,28.46,0.33,25.72,-1.33,2.4,12.924201,79.132434,true,false,,false,
462,2026-06-01T01:01:00Z,M06,OP10,SH-2026-06-01-M06-D,1633.4,40.21,80.14,99.93,255.8,0.0,54.04,20.16,95.77,28.41,0.327,27.54,-1.43,1.8,12.924771,79.136529,true,false,,false,
463,2026-06-01T01:02:00Z,M06,OP10,SH-2026-06-01-M06-D,1773.6,50.76,80.29,100.05,269.1,0.0,54.4,20.24,95.71,28.35,0.342,9.8,-1.05,1.77,12.92586,79.13752,true,false,,false,
464,2026-06-01T01:03:00Z,M06,OP10,SH-2026-06-01-M06-D,1788.2,48.8,80.46,100.21,271.0,0.0,54.9,19.93,95.64,28.29,0.317,4.69,-1.23,1.1,12.925429,79.136962,true,false,,false,
465,2026-06-01T01:04:00Z,M06,OP10,SH-2026-06-01-M06-D,1773.8,49.66,80.37,100.41,274.8,0.0,55.21,20.16,95.58,28.38,0.388,2.72,0.45,0.16,12.925307,79.136573,true,false,,false,
466,2026-06-01T01:05:00Z,M06,OP10,SH-2026-06-01-M06-D,1661.1,40.16,80.22,99.6,268.3,0.0,55.16,20.65,95.52,28.3,0.378,13.73,1.22,0.92,12.923944,79.135026,true,false,,false,
467,2026-06-01T01:06:00Z,M06,OP10,SH-2026-06-01-M06-D,1592.1,36.36,80.28,99.38,259.5,0.0,55.23,20.17,95.46,28.23,0.338,18.44,0.18,-0.19,12.92305,79.132406,true,false,,false,
468,2026-06-01T01:07:00Z,M06,OP10,SH-2026-06-01-M06-D,1629.7,36.76,80.49,98.74,265.2,0.0,55.34,20.4,95.39,28.19,0.396,20.28,0.47,0.68,12.922637,79.129389,true,false,,false,
469,2026-06-01T01:08:00Z,M06,OP10,SH-2026-06-01-M06-D,1811.0,46.69,80.58,99.06,285.9,0.0,55.69,21.04,95.33,28.18,0.395,6.57,2.75,2.35,12.922145,79.128534,true,false,,false,
470,2026-06-01T01:09:00Z,M06,OP10,SH-2026-06-01-M06-D,1715.7,40.63,80.01,98.41,286.7,0.0,55.95,21.44,95.27,28.23,0.343,10.88,1.96,1.9,12.921346,79.127108,true,false,,false,
471,2026-06-01T01:10:00Z,M06,OP10,SH-2026-06-01-M06-D,1674.0,39.07,80.29,97.87,288.0,0.0,56.07,21.2,95.2,28.25,0.331,10.3,1.72,3.0,12.920724,79.125692,true,false,,false,
472,2026-06-01T01:11:00Z,M06,OP10,SH-2026-06-01-M06-D,1726.5,36.92,80.32,97.27,290.5,0.0,56.16,20.48,95.13,28.17,0.347,13.23,0.59,2.12,12.919581,79.124068,true,false,,false,
473,2026-06-01T01:12:00Z,M06,OP10,SH-2026-06-01-M06-D,1695.8,35.18,79.95,96.69,294.7,0.0,56.17,20.2,95.07,28.05,0.348,15.74,0.32,2.27,12.918588,79.121923,true,false,,false,
474,2026-06-01T01:13:00Z,M06,OP10,SH-2026-06-01-M06-D,1762.6,36.77,80.11,96.06,290.5,0.0,56.11,20.8,95.01,27.98,0.368,17.55,-0.49,1.42,12.916595,79.120199,true,false,,false,
475,2026-06-01T01:14:00Z,M06,OP10,SH-2026-06-01-M06-D,1717.2,36.42,80.33,95.86,293.8,0.0,56.16,20.19,94.94,27.82,0.349,14.73,-0.55,2.79,12.914792,79.118918,true,false,,false,
476,2026-06-01T01:15:00Z,M06,OP10,SH-2026-06-01-M06-D,1748.0,40.1,80.88,95.78,303.7,0.0,56.32,20.09,94.88,27.72,0.384,17.72,1.99,2.47,12.91608,79.121247,true,false,,false,
477,2026-06-01T01:16:00Z,M06,OP10,SH-2026-06-01-M06-D,1667.2,41.53,80.55,95.76,293.0,0.0,56.51,19.72,94.82,27.72,0.347,16.47,-2.12,0.8,12.917629,79.123175,true,false,,false,
478,2026-06-01T01:17:00Z,M06,OP10,SH-2026-06-01-M06-D,1620.1,41.05,80.32,95.85,286.1,0.0,56.71,20.13,94.76,27.66,0.322,15.32,-0.74,-0.46,12.919427,79.124609,true,false,,false,
479,2026-06-01T01:18:00Z,M06,OP10,SH-2026-06-01-M06-D,1578.7,41.69,80.2,96.11,291.3,0.0,56.85,20.31,94.7,27.59,0.353,11.42,-0.12,-0.33,12.920751,79.125699,true,false,,false,
480,2026-06-01T01:19:00Z,M06,OP10,SH-2026-06-01-M06-D,1709.5,56.34,80.73,96.82,310.0,0.0,57.12,20.62,94.63,27.64,0.398,4.02,1.98,0.93,12.921152,79.12615,true,false,,false,
481,2026-06-01T01:20:00Z,M06,OP10,SH-2026-06-01-M06-D,1770.5,59.72,80.87,97.2,289.8,0.0,57.34,20.34,94.57,27.75,0.376,1.98,1.36,1.9,12.921322,79.126394,true,false,,false,
482,2026-06-01T01:21:00Z,M06,OP10,SH-2026-06-01-M06-D,1796.8,53.77,81.45,97.81,295.5,0.0,57.64,20.52,94.51,27.84,0.368,0.54,3.04,3.46,12.921371,79.126458,true,false,,false,
483,2026-06-01T01:22:00Z,M06,OP10,SH-2026-06-01-M06-D,1780.5,53.8,81.69,98.59,298.0,0.0,57.86,19.99,94.44,27.68,0.346,0.34,2.02,5.14,12.921406,79.126494,true,false,,false,
484,2026-06-01T01:23:00Z,M06,OP10,SH-2026-06-01-M06-D,1826.3,50.92,81.6,99.47,289.5,0.0,58.22,19.77,94.38,27.59,0.372,0.75,1.85,4.58,12.921482,79.126577,true,false,,false,
485,2026-06-01T01:24:00Z,M06,OP10,SH-2026-06-01-M06-D,1705.9,38.17,81.27,99.84,272.4,0.0,58.14,20.8,94.32,27.51,0.359,12.54,0.69,5.58,12.923007,79.127681,true,false,,false,
486,2026-06-01T01:25:00Z,M06,OP10,SH-2026-06-01-M06-D,1706.2,34.33,81.04,100.04,271.8,0.0,58.28,20.74,94.26,27.62,0.324,13.07,-0.61,4.77,12.924696,79.128678,true,false,,false,
487,2026-06-01T01:26:00Z,M06,OP10,SH-2026-06-01-M06-D,1823.6,48.98,81.1,100.0,292.5,0.0,58.44,20.16,94.19,27.52,0.365,5.09,-1.04,4.31,12.92543,79.128892,true,false,,false,
488,2026-06-01T01:27:00Z,M06,OP10,SH-2026-06-01-M06-D,1737.7,44.71,80.51,100.09,289.5,0.0,58.52,20.52,94.13,27.53,0.354,13.84,-1.36,3.89,12.927504,79.128758,true,false,,false,
489,2026-06-01T01:28:00Z,M06,OP10,SH-2026-06-01-M06-D,1704.1,46.48,80.19,99.42,277.2,0.0,58.59,20.19,94.07,27.57,0.381,18.14,1.48,3.58,12.930132,79.129473,true,false,,false,
490,2026-06-01T01:29:00Z,M06,OP10,SH-2026-06-01-M06-D,1829.5,59.82,80.72,99.72,295.8,0.0,58.69,20.87,94.01,27.55,0.428,6.7,2.21,5.0,12.929132,79.129364,true,false,,false,
491,2026-06-01T01:30:00Z,M06,OP10,SH-2026-06-01-M06-D,1843.0,65.84,81.16,99.37,288.9,0.0,59.02,22.14,93.94,27.54,0.429,3.17,1.94,4.94,12.928657,79.129402,true,false,,false,
492,2026-06-01T01:31:00Z,M06,OP10,SH-2026-06-01-M06-D,1825.6,62.98,81.67,99.21,293.4,0.0,59.41,22.73,93.87,27.56,0.447,2.48,2.01,3.47,12.928307,79.129531,true,false,,false,
493,2026-06-01T01:32:00Z,M06,OP10,SH-2026-06-01-M06-D,1681.4,48.85,81.89,99.35,288.8,0.0,59.63,22.47,93.8,27.51,0.438,17.81,1.33,3.46,12.925752,79.13032,true,false,,false,
494,2026-06-01T01:33:00Z,M06,OP10,SH-2026-06-01-M06-D,1603.9,46.67,81.45,98.77,292.2,0.0,59.73,22.07,93.73,27.59,0.492,19.23,0.64,2.83,12.922874,79.13009,true,false,,false,
495,2026-06-01T01:34:00Z,M06,OP10,SH-2026-06-01-M06-D,1715.3,54.02,81.58,98.94,301.2,0.0,60.03,21.61,93.67,27.59,0.479,6.36,0.79,1.5,12.921922,79.130162,true,false,,false,
496,2026-06-01T01:35:00Z,M06,OP10,SH-2026-06-01-M06-D,1599.5,50.35,81.25,98.69,283.7,0.0,60.19,21.51,93.6,27.51,0.48,19.81,2.38,2.3,12.919013,79.129542,true,false,,false,
497,2026-06-01T01:36:00Z,M06,OP10,SH-2026-06-01-M06-D,1571.5,45.21,81.34,98.38,272.0,0.0,60.21,22.15,93.53,27.43,0.425,23.91,1.91,3.27,12.916015,79.127566,true,false,,false,
498,2026-06-01T01:37:00Z,M06,OP10,SH-2026-06-01-M06-D,1737.2,53.97,81.49,99.09,289.4,0.0,60.4,23.81,93.46,27.35,0.491,8.56,1.24,3.73,12.914769,79.127251,true,false,,false,
499,2026-06-01T01:38:00Z,M06,OP10,SH-2026-06-01-M06-D,1767.5,57.9,81.68,98.94,286.2,0.0,60.72,24.38,93.39,27.32,0.534,3.74,1.77,3.63,12.914212,79.12719,true,false,,false,
500,2026-06-01T01:39:00Z,M06,OP10,SH-2026-06-01-M06-D,1813.8,52.06,81.75,99.17,286.9,0.0,60.87,24.75,93.31,27.39,0.51,2.84,1.64,3.01,12.913797,79.127284,true,false,,false,
501,2026-06-01T01:40:00Z,M06,OP10,SH-2026-06-01-M06-D,1215.0,20.75,80.89,97.64,186.3,0.0,60.76,9.4,93.24,27.08,0.214,0.0,1.46,3.49,12.913797,79.127284,true,true,,false,
502,2026-06-01T01:41:00Z,M06,OP10,SH-2026-06-01-M06-D,1022.8,11.41,80.51,96.12,176.9,0.0,60.43,4.86,93.21,26.93,0.17,0.0,1.73,3.46,12.913797,79.127284,true,true,,false,
503,2026-06-01T01:42:00Z,M06,OP10,SH-2026-06-01-M06-D,1446.6,31.43,80.49,96.75,251.9,0.0,60.37,18.92,93.19,27.2,0.403,23.77,2.39,3.05,12.910228,79.127251,true,false,,false,
504,2026-06-01T01:43:00Z,M06,OP10,SH-2026-06-01-M06-D,1606.5,37.36,80.34,97.27,285.4,0.0,60.38,24.61,93.14,27.3,0.436,31.45,3.1,3.23,12.905513,79.127505,true,false,,false,
505,2026-06-01T01:44:00Z,M06,OP10,SH-2026-06-01-M06-D,1801.8,47.18,80.58,98.29,304.2,0.0,60.39,27.1,93.06,27.31,0.52,11.29,2.35,3.48,12.907173,79.127849,true,false,,false,
506,2026-06-01T01:45:00Z,M06,OP10,SH-2026-06-01-M06-D,1685.3,51.83,80.38,98.71,287.6,0.0,60.62,27.4,92.98,27.28,0.538,27.15,3.61,1.99,12.911239,79.127565,true,false,,false,
507,2026-06-01T01:46:00Z,M06,OP10,SH-2026-06-01-M06-D,1669.0,48.35,80.27,98.66,288.1,0.0,60.76,28.09,92.89,27.26,0.513,30.74,2.71,2.64,12.915743,79.128573,true,false,,false,
508,2026-06-01T01:47:00Z,M06,OP10,SH-2026-06-01-M06-D,1824.4,61.43,80.62,99.98,308.4,0.0,61.04,28.58,92.81,27.42,0.497,10.08,2.88,3.54,12.917246,79.128758,true,false,,false,
509,2026-06-01T01:48:00Z,M06,OP10,SH-2026-06-01-M06-D,1820.2,69.25,80.59,100.94,320.1,0.0,61.3,28.19,92.72,27.48,0.483,4.49,1.48,3.21,12.917842,79.129074,true,false,,false,
510,2026-06-01T01:49:00Z,M06,OP10,SH-2026-06-01-M06-D,1839.2,71.23,80.33,101.26,342.9,0.0,61.74,27.96,92.63,27.3,0.504,3.18,1.58,3.83,12.9182,79.129389,true,false,,false,
511,2026-06-01T01:50:00Z,M06,OP10,SH-2026-06-01-M06-D,1822.4,75.31,80.57,101.34,353.9,0.0,62.03,27.14,92.54,27.35,0.551,2.3,1.86,1.96,12.918475,79.129597,true,false,,false,
512,2026-06-01T01:51:00Z,M06,OP10,SH-2026-06-01-M06-D,1632.5,65.79,80.52,101.58,335.9,0.0,62.27,26.67,92.46,27.31,0.552,20.91,1.02,2.75,12.920678,79.131834,true,false,,false,
513,2026-06-01T01:52:00Z,M06,OP10,SH-2026-06-01-M06-D,1532.7,63.64,80.31,100.45,314.0,0.0,62.57,26.09,92.38,27.42,0.527,26.33,1.46,2.78,12.923864,79.134176,true,false,,false,
514,2026-06-01T01:53:00Z,M06,OP10,SH-2026-06-01-M06-D,1697.4,74.06,80.62,100.57,339.7,0.0,63.01,25.68,92.3,27.51,0.554,9.25,2.4,2.23,12.924427,79.135446,true,false,,false,
515,2026-06-01T01:54:00Z,M06,OP10,SH-2026-06-01-M06-D,1621.8,67.88,80.43,99.73,329.7,0.0,63.2,25.42,92.22,27.49,0.465,24.2,0.88,2.63,12.926041,79.138701,true,false,,false,
516,2026-06-01T01:55:00Z,M06,OP10,SH-2026-06-01-M06-D,1572.8,66.77,80.47,98.95,334.1,0.0,63.49,25.13,92.14,27.49,0.442,28.67,-0.5,2.93,12.923744,79.135061,true,false,,false,
517,2026-06-01T01:56:00Z,M06,OP10,SH-2026-06-01-M06-D,1683.2,83.12,80.47,99.08,349.5,0.0,63.87,24.97,92.06,27.59,0.536,10.39,-0.03,1.56,12.923248,79.133582,true,false,,false,
518,2026-06-01T01:57:00Z,M06,OP10,SH-2026-06-01-M06-D,1175.8,37.14,79.82,97.24,247.9,0.0,63.67,9.37,91.98,27.28,0.247,0.0,1.1,2.72,12.923248,79.133582,true,true,,false,
519,2026-06-01T01:58:00Z,M06,OP10,SH-2026-06-01-M06-D,1011.1,21.43,79.57,95.87,213.9,0.0,63.46,4.91,91.96,27.17,0.188,0.0,1.35,3.22,12.923248,79.133582,true,true,,false,
520,2026-06-01T01:59:00Z,M06,OP10,SH-2026-06-01-M06-D,1445.3,50.39,79.5,95.64,276.8,0.0,63.58,18.49,91.94,27.58,0.385,20.97,0.76,3.69,12.921491,79.130969,true,false,,false,
521,2026-06-01T02:00:00Z,M06,OP10,SH-2026-06-01-M06-D,1567.9,62.16,79.66,95.13,309.0,0.0,63.8,22.45,91.88,27.72,0.413,30.5,-0.33,3.44,12.918872,79.127213,true,false,,false,
522,2026-06-01T02:01:00Z,M06,OP10,SH-2026-06-01-M06-D,1125.2,30.43,79.31,93.9,231.3,0.0,63.6,8.78,91.81,27.39,0.256,0.0,0.49,2.97,12.918872,79.127213,true,true,,false,
523,2026-06-01T02:02:00Z,M06,OP10,SH-2026-06-01-M06-D,1550.0,50.1,79.13,94.76,275.4,0.0,63.64,20.16,91.79,27.7,0.405,20.55,1.27,2.4,12.916472,79.125274,true,false,,false,
524,2026-06-01T02:03:00Z,M06,OP10,SH-2026-06-01-M06-D,1679.6,54.04,79.3,94.9,295.9,0.0,63.7,23.91,91.73,27.69,0.418,22.31,3.45,0.63,12.91349,79.123747,true,false,,false,
525,2026-06-01T02:04:00Z,M06,OP10,SH-2026-06-01-M06-D,1164.4,21.82,79.24,94.17,219.6,0.0,63.33,8.94,91.65,27.27,0.245,0.0,2.77,2.05,12.91349,79.123747,true,true,,false,
526,2026-06-01T02:05:00Z,M06,OP10,SH-2026-06-01-M06-D,1037.9,14.72,78.82,92.75,201.7,0.0,62.93,4.4,91.62,27.26,0.149,0.0,1.84,2.77,12.91349,79.123747,true,true,,false,
527,2026-06-01T02:06:00Z,M06,OP10,SH-2026-06-01-M06-D,963.0,14.26,78.62,92.39,206.5,0.0,62.55,3.11,91.61,27.27,0.172,0.0,1.66,3.29,12.91349,79.123747,true,true,,false,
528,2026-06-01T02:07:00Z,M06,OP10,SH-2026-06-01-M06-D,942.5,15.66,78.99,91.36,202.1,0.0,62.28,2.76,91.6,27.22,0.157,0.0,1.83,3.74,12.91349,79.123747,true,true,,false,
529,2026-06-01T02:08:00Z,M06,OP10,SH-2026-06-01-M06-D,1520.1,45.81,79.26,92.1,280.7,0.0,62.29,19.05,91.59,27.59,0.314,16.77,1.59,2.06,12.911676,79.122001,true,false,,false,
530,2026-06-01T02:09:00Z,M06,OP10,SH-2026-06-01-M06-D,1667.5,53.13,79.12,92.82,289.2,0.0,62.37,23.17,91.53,27.55,0.4,19.08,2.79,2.62,12.91371,79.12402,true,false,,false,
531,2026-06-01T02:10:00Z,M06,OP10,SH-2026-06-01-M06-D,1850.9,68.47,79.94,93.78,339.9,0.0,62.62,24.78,91.46,27.56,0.471,6.31,0.28,3.23,12.913869,79.124954,true,false,,false,
532,2026-06-01T02:11:00Z,M06,OP10,SH-2026-06-01-M06-D,1771.1,61.27,80.15,94.32,329.3,0.0,62.63,25.37,91.39,27.55,0.421,19.04,1.6,3.08,12.913922,79.127812,true,false,,false,
533,2026-06-01T02:12:00Z,M06,OP10,SH-2026-06-01-M06-D,1778.7,61.56,80.46,94.56,322.8,0.0,62.86,23.87,91.31,27.52,0.402,27.8,2.35,1.81,12.913884,79.131986,true,false,,false,
534,2026-06-01T02:13:00Z,M06,OP10,SH-2026-06-01-M06-D,1924.7,77.05,81.07,95.72,344.4,0.0,63.34,23.29,91.23,27.56,0.418,10.42,3.05,1.09,12.913626,79.133529,true,false,,false,
535,2026-06-01T02:14:00Z,M06,OP10,SH-2026-06-01-M06-D,1966.5,83.69,81.32,96.91,336.8,0.0,63.88,23.41,91.16,27.56,0.384,5.05,1.53,2.0,12.913182,79.134143,true,false,,false,
536,2026-06-01T02:15:00Z,M06,OP10,SH-2026-06-01-M06-D,1989.1,83.68,82.08,97.47,357.1,0.0,64.24,22.96,91.09,27.77,0.406,4.0,1.44,1.73,12.912907,79.134677,true,false,,false,
537,2026-06-01T02:16:00Z,M06,OP10,SH-2026-06-01-M06-D,1885.9,67.81,81.72,97.04,334.2,0.0,64.55,23.65,91.02,27.78,0.364,26.12,1.19,1.09,12.911573,79.138366,true,false,,false,
538,2026-06-01T02:17:00Z,M06,OP10,SH-2026-06-01-M06-D,1843.6,66.85,81.47,97.36,350.0,0.0,64.58,24.48,90.95,27.78,0.37,32.41,2.06,1.71,12.912723,79.133637,true,false,,false,
539,2026-06-01T02:18:00Z,M06,OP10,SH-2026-06-01-M06-D,1964.5,76.47,82.02,98.5,378.3,0.0,64.79,24.85,90.87,27.82,0.356,11.36,1.59,2.17,12.913238,79.13201,true,false,,false,
540,2026-06-01T02:19:00Z,M06,OP10,SH-2026-06-01-M06-D,1860.1,69.25,81.59,98.48,360.3,0.0,65.08,23.96,90.79,27.84,0.353,27.47,-0.15,2.06,12.915271,79.128421,true,false,,false,
541,2026-06-01T02:20:00Z,M06,OP10,SH-2026-06-01-M06-D,1788.1,62.63,81.64,98.71,364.8,0.0,65.12,24.8,90.72,27.98,0.378,30.84,2.33,4.42,12.917119,79.124175,true,false,,false,
542,2026-06-01T02:21:00Z,M06,OP10,SH-2026-06-01-M06-D,1917.4,74.55,81.91,99.06,407.5,0.0,65.43,24.57,90.64,27.89,0.399,10.96,1.72,3.68,12.917954,79.122756,true,false,,false,
543,2026-06-01T02:22:00Z,M06,OP10,SH-2026-06-01-M06-D,1980.6,79.59,82.47,99.76,407.0,0.0,65.84,24.22,90.57,27.87,0.425,5.19,0.99,3.96,12.918248,79.122034,true,false,,false,
544,2026-06-01T02:23:00Z,M06,OP10,SH-2026-06-01-M06-D,1985.4,83.43,82.75,99.92,394.5,0.0,66.06,24.01,90.49,27.82,0.45,3.06,-0.02,3.31,12.918456,79.121624,true,false,,false,
545,2026-06-01T02:24:00Z,M06,OP10,SH-2026-06-01-M06-D,1974.3,85.73,82.82,100.28,416.3,0.0,66.43,23.94,90.42,27.79,0.457,2.53,-1.71,3.5,12.918597,79.121271,true,false,,false,
546,2026-06-01T02:25:00Z,M06,OP10,SH-2026-06-01-M06-D,1989.6,86.01,82.81,100.93,414.8,0.0,66.69,23.42,90.34,27.75,0.424,2.28,-1.01,3.44,12.918456,79.120959,true,false,,false,
547,2026-06-01T02:26:00Z,M06,OP10,SH-2026-06-01-M06-D,1964.3,80.42,82.92,101.72,418.1,0.0,66.99,24.55,90.27,27.76,0.365,1.62,-0.02,3.52,12.918423,79.120719,true,false,,false,
548,2026-06-01T02:27:00Z,M06,OP10,SH-2026-06-01-M06-D,1807.3,63.95,82.27,101.5,397.3,0.0,67.14,25.63,90.2,27.79,0.362,10.94,-0.21,4.85,12.9187,79.1191,true,false,,false,
549,2026-06-01T02:28:00Z,M06,OP10,SH-2026-06-01-M06-D,1742.3,53.98,82.3,100.99,381.0,0.0,67.01,24.85,90.12,27.83,0.359,13.98,1.39,3.44,12.919288,79.117085,true,false,,false,
550,2026-06-01T02:29:00Z,M06,OP10,SH-2026-06-01-M06-D,1813.5,67.27,82.92,101.7,396.0,0.0,67.05,23.87,90.04,27.76,0.381,4.61,3.24,5.56,12.91923,79.117774,true,false,,false,
551,2026-06-01T02:30:00Z,M06,OP10,SH-2026-06-01-M06-D,1718.2,54.76,83.32,101.18,383.1,0.0,67.08,24.17,89.97,27.63,0.331,18.65,3.11,3.91,12.918349,79.120432,true,false,,false,
552,2026-06-01T02:31:00Z,M06,OP10,SH-2026-06-01-M06-D,1645.9,53.39,83.28,100.56,379.6,0.0,67.07,23.91,89.89,27.82,0.36,25.01,1.2,4.37,12.915424,79.122787,true,false,,false,
553,2026-06-01T02:32:00Z,M06,OP10,SH-2026-06-01-M06-D,1767.2,66.8,83.69,101.38,393.2,0.0,67.27,23.89,89.82,27.79,0.384,9.44,0.86,4.35,12.914156,79.123418,true,false,,false,
554,2026-06-01T02:33:00Z,M06,OP10,SH-2026-06-01-M06-D,1862.5,69.69,83.81,101.24,409.7,0.0,67.39,24.52,89.74,27.76,0.385,4.17,1.61,3.26,12.913554,79.123594,true,false,,false,
555,2026-06-01T02:34:00Z,M06,OP10,SH-2026-06-01-M06-D,1861.2,72.37,83.99,101.99,408.8,0.0,67.72,23.91,89.67,27.85,0.377,2.84,0.91,2.59,12.913281,79.123922,true,false,,false,
556,2026-06-01T02:35:00Z,M06,OP10,SH-2026-06-01-M06-D,1200.5,31.35,83.63,100.71,297.2,0.0,67.31,9.27,89.59,27.53,0.18,0.0,0.9,2.99,12.913281,79.123922,true,true,,false,
557,2026-06-01T02:36:00Z,M06,OP10,SH-2026-06-01-M06-D,1698.4,64.21,84.2,100.95,361.0,0.0,67.49,19.32,89.57,27.84,0.32,1.48,0.2,4.09,12.913094,79.124041,true,false,,false,
558,2026-06-01T02:37:00Z,M06,OP10,SH-2026-06-01-M06-D,1160.6,25.74,84.0,99.65,269.0,0.0,67.03,7.79,89.51,27.62,0.156,0.0,0.94,3.57,12.913094,79.124041,true,true,,false,
559,2026-06-01T02:38:00Z,M06,OP10,SH-2026-06-01-M06-D,1534.1,45.89,84.12,99.58,335.6,0.0,66.7,18.26,89.48,27.98,0.288,10.14,2.0,4.91,12.911754,79.124764,true,false,,false,
560,2026-06-01T02:39:00Z,M06,OP10,SH-2026-06-01-M06-D,1623.3,58.21,84.56,99.43,355.3,0.0,66.93,22.0,89.43,27.94,0.369,10.53,0.25,3.19,12.910284,79.125347,true,false,,false,
561,2026-06-01T02:40:00Z,M06,OP10,SH-2026-06-01-M06-D,1155.7,28.0,84.59,97.93,261.5,0.0,66.62,8.26,89.36,27.51,0.207,0.0,0.56,3.41,12.910284,79.125347,true,true,,false,
562,2026-06-01T02:41:00Z,M06,OP10,SH-2026-06-01-M06-D,1561.9,47.08,85.3,98.15,328.7,0.0,66.55,18.93,89.33,27.85,0.319,9.35,0.2,3.39,12.911658,79.125059,true,false,,false,
563,2026-06-01T02:42:00Z,M06,OP10,SH-2026-06-01-M06-D,1722.9,56.41,85.53,98.15,341.4,0.0,66.4,21.01,89.27,27.97,0.442,14.49,-0.32,2.93,12.913729,79.12439,true,false,,false,
564,2026-06-01T02:43:00Z,M06,OP10,SH-2026-06-01-M06-D,1906.7,76.49,85.72,98.18,363.3,0.0,66.6,22.64,89.21,28.02,0.426,5.21,1.03,3.96,12.914505,79.124294,true,false,,false,
565,2026-06-01T02:44:00Z,M06,OP10,SH-2026-06-01-M06-D,1980.4,79.15,85.91,98.38,377.4,0.0,66.88,22.58,89.14,28.14,0.421,2.44,2.44,4.49,12.914871,79.124265,true,false,,false,
566,2026-06-01T02:45:00Z,M06,OP10,SH-2026-06-01-M06-D,1992.4,83.45,85.96,98.77,375.4,0.0,67.22,22.34,89.07,28.27,0.374,1.67,2.93,5.24,12.915118,79.124226,true,false,,false,
567,2026-06-01T02:46:00Z,M06,OP10,SH-2026-06-01-M06-D,1876.2,66.9,85.54,98.59,353.9,0.0,67.41,22.23,89.0,28.18,0.329,19.31,1.89,3.93,12.917944,79.123575,true,false,,false,
568,2026-06-01T02:47:00Z,M06,OP10,SH-2026-06-01-M06-D,1823.4,64.81,85.27,98.21,349.6,0.0,67.54,22.69,88.93,28.09,0.326,23.95,1.42,3.69,12.921537,79.123417,true,false,,false,
569,2026-06-01T02:48:00Z,M06,OP10,SH-2026-06-01-M06-D,1946.7,78.08,85.39,98.11,391.1,0.0,67.73,22.44,88.86,28.15,0.392,8.99,2.6,3.8,12.922871,79.123216,true,false,,false,
570,2026-06-01T02:49:00Z,M06,OP10,SH-2026-06-01-M06-D,1799.1,68.92,84.77,98.02,355.0,0.0,67.93,22.7,88.79,28.22,0.403,25.2,3.83,3.55,12.926265,79.121543,true,false,,false,
571,2026-06-01T02:50:00Z,M06,OP10,SH-2026-06-01-M06-D,1767.4,70.57,83.55,97.94,344.8,0.0,68.14,21.64,88.72,28.28,0.42,30.69,2.8,3.59,12.92956,79.118322,true,false,,false,
572,2026-06-01T02:51:00Z,M06,OP10,SH-2026-06-01-M06-D,1877.6,80.07,83.39,98.0,359.4,0.0,68.39,21.05,88.66,28.22,0.462,11.56,3.53,2.86,12.928033,79.119145,true,false,,false,
573,2026-06-01T02:52:00Z,M06,OP10,SH-2026-06-01-M06-D,1966.3,78.66,83.14,97.97,376.4,0.0,68.67,20.86,88.59,28.08,0.463,5.76,2.93,3.77,12.927562,79.119871,true,false,,false,
574,2026-06-01T02:53:00Z,M06,OP10,SH-2026-06-01-M06-D,1916.9,83.12,83.17,98.57,365.4,0.0,68.98,20.97,88.53,28.02,0.463,3.85,3.43,1.94,12.927052,79.120142,true,false,,false,
575,2026-06-01T02:54:00Z,M06,OP10,SH-2026-06-01-M06-D,1775.1,68.77,82.98,98.39,352.1,0.0,69.14,21.25,88.46,27.95,0.393,25.99,2.27,4.26,12.9242,79.122805,true,false,,false,
576,2026-06-01T02:55:00Z,M06,OP10,SH-2026-06-01-M06-D,1695.9,67.11,82.64,97.85,344.2,0.0,69.41,20.07,88.4,27.85,0.396,31.33,2.5,2.81,12.922342,79.127127,true,false,,false,
577,2026-06-01T02:56:00Z,M06,OP10,SH-2026-06-01-M06-D,1834.3,76.04,82.57,98.04,386.8,0.0,69.45,20.26,88.33,27.77,0.441,10.83,1.79,0.95,12.922237,79.12875,true,false,,false,
578,2026-06-01T02:57:00Z,M06,OP10,SH-2026-06-01-M06-D,1739.4,67.89,82.07,97.73,384.4,0.0,69.4,21.11,88.27,27.66,0.432,24.19,1.12,4.74,12.921449,79.132296,true,false,,false,
579,2026-06-01T02:58:00Z,M06,OP10,SH-2026-06-01-M06-D,1682.9,68.66,81.95,97.15,370.2,0.0,69.52,21.07,88.21,27.62,0.387,29.05,0.84,5.21,12.920466,79.136545,true,false,,false,
580,2026-06-01T02:59:00Z,M06,OP10,SH-2026-06-01-M06-D,1800.1,78.07,81.91,97.5,401.8,0.0,69.58,20.64,88.14,27.48,0.408,10.68,0.65,4.49,12.919925,79.138054,true,false,,false,
581,2026-06-01T03:00:00Z,M06,OP10,SH-2026-06-01-M06-D,1198.7,33.94,81.28,95.96,281.4,0.0,69.45,7.79,88.08,27.19,0.195,0.0,1.29,3.63,12.919925,79.138054,true,true,,false,
582,2026-06-01T03:01:00Z,M06,OP10,SH-2026-06-01-M06-D,1024.8,19.94,80.54,94.79,249.6,0.0,69.07,3.68,88.05,27.14,0.151,0.0,1.09,3.58,12.919925,79.138054,true,true,,false,
583,2026-06-01T03:02:00Z,M06,OP10,SH-2026-06-01-M06-D,947.8,13.85,80.25,93.9,237.7,0.0,68.57,2.52,88.04,27.19,0.148,0.0,1.37,3.62,12.919925,79.138054,true,true,,false,
584,2026-06-01T03:03:00Z,M06,OP10,SH-2026-06-01-M06-D,1480.7,41.33,80.8,94.19,313.2,0.0,68.37,14.76,88.04,27.59,0.311,21.26,3.87,5.79,12.91848,79.140901,true,false,,false,
585,2026-06-01T03:04:00Z,M06,OP10,SH-2026-06-01-M06-D,1623.1,54.44,80.82,94.33,341.2,0.0,68.36,18.48,87.99,27.69,0.363,31.08,2.63,3.91,12.919082,79.136273,true,false,,false,
586,2026-06-01T03:05:00Z,M06,OP10,SH-2026-06-01-M06-D,1169.4,27.71,80.45,93.26,266.0,0.0,68.08,6.86,87.93,27.34,0.209,0.0,2.27,3.79,12.919082,79.136273,true,true,,false,
587,2026-06-01T03:06:00Z,M06,OP10,SH-2026-06-01-M06-D,1637.6,53.01,80.76,93.09,314.4,0.0,68.06,16.27,87.91,27.62,0.362,27.73,2.38,3.42,12.918739,79.132124,true,false,,false,
588,2026-06-01T03:07:00Z,M06,OP10,SH-2026-06-01-M06-D,1726.1,62.97,81.4,93.89,329.8,0.0,68.08,19.08,87.86,27.72,0.399,32.97,1.67,3.48,12.919313,79.127207,true,false,,false,
589,2026-06-01T03:08:00Z,M06,OP10,SH-2026-06-01-M06-D,1875.3,76.8,82.34,94.84,361.3,0.0,68.38,19.53,87.8,27.77,0.42,11.87,1.72,4.21,12.918863,79.125483,true,false,,false,
590,2026-06-01T03:09:00Z,M06,OP10,SH-2026-06-01-M06-D,1909.2,87.91,82.96,95.59,378.8,0.0,68.6,20.19,87.74,27.7,0.402,4.97,2.37,5.09,12.918751,79.124746,true,false,,false,
591,2026-06-01T03:10:00Z,M06,OP10,SH-2026-06-01-M06-D,1910.4,82.28,83.65,96.29,395.5,0.0,68.63,20.27,87.68,27.56,0.401,3.49,1.44,5.09,12.918718,79.124224,true,false,,false,
592,2026-06-01T03:11:00Z,M06,OP10,SH-2026-06-01-M06-D,1912.8,84.29,84.37,97.23,395.3,0.0,68.93,19.96,87.62,27.53,0.402,3.02,0.88,4.43,12.918557,79.1238,true,false,,false,
593,2026-06-01T03:12:00Z,M06,OP10,SH-2026-06-01-M06-D,1266.4,35.54,84.3,96.4,285.2,0.0,68.51,7.13,87.56,27.03,0.188,0.0,1.69,3.4,12.918557,79.1238,true,true,,false,
594,2026-06-01T03:13:00Z,M06,OP10,SH-2026-06-01-M06-D,1599.8,54.99,84.91,96.8,336.3,0.0,68.25,16.19,87.53,27.12,0.322,25.31,0.32,3.6,12.917576,79.120129,true,false,,false,
595,2026-06-01T03:14:00Z,M06,OP10,SH-2026-06-01-M06-D,1715.7,58.35,85.54,96.73,362.2,0.0,68.18,19.56,87.48,27.19,0.389,32.24,-1.66,1.68,12.915644,79.11569,true,false,,false,
596,2026-06-01T03:15:00Z,M06,OP10,SH-2026-06-01-M06-D,1792.5,57.14,86.34,97.32,371.7,0.0,68.26,20.75,87.42,27.21,0.372,34.33,-1.85,1.17,12.916804,79.120713,true,false,,false,
597,2026-06-01T03:16:00Z,M06,OP10,SH-2026-06-01-M06-D,1776.7,51.25,87.03,97.88,375.5,0.0,68.13,20.77,87.36,27.28,0.417,32.59,-0.16,0.5,12.917407,79.125568,true,false,,false,
598,2026-06-01T03:17:00Z,M06,OP10,SH-2026-06-01-M06-D,1749.4,51.26,87.62,98.53,364.8,0.0,67.93,22.15,87.29,27.25,0.341,31.35,-0.14,-0.94,12.918104,79.130223,true,false,,false,
599,2026-06-01T03:18:00Z,M06,OP10,SH-2026-06-01-M06-D,1752.3,46.64,88.32,98.16,363.3,0.0,67.84,22.28,87.23,27.31,0.327,29.33,-0.91,0.72,12.918239,79.134625,true,false,,false,
600,2026-06-01T03:19:00Z,M06,OP10,SH-2026-06-01-M06-D,1785.4,54.08,88.49,97.56,358.9,0.0,67.85,21.7,87.16,27.27,0.368,31.75,-0.69,-1.59,12.919061,79.13932,true,false,,false,
601,2026-06-01T03:20:00Z,M06,OP10,SH-2026-06-01-M06-D,1920.5,67.28,88.95,98.37,381.7,0.0,68.08,21.35,87.09,27.32,0.439,11.41,1.27,0.31,12.918584,79.137674,true,false,,false,
602,2026-06-01T03:21:00Z,M06,OP10,SH-2026-06-01-M06-D,1934.8,71.65,89.77,98.46,381.6,0.0,68.25,21.98,87.02,27.44,0.409,5.35,0.8,1.65,12.918325,79.136914,true,false,,false,
603,2026-06-01T03:22:00Z,M06,OP10,SH-2026-06-01-M06-D,1292.4,30.86,89.72,97.01,273.2,0.0,67.94,8.08,86.96,27.1,0.193,0.0,1.23,2.81,12.918325,79.136914,true,true,,false,
604,2026-06-01T03:23:00Z,M06,OP10,SH-2026-06-01-M06-D,1614.0,43.1,90.13,97.14,334.1,0.0,67.66,17.15,86.93,27.39,0.338,15.31,1.41,2.26,12.918082,79.134628,true,false,,false,
605,2026-06-01T03:24:00Z,M06,OP10,SH-2026-06-01-M06-D,1700.2,51.34,90.48,97.62,339.8,0.0,67.6,20.67,86.88,27.52,0.409,22.7,1.28,3.24,12.917723,79.131238,true,false,,false,
606,2026-06-01T03:25:00Z,M06,OP10,SH-2026-06-01-M06-D,1722.2,52.36,90.76,97.63,347.8,0.0,67.48,22.07,86.82,27.53,0.422,24.07,2.91,4.54,12.917988,79.127634,true,false,,false,
607,2026-06-01T03:26:00Z,M06,OP10,SH-2026-06-01-M06-D,1875.2,68.41,91.01,97.96,371.3,0.0,67.56,22.22,86.75,27.44,0.488,8.14,2.41,4.1,12.917756,79.126434,true,false,,false,
608,2026-06-01T03:27:00Z,M06,OP10,SH-2026-06-01-M06-D,1746.1,59.09,91.09,97.72,346.9,0.0,67.48,22.29,86.68,27.4,0.449,19.24,1.75,5.44,12.917539,79.123552,true,false,,false,
609,2026-06-01T03:28:00Z,M06,OP10,SH-2026-06-01-M06-D,1708.8,57.92,91.15,97.93,350.4,0.0,67.48,21.45,86.61,27.28,0.474,24.08,1.8,3.38,12.916358,79.120135,true,false,,false,
610,2026-06-01T03:29:00Z,M06,OP10,SH-2026-06-01-M06-D,1702.7,58.19,91.1,97.62,331.9,0.0,67.5,21.38,86.54,27.21,0.442,25.96,0.17,3.81,12.914533,79.116692,true,false,,false,
611,2026-06-01T03:30:00Z,M06,OP10,SH-2026-06-01-M06-D,1825.3,67.2,91.41,97.6,374.5,0.0,67.57,21.45,86.48,27.27,0.485,9.33,0.52,3.59,12.914796,79.118068,true,false,,false,
612,2026-06-01T03:31:00Z,M06,OP10,SH-2026-06-01-M06-D,1825.9,71.03,91.77,97.95,370.1,0.0,67.75,22.14,86.41,27.21,0.524,3.6,1.44,2.27,12.914979,79.118577,true,false,,false,
613,2026-06-01T03:32:00Z,M06,OP10,SH-2026-06-01-M06-D,1885.2,75.61,92.17,98.07,372.4,0.0,67.97,22.07,86.34,27.29,0.526,1.58,0.39,3.92,12.91503,79.11881,true,false,,false,
614,2026-06-01T03:33:00Z,M06,OP10,SH-2026-06-01-M06-D,1716.7,59.86,92.04,97.71,350.8,0.0,67.88,21.81,86.28,27.29,0.449,8.78,1.0,3.34,12.915295,79.120102,true,false,,false,
615,2026-06-01T03:34:00Z,M06,OP10,SH-2026-06-01-M06-D,1684.4,62.35,91.72,96.48,350.0,0.0,67.99,23.45,86.21,27.25,0.474,14.0,0.12,3.34,12.915238,79.122203,true,false,,false,
616,2026-06-01T03:35:00Z,M06,OP10,SH-2026-06-01-M06-D,1710.7,66.86,91.54,95.87,346.4,0.0,68.25,23.54,86.14,27.21,0.468,15.28,1.62,3.77,12.91627,79.124252,true,false,,false,
617,2026-06-01T03:36:00Z,M06,OP10,SH-2026-06-01-M06-D,1809.3,81.19,92.35,95.57,351.8,0.0,68.55,22.02,86.06,27.18,0.489,5.55,1.71,3.81,12.916728,79.124949,true,false,,false,
618,2026-06-01T03:37:00Z,M06,OP10,SH-2026-06-01-M06-D,1729.1,68.44,92.2,96.04,331.8,0.0,68.72,22.63,85.99,27.19,0.469,11.7,0.84,4.06,12.916848,79.126701,true,false,,false,
619,2026-06-01T03:38:00Z,M06,OP10,SH-2026-06-01-M06-D,1720.0,59.26,91.71,96.35,311.2,0.0,68.83,23.26,85.92,27.19,0.42,14.02,0.79,3.32,12.916386,79.128755,true,false,,false,
620,2026-06-01T03:39:00Z,M06,OP10,SH-2026-06-01-M06-D,1723.5,55.54,91.86,96.46,307.2,0.0,68.54,23.52,85.85,27.24,0.453,16.43,1.35,2.6,12.916491,79.13122,true,false,,false,
621,2026-06-01T03:40:00Z,M06,OP10,SH-2026-06-01-M06-D,1885.1,73.85,92.23,96.29,341.4,0.0,68.69,24.37,85.78,27.27,0.424,5.51,3.36,2.24,12.916764,79.132001,true,false,,false,
622,2026-06-01T03:41:00Z,M06,OP10,SH-2026-06-01-M06-D,1868.4,79.36,92.02,97.08,341.8,0.0,68.91,23.76,85.71,27.19,0.465,2.4,0.22,2.67,12.916874,79.132344,true,false,,false,
623,2026-06-01T03:42:00Z,M06,OP10,SH-2026-06-01-M06-D,1896.1,86.69,92.1,96.84,354.3,0.0,69.19,23.51,85.63,27.23,0.509,1.21,0.73,2.29,12.916902,79.132523,true,false,,false,
624,2026-06-01T03:43:00Z,M06,OP10,SH-2026-06-01-M06-D,1758.0,74.24,91.71,96.4,333.0,0.0,69.64,23.26,85.56,27.23,0.456,10.48,0.66,3.74,12.917124,79.134081,true,false,,false,
625,2026-06-01T03:44:00Z,M06,OP10,SH-2026-06-01-M06-D,1764.9,61.4,90.96,95.65,338.3,0.0,69.64,21.96,85.49,27.25,0.439,15.75,0.57,2.12,12.917944,79.136298,true,false,,false,
626,2026-06-01T03:45:00Z,M06,OP10,SH-2026-06-01-M06-D,1771.7,62.77,90.75,94.58,341.7,0.0,69.68,21.94,85.42,27.28,0.425,15.04,0.84,1.91,12.918657,79.138441,true,false,,false,
627,2026-06-01T03:46:00Z,M06,OP10,SH-2026-06-01-M06-D,1901.1,80.63,90.78,94.76,355.6,0.0,69.74,22.97,85.35,27.25,0.485,4.21,-0.84,1.12,12.918983,79.138982,true,false,,false,
628,2026-06-01T03:47:00Z,M06,OP10,SH-2026-06-01-M06-D,1812.2,74.52,89.97,94.03,332.9,0.0,69.94,22.8,85.28,27.24,0.407,11.14,2.78,1.69,12.918867,79.137314,true,false,,false,
629,2026-06-01T03:48:00Z,M06,OP10,SH-2026-06-01-M06-D,1767.5,65.3,89.87,93.82,326.0,0.0,70.02,23.53,85.21,27.29,0.417,18.74,2.55,2.08,12.919095,79.134509,true,false,,false,
630,2026-06-01T03:49:00Z,M06,OP10,SH-2026-06-01-M06-D,1753.8,65.19,89.49,93.23,312.2,0.0,70.02,23.5,85.14,27.38,0.403,28.66,0.46,1.71,12.922228,79.13156,true,false,,false,
631,2026-06-01T03:50:00Z,M06,OP10,SH-2026-06-01-M06-D,1788.1,62.29,89.04,92.63,307.2,0.0,69.95,23.9,85.07,27.33,0.451,31.39,1.61,1.92,12.92614,79.128932,true,false,,false,
632,2026-06-01T03:51:00Z,M06,OP10,SH-2026-06-01-M06-D,1801.9,61.42,88.76,92.48,312.1,0.0,69.88,24.79,84.99,27.32,0.482,32.74,0.01,0.71,12.929607,79.125446,true,false,,false,
633,2026-06-01T03:52:00Z,M06,OP10,SH-2026-06-01-M06-D,1766.0,54.86,88.66,91.86,305.7,0.0,69.95,24.22,84.92,27.28,0.477,31.37,-0.26,-0.2,12.925401,79.127566,true,false,,false,
634,2026-06-01T03:53:00Z,M06,OP10,SH-2026-06-01-M06-D,1766.1,60.86,88.49,91.41,295.0,0.0,70.02,23.82,84.84,27.23,0.492,32.33,0.14,-0.22,12.920599,79.128274,true,false,,false,
635,2026-06-01T03:54:00Z,M06,OP10,SH-2026-06-01-M06-D,1795.9,63.64,88.32,91.44,302.0,0.0,70.11,22.8,84.77,27.23,0.477,33.55,0.13,0.57,12.916557,79.131282,true,false,,false,
636,2026-06-01T03:55:00Z,M06,OP10,SH-2026-06-01-M06-D,1751.9,64.13,88.15,90.88,303.2,0.0,70.15,22.41,84.7,27.25,0.513,35.18,2.41,3.54,12.913049,79.135231,true,false,,false,
637,2026-06-01T03:56:00Z,M06,OP10,SH-2026-06-01-M06-D,1754.5,60.6,88.46,90.42,309.9,0.0,70.21,22.52,84.63,27.23,0.513,31.87,0.54,1.88,12.908345,79.136107,true,false,,false,
638,2026-06-01T03:57:00Z,M06,OP10,SH-2026-06-01-M06-D,1759.0,60.04,88.85,90.12,299.1,0.0,70.18,22.51,84.56,27.24,0.483,29.52,-0.14,0.06,12.912676,79.135164,true,false,,false,
639,2026-06-01T03:58:00Z,M06,OP10,SH-2026-06-01-M06-D,1739.3,63.22,89.41,89.41,298.0,0.0,70.17,22.03,84.49,27.24,0.466,32.36,0.59,-1.72,12.917536,79.135165,true,false,,false,
640,2026-06-01T03:59:00Z,M06,OP10,SH-2026-06-01-M06-D,1778.5,59.47,89.18,88.91,288.5,0.0,70.32,22.13,84.42,27.18,0.465,34.31,-0.8,-1.73,12.922311,79.137097,true,false,,false,
641,2026-06-01T04:00:00Z,M06,OP10,SH-2026-06-01-M06-D,1854.3,74.47,89.82,89.5,316.0,0.0,70.53,22.99,84.35,27.19,0.493,11.63,3.07,1.65,12.923741,79.138099,true,false,,false,
642,2026-06-01T04:01:00Z,M06,OP10,SH-2026-06-01-M06-D,1917.2,76.95,90.41,90.09,325.5,0.0,70.55,24.34,84.28,27.25,0.499,5.26,3.56,3.08,12.923353,79.137412,true,false,,false,
643,2026-06-01T04:02:00Z,M06,OP10,SH-2026-06-01-M06-D,1930.7,76.5,90.79,90.14,325.2,0.0,70.75,24.97,84.21,27.33,0.484,3.7,2.84,4.53,12.923024,79.136964,true,false,,false,
644,2026-06-01T04:03:00Z,M06,OP10,SH-2026-06-01-M06-D,1945.9,75.79,91.54,90.28,333.1,0.0,70.79,26.08,84.13,27.35,0.479,3.52,1.87,4.48,12.922503,79.136874,true,false,,false,
645,2026-06-01T04:04:00Z,M06,OP10,SH-2026-06-01-M06-D,1933.3,77.78,91.58,90.29,338.7,0.0,71.0,26.6,84.05,27.37,0.455,2.71,0.46,5.06,12.922152,79.136668,true,false,,false,
646,2026-06-01T04:05:00Z,M06,OP10,SH-2026-06-01-M06-D,1963.8,76.73,91.46,91.12,340.1,0.0,71.1,27.35,83.97,27.39,0.418,3.25,0.46,4.48,12.921775,79.13636,true,false,,false,
647,2026-06-01T04:06:00Z,M06,OP10,SH-2026-06-01-M06-D,1757.9,65.55,91.08,90.76,324.8,0.0,71.11,27.01,83.88,27.39,0.441,25.33,0.36,5.14,12.918914,79.133854,true,false,,false,
648,2026-06-01T04:07:00Z,M06,OP10,SH-2026-06-01-M06-D,1693.4,58.5,90.9,90.56,331.0,0.0,71.03,27.28,83.8,27.35,0.438,31.99,1.17,4.98,12.914398,79.132217,true,false,,false,
649,2026-06-01T04:08:00Z,M06,OP10,SH-2026-06-01-M06-D,1800.4,70.19,90.58,90.82,346.9,0.0,71.26,27.74,83.71,27.42,0.498,11.84,1.66,5.8,12.912698,79.131695,true,false,,false,
650,2026-06-01T04:09:00Z,M06,OP10,SH-2026-06-01-M06-D,1683.6,61.29,89.55,90.2,352.6,0.0,71.24,27.0,83.63,27.56,0.442,27.07,2.53,4.87,12.90889,79.130274,true,false,,false,
651,2026-06-01T04:10:00Z,M06,OP10,SH-2026-06-01-M06-D,1613.1,59.17,88.33,89.75,351.4,0.0,71.09,26.37,83.55,27.55,0.427,32.55,3.94,4.38,12.91376,79.129863,true,false,,false,
652,2026-06-01T04:11:00Z,M06,OP10,SH-2026-06-01-M06-D,1095.1,26.77,87.63,87.89,249.8,0.0,70.56,10.56,83.46,27.31,0.203,0.0,3.58,4.83,12.91376,79.129863,true,true,,false,
653,2026-06-01T04:12:00Z,M06,OP10,SH-2026-06-01-M06-D,909.0,14.84,86.56,86.12,226.4,0.0,69.99,5.81,83.43,27.23,0.17,0.0,2.85,5.17,12.91376,79.129863,true,true,,false,
654,2026-06-01T04:13:00Z,M06,OP10,SH-2026-06-01-M06-D,842.2,9.87,85.57,85.73,226.2,0.0,69.22,4.21,83.41,27.27,0.167,0.0,2.53,5.14,12.91376,79.129863,true,true,,false,
655,2026-06-01T04:14:00Z,M06,OP10,SH-2026-06-01-M06-D,1259.4,44.63,84.88,86.58,308.3,0.0,69.15,20.13,83.4,27.49,0.303,20.16,2.89,5.76,12.916382,79.128349,true,false,,false,
656,2026-06-01T04:15:00Z,M06,OP10,SH-2026-06-01-M06-D,1374.4,54.23,84.37,86.66,333.6,0.0,69.18,24.81,83.34,27.53,0.3,28.59,2.19,7.2,12.919826,79.125788,true,false,,false,
657,2026-06-01T04:16:00Z,M06,OP10,SH-2026-06-01-M06-D,1528.3,71.68,84.09,87.11,367.7,0.0,69.26,26.61,83.26,27.54,0.347,10.65,2.1,4.54,12.921228,79.125017,true,false,,false,
658,2026-06-01T04:17:00Z,M06,OP10,SH-2026-06-01-M06-D,1468.3,63.39,83.68,87.42,352.2,0.0,69.48,27.54,83.18,27.53,0.321,26.66,0.6,5.05,12.924343,79.122504,true,false,,false,
659,2026-06-01T04:18:00Z,M06,OP10,SH-2026-06-01-M06-D,1434.8,63.34,83.42,87.6,358.6,0.0,69.38,28.3,83.1,27.39,0.336,31.06,-0.08,5.66,12.928076,79.119709,true,false,,false,
660,2026-06-01T04:19:00Z,M06,OP10,SH-2026-06-01-M06-D,1569.2,72.48,84.03,87.85,376.2,0.0,69.36,28.17,83.01,27.41,0.368,10.71,0.97,4.98,12.926949,79.120856,true,false,,false,
661,2026-06-01T04:20:00Z,M06,OP10,SH-2026-06-01-M06-D,1591.0,77.09,84.31,88.5,387.2,0.0,69.6,28.04,82.92,27.44,0.34,5.56,2.95,5.31,12.926425,79.121506,true,false,,false,
662,2026-06-01T04:21:00Z,M06,OP10,SH-2026-06-01-M06-D,1588.3,76.41,84.79,88.73,373.8,0.0,69.81,28.48,82.83,27.4,0.39,4.17,1.79,4.65,12.925841,79.121731,true,false,,false,
663,2026-06-01T04:22:00Z,M06,OP10,SH-2026-06-01-M06-D,1591.6,75.9,85.34,89.4,378.6,0.0,69.91,28.43,82.75,27.36,0.449,2.29,1.97,4.33,12.925503,79.1218,true,false,,false,
664,2026-06-01T04:23:00Z,M06,OP10,SH-2026-06-01-M06-D,1617.8,75.33,85.58,89.84,374.8,0.0,70.33,27.68,82.66,27.38,0.432,1.43,2.1,5.14,12.925304,79.121881,true,false,,false,
665,2026-06-01T04:24:00Z,M06,OP10,SH-2026-06-01-M06-D,1660.4,77.76,86.39,90.03,385.4,0.0,70.47,27.29,82.57,27.49,0.425,2.04,1.15,6.91,12.925059,79.122063,true,false,,false,
666,2026-06-01T04:25:00Z,M06,OP10,SH-2026-06-01-M06-D,1516.7,67.42,86.29,90.49,360.0,0.0,70.65,28.49,82.49,27.39,0.393,15.93,2.79,6.06,12.923678,79.124016,true,false,,false,
667,2026-06-01T04:26:00Z,M06,OP10,SH-2026-06-01-M06-D,1468.5,64.71,86.49,90.13,348.3,0.0,70.55,28.7,82.4,27.43,0.347,19.52,1.73,4.72,12.922273,79.126588,true,false,,false,
668,2026-06-01T04:27:00Z,M06,OP10,SH-2026-06-01-M06-D,1551.4,80.64,86.92,90.82,347.9,0.0,70.64,29.1,82.31,27.42,0.345,7.08,0.61,6.01,12.921559,79.127375,true,false,,false,
669,2026-06-01T04:28:00Z,M06,OP10,SH-2026-06-01-M06-D,1444.2,70.85,86.87,90.75,334.6,0.0,70.6,28.39,82.22,27.55,0.313,19.47,2.88,5.89,12.920135,79.12993,true,false,,false,
670,2026-06-01T04:29:00Z,M06,OP10,SH-2026-06-01-M06-D,1393.4,69.83,86.78,90.59,331.6,0.0,70.65,28.96,82.13,27.43,0.336,20.4,2.89,4.95,12.918992,79.132771,true,false,,false,
671,2026-06-01T04:30:00Z,M06,OP10,SH-2026-06-01-M06-D,1543.3,80.51,86.82,91.41,366.1,0.0,70.75,29.46,82.05,27.32,0.303,7.32,4.45,4.78,12.918316,79.133637,true,false,,false,
672,2026-06-01T04:31:00Z,M06,OP10,SH-2026-06-01-M06-D,1563.2,79.26,86.98,91.29,348.3,0.0,71.01,29.18,81.95,27.23,0.295,3.22,3.18,4.94,12.918103,79.134072,true,false,,false,
673,2026-06-01T04:32:00Z,M06,OP10,SH-2026-06-01-M06-D,1568.3,78.63,87.82,91.9,343.3,0.0,71.18,29.87,81.86,27.23,0.325,2.12,2.16,6.12,12.917974,79.134363,true,false,,false,
674,2026-06-01T04:33:00Z,M06,OP10,SH-2026-06-01-M06-D,1469.7,63.38,87.79,91.79,335.4,0.0,71.2,30.14,81.77,27.22,0.3,18.25,3.74,4.44,12.915623,79.135772,true,false,,false,
675,2026-06-01T04:34:00Z,M06,OP10,SH-2026-06-01-M06-D,1447.2,58.85,88.05,91.8,327.1,0.0,71.1,29.93,81.68,27.23,0.287,15.8,2.43,5.16,12.913784,79.137272,true,false,,false,
676,2026-06-01T04:35:00Z,M06,OP10,SH-2026-06-01-M06-D,1587.1,69.22,88.94,92.03,340.5,0.0,71.07,30.18,81.59,27.2,0.297,4.75,2.41,5.55,12.914021,79.1366,true,false,,false,
677,2026-06-01T04:36:00Z,M06,OP10,SH-2026-06-01-M06-D,1483.5,58.53,89.07,92.21,327.7,0.0,71.08,29.48,81.49,27.16,0.306,11.68,1.83,5.39,12.914284,79.134865,true,false,,false,
678,2026-06-01T04:37:00Z,M06,OP10,SH-2026-06-01-M06-D,1437.1,56.06,88.6,92.02,336.1,0.0,70.95,29.36,81.4,27.17,0.313,12.18,1.23,4.46,12.914858,79.133129,true,false,,false,
679,2026-06-01T04:38:00Z,M06,OP10,SH-2026-06-01-M06-D,1575.0,66.81,89.01,92.49,373.9,0.0,70.97,28.59,81.31,27.22,0.286,4.23,0.16,4.99,12.91514,79.13256,true,false,,false,
680,2026-06-01T04:39:00Z,M06,OP10,SH-2026-06-01-M06-D,1658.7,72.89,89.44,92.79,378.7,0.0,70.92,28.94,81.22,27.26,0.304,1.56,0.73,2.91,12.915191,79.132333,true,false,,false,
681,2026-06-01T04:40:00Z,M06,OP10,SH-2026-06-01-M06-D,1679.1,74.0,89.7,93.27,398.3,0.0,71.17,28.44,81.13,27.2,0.323,1.09,-0.22,3.65,12.915213,79.132171,true,false,,false,
682,2026-06-01T04:41:00Z,M06,OP10,SH-2026-06-01-M06-D,1525.7,67.44,89.15,92.58,375.9,0.0,71.06,28.76,81.05,27.24,0.29,10.49,0.95,4.27,12.915438,79.130611,true,false,,false,
683,2026-06-01T04:42:00Z,M06,OP10,SH-2026-06-01-M06-D,1523.1,61.02,89.48,91.97,371.8,0.0,71.02,29.6,80.96,27.3,0.279,11.75,1.85,3.04,12.915305,79.128851,true,false,,false,
684,2026-06-01T04:43:00Z,M06,OP10,SH-2026-06-01-M06-D,1050.0,25.98,88.65,90.9,291.1,0.0,70.56,11.29,80.87,27.09,0.162,0.0,1.77,4.29,12.915305,79.128851,true,true,,false,
685,2026-06-01T04:44:00Z,M06,OP10,SH-2026-06-01-M06-D,1383.1,52.03,88.99,90.79,349.8,0.0,70.45,23.41,80.83,27.55,0.27,8.33,1.2,3.38,12.91504,79.127629,true,false,,false,
686,2026-06-01T04:45:00Z,M06,OP10,SH-2026-06-01-M06-D,1495.6,58.33,89.27,91.58,366.4,0.0,70.47,28.08,80.76,27.63,0.32,9.82,3.07,4.38,12.914974,79.126156,true,false,,false,
687,2026-06-01T04:46:00Z,M06,OP10,SH-2026-06-01-M06-D,1676.9,72.96,90.06,92.76,397.1,0.0,70.5,29.54,80.67,27.72,0.363,3.64,2.07,4.39,12.915054,79.125615,true,false,,false,
688,2026-06-01T04:47:00Z,M06,OP10,SH-2026-06-01-M06-D,1719.7,81.72,90.92,92.77,415.2,0.0,70.88,29.66,80.58,27.67,0.326,1.8,1.9,5.28,12.91512,79.125353,true,false,,false,
689,2026-06-01T04:48:00Z,M06,OP10,SH-2026-06-01-M06-D,1171.7,30.9,90.25,91.91,292.9,0.0,70.6,11.61,80.49,27.44,0.187,0.0,1.71,4.9,12.91512,79.125353,true,true,,false,
690,2026-06-01T04:49:00Z,M06,OP10,SH-2026-06-01-M06-D,979.8,20.3,89.28,90.41,261.3,0.0,70.23,6.45,80.45,27.31,0.111,0.0,1.9,4.73,12.91512,79.125353,true,true,,false,
691,2026-06-01T04:50:00Z,M06,OP10,SH-2026-06-01-M06-D,891.7,19.61,89.11,89.59,246.8,0.0,69.89,5.04,80.43,27.19,0.128,0.0,2.34,4.88,12.91512,79.125353,true,true,,false,
692,2026-06-01T04:51:00Z,M06,OP10,SH-2026-06-01-M06-D,1394.5,45.83,89.87,89.94,334.9,0.0,69.58,22.59,80.42,27.5,0.215,20.78,1.49,4.3,12.914114,79.122399,true,false,,false,
693,2026-06-01T04:52:00Z,M06,OP10,SH-2026-06-01-M06-D,1557.1,61.97,90.38,90.11,353.7,0.0,69.63,26.92,80.35,27.67,0.285,23.35,2.52,2.83,12.911555,79.120004,true,false,,false,
694,2026-06-01T04:53:00Z,M06,OP10,SH-2026-06-01-M06-D,1752.6,77.47,90.8,90.48,391.6,0.0,69.73,28.1,80.27,27.64,0.366,8.45,3.3,3.85,12.912283,79.121042,true,false,,false,
695,2026-06-01T04:54:00Z,M06,OP10,SH-2026-06-01-M06-D,1594.3,68.36,90.8,90.78,367.5,0.0,69.66,27.14,80.18,27.68,0.397,23.2,2.26,3.16,12.914438,79.123779,true,false,,false,
696,2026-06-01T04:55:00Z,M06,OP10,SH-2026-06-01-M06-D,1514.1,63.16,90.95,90.66,372.1,0.0,69.59,26.6,80.1,27.65,0.359,26.24,2.15,4.37,12.91807,79.125307,true,false,,false,
697,2026-06-01T04:56:00Z,M06,OP10,SH-2026-06-01-M06-D,1683.7,72.57,91.71,91.75,400.1,0.0,69.72,26.81,80.01,27.71,0.393,9.23,3.49,3.35,12.91931,79.125928,true,false,,false,
698,2026-06-01T04:57:00Z,M06,OP10,SH-2026-06-01-M06-D,1761.5,73.74,92.11,92.12,405.0,0.0,69.79,27.65,79.93,27.71,0.356,3.37,3.22,4.87,12.919648,79.126304,true,false,,false,
699,2026-06-01T04:58:00Z,M06,OP10,SH-2026-06-01-M06-D,1757.0,71.11,92.12,92.94,391.7,0.0,69.81,28.26,79.85,27.53,0.307,2.47,3.62,4.85,12.919815,79.126636,true,false,,false,
700,2026-06-01T04:59:00Z,M06,OP10,SH-2026-06-01-M06-D,1630.8,62.62,92.16,93.23,371.7,0.0,69.77,28.52,79.76,27.46,0.317,14.45,3.08,3.68,12.921042,79.128426,true,false,,false,
701,2026-06-01T05:00:00Z,M06,OP10,SH-2026-06-01-M06-D,1619.6,56.49,92.34,93.1,355.1,0.0,69.67,28.97,79.67,27.37,0.289,18.97,1.43,4.55,12.923314,79.130144,true,false,,false,
702,2026-06-01T05:01:00Z,M06,OP10,SH-2026-06-01-M06-D,1781.7,65.45,92.71,93.62,372.4,0.0,69.79,29.26,79.58,27.42,0.305,7.29,3.5,5.29,12.924315,79.130587,true,false,,false,
703,2026-06-01T05:02:00Z,M06,OP10,SH-2026-06-01-M06-D,1768.1,59.35,92.55,93.73,349.0,0.0,69.88,29.14,79.49,27.49,0.339,19.68,3.73,2.38,12.926928,79.131967,true,false,,false,
704,2026-06-01T05:03:00Z,M06,OP10,SH-2026-06-01-M06-D,1781.9,57.17,92.54,94.05,351.1,0.0,69.7,29.68,79.4,27.41,0.334,23.01,3.29,3.76,12.929712,79.134015,true,false,,false,
705,2026-06-01T05:04:00Z,M06,OP10,SH-2026-06-01-M06-D,1875.1,71.26,92.74,94.58,375.9,0.0,69.73,28.98,79.31,27.31,0.29,8.25,3.49,4.16,12.928622,79.133424,true,false,,false,
706,2026-06-01T05:05:00Z,M06,OP10,SH-2026-06-01-M06-D,1232.2,26.92,92.11,93.3,271.2,0.0,69.14,11.06,79.22,27.02,0.146,0.0,2.35,4.14,12.928622,79.133424,true,true,,false,
707,2026-06-01T05:06:00Z,M06,OP10,SH-2026-06-01-M06-D,1034.6,16.58,91.53,91.77,232.3,0.0,68.7,5.57,79.19,26.87,0.098,0.0,2.52,4.37,12.928622,79.133424,true,true,,false,
708,2026-06-01T05:07:00Z,M06,OP10,SH-2026-06-01-M06-D,1517.5,43.79,91.33,91.5,306.0,0.0,68.5,22.44,79.17,27.11,0.286,18.39,2.65,5.07,12.926715,79.131426,true,false,,false,
709,2026-06-01T05:08:00Z,M06,OP10,SH-2026-06-01-M06-D,1683.6,51.49,91.11,91.39,336.0,0.0,68.36,28.1,79.1,27.17,0.33,12.89,3.49,5.81,12.925432,79.129978,true,false,,false,
710,2026-06-01T05:09:00Z,M06,OP10,SH-2026-06-01-M06-D,1205.5,24.76,90.46,90.39,260.3,0.0,68.1,11.23,79.01,26.9,0.198,0.0,2.61,5.51,12.925432,79.129978,true,true,,false,
711,2026-06-01T05:10:00Z,M06,OP10,SH-2026-06-01-M06-D,1619.2,44.66,90.5,91.07,320.5,0.0,67.89,23.39,78.98,27.14,0.3,13.88,1.39,2.89,12.924254,79.128259,true,false,,false,
712,2026-06-01T05:11:00Z,M06,OP10,SH-2026-06-01-M06-D,1760.0,48.0,90.65,91.77,325.3,0.0,67.94,27.22,78.91,27.33,0.342,17.75,1.64,2.76,12.922511,79.126243,true,false,,false,
713,2026-06-01T05:12:00Z,M06,OP10,SH-2026-06-01-M06-D,1244.3,22.1,90.18,91.16,236.6,0.0,67.47,10.98,78.82,26.93,0.169,0.0,2.04,4.02,12.922511,79.126243,true,true,,false,
714,2026-06-01T05:13:00Z,M06,OP10,SH-2026-06-01-M06-D,1097.9,16.82,89.83,91.05,221.7,0.0,67.04,5.74,78.79,26.85,0.142,0.0,2.22,4.55,12.922511,79.126243,true,true,,false,
715,2026-06-01T05:14:00Z,M06,OP10,SH-2026-06-01-M06-D,1021.8,10.17,89.78,91.22,202.4,0.0,66.62,4.39,78.77,26.91,0.099,0.0,2.45,4.68,12.922511,79.126243,true,true,,false,
716,2026-06-01T05:15:00Z,M06,OP10,SH-2026-06-01-M06-D,996.0,10.06,89.43,91.65,202.0,0.0,66.17,4.12,78.76,26.95,0.128,0.0,2.11,4.65,12.922511,79.126243,true,true,,false,
717,2026-06-01T05:16:00Z,M06,OP10,SH-2026-06-01-M06-D,1494.2,41.08,89.71,92.86,273.4,0.0,66.01,19.38,78.74,27.3,0.335,9.11,3.44,4.08,12.922317,79.124889,true,false,,false,
718,2026-06-01T05:17:00Z,M06,OP10,SH-2026-06-01-M06-D,1634.0,53.54,89.68,93.89,295.5,0.0,66.1,23.4,78.68,27.32,0.389,11.73,4.25,4.33,12.921425,79.12337,true,false,,false,
719,2026-06-01T05:18:00Z,M06,OP10,SH-2026-06-01-M06-D,1144.6,22.18,89.23,93.5,230.1,0.0,65.74,9.67,78.61,26.95,0.224,0.0,3.44,4.5,12.921425,79.12337,true,true,,false,
720,2026-06-01T05:19:00Z,M06,OP10,SH-2026-06-01-M06-D,1556.5,44.46,89.16,93.81,291.7,0.0,65.44,21.69,78.58,27.19,0.369,14.67,3.83,6.17,12.92028,79.121488,true,false,,false,
721,2026-06-01T05:20:00Z,M06,OP10,SH-2026-06-01-M06-D,1625.1,47.49,89.07,94.58,320.1,0.0,65.57,25.1,78.51,27.18,0.429,13.43,3.19,4.96,12.919002,79.119929,true,false,,false,
722,2026-06-01T05:21:00Z,M06,OP10,SH-2026-06-01-M06-D,1782.3,63.48,89.25,95.88,367.3,0.0,65.78,26.97,78.44,27.21,0.458,4.58,2.81,6.02,12.918451,79.119517,true,false,,false,
723,2026-06-01T05:22:00Z,M06,OP10,SH-2026-06-01-M06-D,1833.4,68.67,89.21,97.22,377.3,0.0,65.87,27.87,78.35,27.22,0.491,1.82,2.85,5.96,12.918355,79.11926,true,false,,false,
724,2026-06-01T05:23:00Z,M06,OP10,SH-2026-06-01-M06-D,1892.5,69.73,89.6,98.16,344.4,0.0,66.02,27.75,78.27,27.32,0.563,0.5,3.62,4.81,12.918318,79.119195,true,false,,false,
725,2026-06-01T05:24:00Z,M06,OP10,SH-2026-06-01-M06-D,1866.7,74.21,89.91,99.2,346.7,0.0,66.49,28.07,78.18,27.41,0.619,0.32,1.76,5.26,12.918301,79.119149,true,false,,false,
726,2026-06-01T05:25:00Z,M06,OP10,SH-2026-06-01-M06-D,1724.3,57.78,89.41,99.31,324.1,0.0,66.6,27.87,78.1,27.49,0.56,10.5,1.74,5.53,12.918504,79.117585,true,false,,false,
727,2026-06-01T05:26:00Z,M06,OP10,SH-2026-06-01-M06-D,1640.2,57.46,88.97,99.55,322.8,0.0,66.53,26.6,78.01,27.58,0.506,12.81,3.08,5.38,12.918116,79.119469,true,false,,false,
728,2026-06-01T05:27:00Z,M06,OP10,SH-2026-06-01-M06-D,1744.4,71.13,89.24,100.93,343.0,0.0,66.92,25.48,77.93,27.61,0.554,4.24,2.34,4.49,12.917968,79.120088,true,false,,false,
729,2026-06-01T05:28:00Z,M06,OP10,SH-2026-06-01-M06-D,1621.2,60.74,88.99,100.69,314.3,0.0,66.89,24.98,77.85,27.61,0.501,18.38,1.84,3.19,12.915762,79.121746,true,false,,false,
730,2026-06-01T05:29:00Z,M06,OP10,SH-2026-06-01-M06-D,1588.1,57.54,88.63,100.32,302.7,0.0,66.82,24.78,77.77,27.63,0.497,23.5,0.69,3.88,12.91366,79.12458,true,false,,false,
731,2026-06-01T05:30:00Z,M06,OP10,SH-2026-06-01-M06-D,1729.9,75.5,88.56,101.24,324.1,0.0,67.11,25.15,77.7,27.59,0.543,8.61,2.04,4.1,12.91347,79.125859,true,false,,false,
732,2026-06-01T05:31:00Z,M06,OP10,SH-2026-06-01-M06-D,1761.8,82.68,88.45,101.49,333.8,0.0,67.67,25.5,77.62,27.63,0.548,3.36,2.58,6.04,12.913593,79.126349,true,false,,false,
733,2026-06-01T05:32:00Z,M06,OP10,SH-2026-06-01-M06-D,1136.2,35.56,88.17,99.95,236.1,0.0,67.42,9.31,77.54,27.28,0.246,0.0,2.62,5.35,12.913593,79.126349,true,true,,false,
734,2026-06-01T05:33:00Z,M06,OP10,SH-2026-06-01-M06-D,945.0,20.12,87.62,98.45,197.4,0.0,67.1,4.79,77.51,27.15,0.202,0.0,2.69,5.38,12.913593,79.126349,true,true,,false,
735,2026-06-01T05:34:00Z,M06,OP10,SH-2026-06-01-M06-D,924.1,14.46,87.25,96.87,189.6,0.0,66.54,3.29,77.5,27.14,0.166,0.0,2.43,5.22,12.913593,79.126349,true,true,,false,
736,2026-06-01T05:35:00Z,M06,OP10,SH-2026-06-01-M06-D,1400.3,46.9,87.52,97.62,258.4,0.0,66.6,17.8,77.49,27.51,0.403,12.72,1.4,3.15,12.913871,79.128239,true,false,,false,
737,2026-06-01T05:36:00Z,M06,OP10,SH-2026-06-01-M06-D,1562.7,59.95,88.07,97.6,280.1,0.0,66.45,21.67,77.43,27.6,0.415,14.68,2.43,5.4,12.915462,79.129764,true,false,,false,
738,2026-06-01T05:37:00Z,M06,OP10,SH-2026-06-01-M06-D,1068.2,29.85,87.34,96.57,209.9,0.0,66.22,8.03,77.36,27.23,0.21,0.0,2.38,5.06,12.915462,79.129764,false,true,,false,
739,2026-06-01T05:38:00Z,M06,OP10,SH-2026-06-01-M06-D,1414.8,51.71,87.6,97.71,246.3,0.0,66.17,17.71,77.34,27.42,0.375,9.67,1.85,4.38,12.916344,79.130918,true,false,,false,
740,2026-06-01T05:39:00Z,M06,OP10,SH-2026-06-01-M06-D,1507.2,57.11,87.78,98.31,267.6,0.0,66.02,20.98,77.28,27.35,0.414,9.84,2.18,3.9,12.916686,79.132355,true,false,,false,
741,2026-06-01T05:40:00Z,M06,OP10,SH-2026-06-01-M06-D,1052.2,26.53,87.24,97.2,193.7,0.0,65.73,8.09,77.22,27.06,0.209,0.0,2.12,4.22,12.916686,79.132355,true,true,,false,
742,2026-06-01T05:41:00Z,M06,OP10,SH-2026-06-01-M06-D,963.5,17.96,87.06,95.6,173.4,0.0,65.26,4.7,77.19,26.93,0.203,0.0,2.08,4.33,12.916686,79.132355,true,true,,false,
743,2026-06-01T05:42:00Z,M06,OP10,SH-2026-06-01-M06-D,943.1,11.95,87.09,94.54,166.7,0.0,64.9,3.78,77.18,26.98,0.196,0.0,1.97,4.65,12.916686,79.132355,true,true,,false,
744,2026-06-01T05:43:00Z,M06,OP10,SH-2026-06-01-M06-D,896.7,12.15,86.56,94.18,157.6,0.0,64.46,3.22,77.17,26.94,0.184,0.0,2.15,4.94,12.916686,79.132355,true,true,,false,
745,2026-06-01T05:44:00Z,M06,OP10,SH-2026-06-01-M06-D,1366.9,48.73,86.72,95.14,252.0,0.0,64.35,18.19,77.16,27.4,0.453,15.88,1.82,2.5,12.917726,79.134501,true,false,,false,
746,2026-06-01T05:45:00Z,M06,OP10,SH-2026-06-01-M06-D,1485.5,61.63,87.34,95.6,269.6,0.0,64.45,23.0,77.1,27.72,0.487,20.91,2.18,4.07,12.920536,79.135901,true,false,,false,
747,2026-06-01T05:46:00Z,M06,OP10,SH-2026-06-01-M06-D,1646.5,81.74,88.65,96.86,269.5,0.0,64.77,23.75,77.03,27.86,0.556,6.94,1.84,4.35,12.921361,79.136537,true,false,,false,
748,2026-06-01T05:47:00Z,M06,OP10,SH-2026-06-01-M06-D,1584.7,61.52,89.12,96.67,273.1,0.0,65.03,24.47,76.96,27.82,0.541,23.95,0.13,5.43,12.924841,79.137442,true,false,,false,
749,2026-06-01T05:48:00Z,M06,OP10,SH-2026-06-01-M06-D,1572.6,54.58,89.48,96.99,284.0,0.0,65.14,23.58,76.88,27.79,0.571,30.75,1.35,4.6,12.929098,79.139231,true,false,,false,
750,2026-06-01T05:49:00Z,M06,OP10,SH-2026-06-01-M06-D,1672.6,65.92,89.78,97.66,305.7,0.0,65.11,23.11,76.81,27.78,0.629,10.75,1.89,4.17,12.928354,79.137798,true,false,,false,
751,2026-06-01T05:50:00Z,M06,OP10,SH-2026-06-01-M06-D,1691.3,71.37,89.57,98.58,298.1,0.0,65.47,23.58,76.74,27.66,0.633,5.43,1.7,4.01,12.927761,79.137239,true,false,,false,
752,2026-06-01T05:51:00Z,M06,OP10,SH-2026-06-01-M06-D,1723.1,73.82,89.47,99.55,292.0,0.0,65.9,24.78,76.67,27.69,0.598,3.58,1.83,5.1,12.927504,79.136766,true,false,,false,
753,2026-06-01T05:52:00Z,M06,OP10,SH-2026-06-01-M06-D,1705.0,74.68,89.42,100.53,294.6,0.0,66.09,24.28,76.59,27.64,0.606,2.91,1.1,5.93,12.927296,79.136382,true,false,,false,
754,2026-06-01T05:53:00Z,M06,OP10,SH-2026-06-01-M06-D,1748.6,70.91,89.4,101.37,299.5,0.0,66.2,24.02,76.51,27.6,0.574,1.61,1.53,5.46,12.927194,79.136162,true,false,,false,
755,2026-06-01T05:54:00Z,M06,OP10,SH-2026-06-01-M06-D,1735.8,67.0,89.35,101.69,295.5,0.0,66.44,23.63,76.44,27.48,0.562,2.29,3.83,4.41,12.926999,79.135878,true,false,,false,
756,2026-06-01T05:55:00Z,M06,OP10,SH-2026-06-01-M06-D,1597.6,56.38,88.72,101.24,275.2,0.0,66.55,23.44,76.37,27.37,0.508,21.86,3.08,5.53,12.924652,79.133583,true,false,,false,
757,2026-06-01T05:56:00Z,M06,OP10,SH-2026-06-01-M06-D,1565.0,49.78,88.48,101.02,275.5,0.0,66.44,22.76,76.29,27.4,0.451,26.79,1.51,5.82,12.920708,79.13279,true,false,,false,
758,2026-06-01T05:57:00Z,M06,OP10,SH-2026-06-01-M06-D,1703.3,62.69,88.85,101.06,294.2,0.0,66.57,21.7,76.22,27.33,0.48,9.75,2.78,3.91,12.919265,79.133041,true,false,,false,
759,2026-06-01T05:58:00Z,M06,OP10,SH-2026-06-01-M06-D,1633.0,53.97,88.77,100.59,283.6,0.0,66.49,21.4,76.16,27.3,0.508,22.07,3.56,5.28,12.915955,79.133198,true,false,,false,
760,2026-06-01T05:59:00Z,M06,OP10,SH-2026-06-01-M06-D,1547.1,56.54,88.53,100.59,278.9,0.0,66.64,20.87,76.09,27.26,0.501,29.31,2.7,3.71,12.911561,79.132959,true,false,,false,
761,2026-06-01T06:00:00Z,M06,OP10,SH-2026-06-01-M06-D,1063.7,22.09,88.07,99.16,188.1,0.0,66.3,7.59,76.03,26.92,0.263,0.0,3.05,4.51,12.911561,79.132959,false,true,,false,
762,2026-06-01T06:01:00Z,M06,OP10,SH-2026-06-01-M06-D,939.8,14.56,87.18,97.48,167.5,0.0,65.85,4.1,76.0,26.88,0.205,0.0,2.95,4.71,12.911561,79.132959,false,true,,false,
763,2026-06-01T06:02:00Z,M06,OP10,SH-2026-06-01-M06-D,1441.3,47.14,87.23,98.45,254.3,0.0,65.76,15.5,75.99,27.13,0.405,3.41,3.2,4.16,12.911049,79.132939,true,false,,false,
764,2026-06-01T06:03:00Z,M06,OP10,SH-2026-06-01-M06-D,1597.0,57.85,87.77,99.31,292.4,0.0,65.91,19.4,75.94,27.28,0.436,2.6,3.84,4.27,12.910704,79.132755,true,false,,false,
765,2026-06-01T06:04:00Z,M06,OP10,SH-2026-06-01-M06-D,1499.1,51.65,87.79,99.6,292.2,0.0,65.91,20.13,75.88,27.28,0.467,21.28,2.96,3.61,12.90777,79.131491,true,false,,false,
766,2026-06-01T06:05:00Z,M06,OP10,SH-2026-06-01-M06-D,1479.1,48.6,87.51,99.95,307.6,0.0,65.72,19.48,75.82,27.31,0.467,27.12,2.7,4.46,12.91142,79.129688,true,false,,false,
767,2026-06-01T06:06:00Z,M06,OP10,SH-2026-06-01-M06-D,1609.9,58.39,88.36,100.43,330.1,0.0,65.69,19.76,75.76,27.24,0.492,10.48,2.49,4.18,12.912747,79.128841,true,false,,false,
768,2026-06-01T06:07:00Z,M06,OP10,SH-2026-06-01-M06-D,1488.7,49.63,87.93,100.77,311.6,0.0,65.7,19.82,75.7,27.23,0.491,24.05,0.6,7.4,12.916016,79.127309,true,false,,false,
769,2026-06-01T06:08:00Z,M06,OP10,SH-2026-06-01-M06-D,1466.7,49.72,87.72,101.19,319.1,0.0,65.79,20.08,75.64,27.32,0.456,26.97,1.19,6.37,12.9196,79.125423,true,false,,false,
770,2026-06-01T06:09:00Z,M06,OP10,SH-2026-06-01-M06-D,1545.9,62.69,87.01,101.65,331.1,0.0,65.89,20.15,75.58,27.3,0.493,9.81,3.06,4.03,12.920915,79.12476,true,false,,false,
771,2026-06-01T06:10:00Z,M06,OP10,SH-2026-06-01-M06-D,1557.4,69.68,86.91,102.09,345.3,0.0,66.18,20.92,75.51,27.3,0.463,5.11,1.91,3.63,12.921681,79.124723,true,false,,false,
772,2026-06-01T06:11:00Z,M06,OP10,SH-2026-06-01-M06-D,1639.3,71.96,86.55,102.51,345.4,0.0,66.28,22.0,75.45,27.18,0.45,3.46,2.87,4.67,12.9222,79.124708,true,false,,false,
773,2026-06-01T06:12:00Z,M06,OP10,SH-2026-06-01-M06-D,1636.4,72.65,86.17,102.46,321.3,0.0,66.45,22.3,75.38,27.2,0.441,3.78,3.47,5.62,12.922763,79.124777,true,false,,false,
774,2026-06-01T06:13:00Z,M06,OP10,SH-2026-06-01-M06-D,1491.6,60.77,85.47,101.98,313.3,0.0,66.69,22.83,75.31,27.22,0.417,22.51,2.89,5.06,12.925631,79.122986,true,false,,false,
775,2026-06-01T06:14:00Z,M06,OP10,SH-2026-06-01-M06-D,1452.3,57.88,84.97,101.61,314.5,0.0,66.74,23.58,75.24,27.23,0.378,26.15,3.22,6.8,12.926424,79.119141,true,false,,false,
776,2026-06-01T06:15:00Z,M06,OP10,SH-2026-06-01-M06-D,1557.4,68.46,84.89,101.91,327.8,0.0,66.92,23.92,75.17,27.25,0.444,9.68,2.85,6.02,12.925334,79.120103,true,false,,false,
777,2026-06-01T06:16:00Z,M06,OP10,SH-2026-06-01-M06-D,1459.5,55.37,83.88,101.92,315.5,0.0,66.97,24.02,75.1,27.26,0.443,25.99,2.94,6.08,12.923667,79.123631,true,false,,false,
778,2026-06-01T06:17:00Z,M06,OP10,SH-2026-06-01-M06-D,1428.5,57.03,83.79,101.28,299.4,0.0,66.94,24.01,75.02,27.25,0.393,30.62,2.68,6.83,12.924019,79.128216,true,false,,false,
779,2026-06-01T06:18:00Z,M06,OP10,SH-2026-06-01-M06-D,1604.3,64.22,84.13,101.46,306.6,0.0,66.96,23.99,74.95,27.21,0.355,11.38,3.29,5.4,12.924986,79.129625,true,false,,false,
780,2026-06-01T06:19:00Z,M06,OP10,SH-2026-06-01-M06-D,1670.9,65.03,84.09,101.99,306.6,0.0,67.03,23.21,74.87,27.18,0.368,5.66,2.63,6.75,12.92521,79.130445,true,false,,false,
781,2026-06-01T06:20:00Z,M06,OP10,SH-2026-06-01-M06-D,1674.8,64.89,84.37,102.47,319.1,0.0,67.19,23.14,74.8,27.18,0.393,3.8,2.51,6.44,12.925301,79.131009,true,false,,false,
782,2026-06-01T06:21:00Z,M06,OP10,SH-2026-06-01-M06-D,1648.3,63.1,84.54,102.99,309.5,0.0,67.31,23.02,74.73,27.27,0.387,2.91,2.8,6.35,12.925493,79.131401,true,false,,false,
783,2026-06-01T06:22:00Z,M06,OP10,SH-2026-06-01-M06-D,1493.6,50.3,84.57,102.7,302.3,0.0,67.12,22.2,74.66,27.25,0.355,25.42,4.33,8.04,12.927099,79.134863,true,false,,false,
784,2026-06-01T06:23:00Z,M06,OP10,SH-2026-06-01-M06-D,1476.2,46.42,84.29,101.52,302.4,0.0,67.07,22.14,74.59,27.35,0.373,27.34,2.31,3.7,12.928347,79.138774,true,false,,false,
785,2026-06-01T06:24:00Z,M06,OP10,SH-2026-06-01-M06-D,1637.6,59.57,83.84,101.01,304.3,0.0,67.11,21.51,74.52,27.34,0.376,9.88,2.71,4.97,12.927654,79.137462,true,false,,false,
786,2026-06-01T06:25:00Z,M06,OP10,SH-2026-06-01-M06-D,1557.3,50.3,83.81,100.35,299.0,0.0,67.12,21.76,74.46,27.16,0.329,22.14,1.65,0.52,12.924811,79.135738,true,false,,false,
787,2026-06-01T06:26:00Z,M06,OP10,SH-2026-06-01-M06-D,1463.6,46.0,84.01,99.64,289.7,0.0,66.98,21.44,74.39,27.3,0.327,21.39,-0.51,1.06,12.921695,79.134957,true,false,,false,
788,2026-06-01T06:27:00Z,M06,OP10,SH-2026-06-01-M06-D,1472.4,45.17,83.44,99.21,269.7,0.0,66.81,20.62,74.32,27.35,0.368,18.5,0.36,-0.08,12.919291,79.133566,true,false,,false,
789,2026-06-01T06:28:00Z,M06,OP10,SH-2026-06-01-M06-D,1519.1,45.44,83.41,98.94,268.1,0.0,66.75,20.84,74.26,27.34,0.358,20.43,0.28,1.18,12.916541,79.132206,true,false,,false,
790,2026-06-01T06:29:00Z,M06,OP10,SH-2026-06-01-M06-D,1574.7,42.88,83.2,98.65,262.2,0.0,66.65,20.14,74.2,27.35,0.317,18.26,1.36,1.1,12.914836,79.130059,true,false,,false,
791,2026-06-01T06:30:00Z,M06,OP10,SH-2026-06-01-M06-D,1519.4,44.72,82.92,98.72,262.2,0.0,66.59,20.15,74.13,27.22,0.346,16.75,1.17,0.16,12.914699,79.127548,true,false,,false,
792,2026-06-01T06:31:00Z,M06,OP10,SH-2026-06-01-M06-D,1524.3,43.0,83.08,98.26,252.7,0.0,66.44,20.23,74.07,27.27,0.326,20.08,0.85,1.21,12.914511,79.12454,true,false,,false,
793,2026-06-01T06:32:00Z,M06,OP10,SH-2026-06-01-M06-D,1682.4,54.17,83.59,98.66,271.2,0.0,66.57,20.1,74.01,27.26,0.386,6.97,1.47,3.04,12.914389,79.1235,true,false,,false,
794,2026-06-01T06:33:00Z,M06,OP10,SH-2026-06-01-M06-D,1693.7,58.08,84.37,98.67,269.2,0.0,66.51,20.1,73.95,27.28,0.385,2.99,0.93,4.44,12.914156,79.123116,true,false,,false,
795,2026-06-01T06:34:00Z,M06,OP10,SH-2026-06-01-M06-D,1688.1,62.05,84.52,98.53,297.1,0.0,66.53,20.83,73.88,27.26,0.388,1.69,0.56,3.74,12.914003,79.122913,true,false,,false,
796,2026-06-01T06:35:00Z,M06,OP10,SH-2026-06-01-M06-D,1492.4,52.15,84.26,98.34,293.6,0.0,66.64,21.36,73.82,27.37,0.401,15.63,2.69,1.21,12.913191,79.120712,true,false,,false,
797,2026-06-01T06:36:00Z,M06,OP10,SH-2026-06-01-M06-D,1465.2,47.94,84.07,97.44,290.6,0.0,66.6,22.15,73.75,27.41,0.402,20.36,2.02,4.61,12.914566,79.123442,true,false,,false,
798,2026-06-01T06:37:00Z,M06,OP10,SH-2026-06-01-M06-D,1440.0,46.01,83.78,97.1,283.2,0.0,66.44,22.27,73.69,27.25,0.363,26.0,4.34,4.38,12.917859,79.125538,true,false,,false,
799,2026-06-01T06:38:00Z,M06,OP10,SH-2026-06-01-M06-D,1581.2,45.26,84.22,97.36,306.5,0.0,66.34,21.17,73.62,27.27,0.41,9.54,3.65,4.41,12.918779,79.126637,true,false,,false,
800,2026-06-01T06:39:00Z,M06,OP10,SH-2026-06-01-M06-D,1520.0,37.42,84.27,97.32,290.0,0.0,66.1,20.62,73.55,27.31,0.41,22.72,1.45,5.43,12.921708,79.128387,true,false,,false,
801,2026-06-01T06:40:00Z,M06,OP10,SH-2026-06-01-M06-D,1474.4,29.45,84.44,97.35,297.1,0.0,65.84,20.02,73.49,27.38,0.416,28.49,2.15,5.56,12.923726,79.132159,true,false,,false,
802,2026-06-01T06:41:00Z,M06,OP10,SH-2026-06-01-M06-D,1472.9,27.36,83.99,96.33,300.3,0.0,65.57,19.53,73.43,27.32,0.397,30.85,3.52,5.83,12.925764,79.136319,true,false,,false,
803,2026-06-01T06:42:00Z,M06,OP10,SH-2026-06-01-M06-D,1604.7,39.87,84.37,96.51,320.9,0.0,65.5,20.15,73.37,27.4,0.41,10.27,2.53,4.53,12.926586,79.137624,true,false,,false,
804,2026-06-01T06:43:00Z,M06,OP10,SH-2026-06-01-M06-D,1629.8,46.95,84.2,96.66,317.8,0.0,65.62,20.26,73.3,27.38,0.465,4.57,1.76,5.39,12.926091,79.13715,true,false,,false,
805,2026-06-01T06:44:00Z,M06,OP10,SH-2026-06-01-M06-D,1617.5,48.67,83.92,96.51,332.8,0.0,65.44,19.74,73.24,27.35,0.48,3.06,1.86,4.55,12.925693,79.136922,true,false,,false,
806,2026-06-01T06:45:00Z,M06,OP10,SH-2026-06-01-M06-D,1633.4,53.57,84.45,96.28,324.3,0.0,65.73,19.97,73.18,27.37,0.506,2.6,1.72,5.21,12.925317,79.136813,true,false,,false,
807,2026-06-01T06:46:00Z,M06,OP10,SH-2026-06-01-M06-D,1632.0,51.79,84.4,96.09,334.6,0.0,65.78,20.49,73.12,27.46,0.496,2.9,0.93,5.22,12.924881,79.136806,true,false,,false,
808,2026-06-01T06:47:00Z,M06,OP10,SH-2026-06-01-M06-D,1650.1,51.01,84.3,96.23,333.4,0.0,65.93,20.28,73.06,27.43,0.567,1.98,0.98,4.26,12.924593,79.13688,true,false,,false,
809,2026-06-01T06:48:00Z,M06,OP10,SH-2026-06-01-M06-D,1542.3,36.48,83.58,96.18,300.1,0.0,65.78,20.19,72.99,27.42,0.528,15.21,-0.24,4.39,12.922323,79.137116,true,false,,false,
810,2026-06-01T06:49:00Z,M06,OP10,SH-2026-06-01-M06-D,1495.3,30.46,82.86,95.9,309.8,0.0,65.5,20.42,72.93,27.52,0.504,16.88,2.1,3.19,12.919789,79.137205,true,false,,false,
811,2026-06-01T06:50:00Z,M06,OP10,SH-2026-06-01-M06-D,1502.5,27.42,82.26,95.63,327.2,0.0,65.16,20.28,72.87,27.62,0.539,18.54,0.73,3.14,12.917007,79.137295,true,false,,false,
812,2026-06-01T06:51:00Z,M06,OP10,SH-2026-06-01-M06-D,1047.7,10.73,81.86,94.78,235.6,0.0,64.63,7.24,72.81,27.32,0.259,0.0,1.06,3.85,12.917007,79.137295,true,true,,false,
813,2026-06-01T06:52:00Z,M06,OP10,SH-2026-06-01-M06-D,1386.2,28.79,81.82,94.92,275.6,0.0,64.33,15.84,72.78,27.49,0.454,12.92,0.14,3.08,12.915184,79.136632,true,false,,false,
814,2026-06-01T06:53:00Z,M06,OP10,SH-2026-06-01-M06-D,1471.3,31.27,81.74,94.66,298.8,0.0,64.19,19.28,72.73,27.62,0.461,16.0,3.18,5.09,12.912784,79.136517,true,false,,false,
815,2026-06-01T06:54:00Z,M06,OP10,SH-2026-06-01-M06-D,1564.4,29.21,81.62,95.07,305.8,0.0,63.99,20.05,72.67,27.61,0.461,18.75,3.53,2.6,12.915573,79.136136,true,false,,false,
816,2026-06-01T06:55:00Z,M06,OP10,SH-2026-06-01-M06-D,1696.0,40.52,81.88,95.51,312.5,0.0,63.73,19.97,72.61,27.75,0.516,6.23,1.87,3.11,12.916457,79.13583,true,false,,false,
817,2026-06-01T06:56:00Z,M06,OP10,SH-2026-06-01-M06-D,1777.0,40.72,82.17,96.21,320.0,0.0,63.76,20.54,72.55,27.78,0.588,2.82,0.84,4.15,12.916858,79.135696,true,false,,false,
818,2026-06-01T06:57:00Z,M06,OP10,SH-2026-06-01-M06-D,1836.8,46.29,82.53,96.46,327.1,0.0,63.89,20.29,72.49,27.79,0.592,1.75,0.89,5.49,12.917107,79.135613,true,false,,false,
819,2026-06-01T06:58:00Z,M06,OP10,SH-2026-06-01-M06-D,1743.4,34.68,82.57,96.04,305.3,0.0,63.82,20.03,72.42,27.79,0.514,19.31,1.4,3.5,12.919852,79.134675,true,false,,false,
820,2026-06-01T06:59:00Z,M06,OP10,SH-2026-06-01-M06-D,1727.8,31.28,82.31,95.97,325.6,0.0,63.79,20.14,72.36,27.82,0.5,24.95,1.91,3.06,12.923355,79.133351,true,false,,false,
821,2026-06-01T07:00:00Z,M06,OP10,SH-2026-06-01-M06-D,1725.8,29.85,82.4,95.92,338.2,0.0,63.59,20.0,72.3,27.77,0.472,32.61,3.86,4.43,12.927836,79.131376,true,false,,false,
822,2026-06-01T07:01:00Z,M06,OP10,SH-2026-06-01-M06-D,1893.6,50.59,82.66,96.88,376.5,0.0,63.61,20.99,72.24,27.76,0.494,11.32,4.47,4.7,12.929507,79.131064,true,false,,false,
823,2026-06-01T07:02:00Z,M06,OP10,SH-2026-06-01-M06-D,1803.5,42.12,82.66,96.59,350.9,0.0,63.57,21.23,72.17,27.66,0.485,23.28,2.67,6.29,12.933002,79.131001,true,false,,false,
824,2026-06-01T07:03:00Z,M06,OP10,SH-2026-06-01-M06-D,1739.0,38.42,82.61,95.84,352.7,0.0,63.32,21.62,72.11,27.62,0.523,24.99,4.28,6.16,12.929399,79.13205,true,false,,false,
825,2026-06-01T07:04:00Z,M06,OP10,SH-2026-06-01-M06-D,1715.4,35.05,82.68,96.07,366.0,0.0,63.27,20.85,72.04,27.66,0.519,27.74,3.38,5.46,12.927313,79.128446,true,false,,false,
826,2026-06-01T07:05:00Z,M06,OP10,SH-2026-06-01-M06-D,1840.0,42.22,82.53,97.02,401.5,0.0,63.18,21.43,71.98,27.71,0.518,9.3,4.57,5.2,12.926609,79.127239,true,false,,false,
827,2026-06-01T07:06:00Z,M06,OP10,SH-2026-06-01-M06-D,1918.1,42.63,82.54,97.14,399.3,0.0,63.09,22.13,71.91,27.63,0.519,3.53,4.36,4.52,12.926384,79.126758,true,false,,false,
828,2026-06-01T07:07:00Z,M06,OP10,SH-2026-06-01-M06-D,1238.8,17.14,82.07,95.61,287.3,0.0,62.65,8.62,71.84,27.22,0.236,0.0,3.24,4.01,12.926384,79.126758,true,true,,false,
829,2026-06-01T07:08:00Z,M06,OP10,SH-2026-06-01-M06-D,1055.7,5.6,81.59,94.37,262.9,0.0,62.05,4.43,71.82,27.2,0.164,0.0,2.44,3.99,12.926384,79.126758,true,true,,false,
830,2026-06-01T07:09:00Z,M06,OP10,SH-2026-06-01-M06-D,966.3,4.76,80.83,93.45,240.2,0.0,61.66,3.43,71.8,27.22,0.174,0.0,1.76,4.46,12.926384,79.126758,true,true,,false,
831,2026-06-01T07:10:00Z,M06,OP10,SH-2026-06-01-M06-D,981.5,3.78,80.26,93.02,247.7,0.0,61.12,2.92,71.79,27.24,0.184,0.0,1.93,4.26,12.926384,79.126758,true,true,,false,
832,2026-06-01T07:11:00Z,M06,OP10,SH-2026-06-01-M06-D,1496.9,20.21,80.7,93.3,340.5,0.0,60.64,16.04,71.78,27.53,0.365,7.22,1.66,5.31,12.925695,79.125921,true,false,,false,
833,2026-06-01T07:12:00Z,M06,OP10,SH-2026-06-01-M06-D,1632.6,32.41,80.67,93.95,366.1,0.0,60.57,21.02,71.73,27.75,0.401,9.59,2.32,3.93,12.924931,79.1247,true,false,,false,
834,2026-06-01T07:13:00Z,M06,OP10,SH-2026-06-01-M06-D,1704.2,32.8,81.06,94.07,371.7,0.0,60.39,22.25,71.67,27.92,0.47,9.83,2.26,4.95,12.924507,79.123286,true,false,,false,
835,2026-06-01T07:14:00Z,M06,OP10,SH-2026-06-01-M06-D,1883.9,40.28,81.26,94.78,402.0,0.0,60.45,21.83,71.6,27.93,0.468,3.43,1.87,3.72,12.924297,79.122815,true,false,,false,
836,2026-06-01T07:15:00Z,M06,OP10,SH-2026-06-01-M06-D,1743.4,31.6,81.45,94.66,380.8,0.0,60.4,20.8,71.53,27.97,0.479,10.03,1.65,3.53,12.923903,79.121362,true,false,,false,
837,2026-06-01T07:16:00Z,M06,OP10,SH-2026-06-01-M06-D,1746.1,30.15,81.49,94.85,366.7,0.0,60.3,21.49,71.47,27.89,0.442,15.43,2.32,3.38,12.924145,79.119058,true,false,,false,
838,2026-06-01T07:17:00Z,M06,OP10,SH-2026-06-01-M06-D,1743.1,31.23,81.51,94.64,361.4,0.0,60.27,21.56,71.4,27.95,0.476,17.11,1.79,4.39,12.924484,79.121604,true,false,,false,
839,2026-06-01T07:18:00Z,M06,OP10,SH-2026-06-01-M06-D,1816.6,39.36,81.96,95.59,370.9,0.0,60.39,20.52,71.34,28.0,0.502,5.92,1.9,4.51,12.92468,79.122472,true,false,,false,
840,2026-06-01T07:19:00Z,M06,OP10,SH-2026-06-01-M06-D,1847.1,45.16,82.0,96.34,383.9,0.0,60.36,20.11,71.27,27.98,0.54,3.39,3.72,5.1,12.924932,79.122914,true,false,,false,
841,2026-06-01T07:20:00Z,M06,OP10,SH-2026-06-01-M06-D,1804.8,47.32,82.12,97.74,387.9,0.0,60.46,20.37,71.21,28.03,0.514,3.38,4.21,4.84,12.925149,79.123373,true,false,,false,
842,2026-06-01T07:21:00Z,M06,OP10,SH-2026-06-01-M06-D,1818.4,46.46,82.58,98.23,382.6,0.0,60.58,20.17,71.15,28.05,0.506,2.76,1.65,3.52,12.9251,79.123785,true,false,,false,
843,2026-06-01T07:22:00Z,M06,OP10,SH-2026-06-01-M06-D,1801.9,47.75,82.47,98.3,389.1,0.0,60.76,21.14,71.09,28.0,0.547,2.53,0.5,5.15,12.925018,79.124156,true,false,,false,
844,2026-06-01T07:23:00Z,M06,OP10,SH-2026-06-01-M06-D,1796.3,46.87,83.02,98.28,386.2,0.0,60.9,20.55,71.02,28.15,0.57,2.98,2.16,3.31,12.925152,79.124583,true,false,,false,
845,2026-06-01T07:24:00Z,M06,OP10,SH-2026-06-01-M06-D,1663.5,34.65,83.17,97.66,359.3,0.0,60.95,21.25,70.96,28.17,0.485,25.27,1.47,4.48,12.925654,79.128344,true,false,,false,
846,2026-06-01T07:25:00Z,M06,OP10,SH-2026-06-01-M06-D,1548.5,30.86,83.26,97.53,352.9,0.0,60.78,20.99,70.89,28.28,0.519,32.13,-0.47,2.98,12.928375,79.132327,true,false,,false,
847,2026-06-01T07:26:00Z,M06,OP10,SH-2026-06-01-M06-D,1564.7,32.87,83.39,97.04,357.8,0.0,60.64,20.96,70.83,28.28,0.477,34.21,1.18,3.94,12.931476,79.136422,true,false,,false,
848,2026-06-01T07:27:00Z,M06,OP10,SH-2026-06-01-M06-D,1659.5,41.23,83.72,97.28,368.7,0.0,60.47,20.9,70.76,28.26,0.516,11.94,1.97,5.4,12.930868,79.134735,true,false,,false,
849,2026-06-01T07:28:00Z,M06,OP10,SH-2026-06-01-M06-D,1566.0,33.83,83.57,96.49,345.9,0.0,60.42,20.81,70.7,28.24,0.443,27.67,2.57,3.38,12.928916,79.131068,true,false,,false,
850,2026-06-01T07:29:00Z,M06,OP10,SH-2026-06-01-M06-D,1499.9,30.0,83.93,95.62,349.4,0.0,60.16,20.21,70.63,28.24,0.439,31.93,2.65,3.82,12.927209,79.126588,true,false,,false,
851,2026-06-01T07:30:00Z,M06,OP10,SH-2026-06-01-M06-D,1498.1,31.9,84.35,95.21,350.4,0.0,60.17,20.71,70.57,28.2,0.402,34.21,2.49,5.37,12.925528,79.121734,true,false,,false,
852,2026-06-01T07:31:00Z,M06,OP10,SH-2026-06-01-M06-D,1695.8,40.76,84.72,95.37,373.7,0.0,60.1,21.22,70.51,28.32,0.462,12.11,1.42,5.61,12.92445,79.12027,true,false,,false,
853,2026-06-01T07:32:00Z,M06,OP10,SH-2026-06-01-M06-D,1741.6,44.34,84.67,96.17,359.2,0.0,60.39,21.45,70.44,28.35,0.39,5.35,1.01,5.59,12.923985,79.119614,true,false,,false,
854,2026-06-01T07:33:00Z,M06,OP10,SH-2026-06-01-M06-D,1762.8,46.06,84.82,97.17,364.5,0.0,60.61,21.29,70.37,28.34,0.361,3.69,1.15,5.01,12.923637,79.120045,true,false,,false,
855,2026-06-01T07:34:00Z,M06,OP10,SH-2026-06-01-M06-D,1760.6,49.68,84.78,97.55,382.0,0.0,60.73,21.38,70.31,28.43,0.313,2.94,1.59,5.12,12.92333,79.120361,true,false,,false,
856,2026-06-01T07:35:00Z,M06,OP10,SH-2026-06-01-M06-D,1653.8,39.17,84.59,96.91,353.2,0.0,60.7,23.08,70.24,28.42,0.29,24.1,2.38,3.86,12.921031,79.123156,true,false,,false,
857,2026-06-01T07:36:00Z,M06,OP10,SH-2026-06-01-M06-D,1611.0,34.58,84.22,97.18,337.5,0.0,60.66,23.32,70.17,28.45,0.287,30.79,1.07,3.9,12.918237,79.126839,true,false,,false,
858,2026-06-01T07:37:00Z,M06,OP10,SH-2026-06-01-M06-D,1562.6,34.26,84.15,97.23,333.9,0.0,60.55,23.55,70.1,28.3,0.32,33.18,2.77,2.6,12.915311,79.130871,true,false,,false,
859,2026-06-01T07:38:00Z,M06,OP10,SH-2026-06-01-M06-D,1748.1,48.91,84.17,97.61,378.0,0.0,60.74,23.15,70.03,28.14,0.325,12.28,2.58,5.05,12.914062,79.132227,true,false,,false,
860,2026-06-01T07:39:00Z,M06,OP10,SH-2026-06-01-M06-D,1669.5,39.81,83.78,97.48,345.4,0.0,60.92,22.56,69.96,28.03,0.271,26.07,0.97,4.51,12.911871,79.135472,true,false,,false,
861,2026-06-01T07:40:00Z,M06,OP10,SH-2026-06-01-M06-D,1693.5,38.58,83.65,96.62,363.0,0.0,60.89,22.42,69.89,27.96,0.294,31.67,1.44,4.25,12.915878,79.132909,true,false,,false,
862,2026-06-01T07:41:00Z,M06,OP10,SH-2026-06-01-M06-D,1667.0,40.74,83.44,95.94,359.9,0.0,60.85,22.28,69.82,28.03,0.337,33.1,2.18,4.22,12.920403,79.130855,true,false,,false,
863,2026-06-01T07:42:00Z,M06,OP10,SH-2026-06-01-M06-D,1782.2,51.73,83.01,96.19,378.3,0.0,61.0,22.68,69.75,27.96,0.438,12.04,2.23,4.3,12.922158,79.130422,true,false,,false,
864,2026-06-01T07:43:00Z,M06,OP10,SH-2026-06-01-M06-D,1857.2,57.4,83.25,96.67,373.6,0.0,61.18,23.69,69.68,28.03,0.415,5.64,1.97,4.62,12.922851,79.129936,true,false,,false,
865,2026-06-01T07:44:00Z,M06,OP10,SH-2026-06-01-M06-D,1871.2,55.11,83.21,97.64,359.1,0.0,61.33,22.92,69.61,28.06,0.443,3.97,0.73,4.11,12.923419,79.129756,true,false,,false,
866,2026-06-01T07:45:00Z,M06,OP10,SH-2026-06-01-M06-D,1906.6,62.53,83.53,98.45,363.9,0.0,61.59,22.51,69.53,28.09,0.457,3.45,1.73,4.44,12.923884,79.129529,true,false,,false,
867,2026-06-01T07:46:00Z,M06,OP10,SH-2026-06-01-M06-D,1906.9,58.09,83.66,99.12,354.5,0.0,61.79,22.71,69.46,27.98,0.398,3.2,0.49,5.82,12.924347,79.129403,true,false,,false,
868,2026-06-01T07:47:00Z,M06,OP10,SH-2026-06-01-M06-D,1968.5,62.93,84.43,99.23,339.0,0.0,62.16,23.3,69.39,27.9,0.432,3.72,1.37,6.13,12.92488,79.129238,true,false,,false,
869,2026-06-01T07:48:00Z,M06,OP10,SH-2026-06-01-M06-D,1809.7,46.94,84.65,98.83,312.5,0.0,62.17,23.68,69.32,27.9,0.414,25.93,1.17,4.46,12.92861,79.128118,true,false,,false,
870,2026-06-01T07:49:00Z,M06,OP10,SH-2026-06-01-M06-D,1762.8,46.2,85.01,98.27,311.0,0.0,62.18,23.09,69.25,28.01,0.381,28.92,1.46,3.69,12.932952,79.128125,true,false,,false,
871,2026-06-01T07:50:00Z,M06,OP10,SH-2026-06-01-M06-D,1750.6,45.15,85.86,97.6,318.7,0.0,62.14,23.34,69.18,28.1,0.399,29.65,2.02,1.77,12.928574,79.128937,true,false,,false,
872,2026-06-01T07:51:00Z,M06,OP10,SH-2026-06-01-M06-D,1922.9,52.64,86.7,97.72,350.5,0.0,62.33,22.56,69.11,28.08,0.431,10.41,2.85,0.49,12.927296,79.128037,true,false,,false,
873,2026-06-01T07:52:00Z,M06,OP10,SH-2026-06-01-M06-D,1845.0,42.06,87.19,97.21,328.3,0.0,62.36,22.95,69.04,28.06,0.47,27.29,0.71,0.98,12.924627,79.124927,true,false,,false,
874,2026-06-01T07:53:00Z,M06,OP10,SH-2026-06-01-M06-D,1786.0,37.83,87.29,97.32,339.1,0.0,62.35,23.11,68.97,27.96,0.484,32.46,1.4,3.8,12.921217,79.121444,true,false,,false,
875,2026-06-01T07:54:00Z,M06,OP10,SH-2026-06-01-M06-D,1810.4,37.63,87.44,97.19,318.1,0.0,62.27,23.49,68.89,28.06,0.478,31.28,2.7,3.62,12.917685,79.118348,true,false,,false,
876,2026-06-01T07:55:00Z,M06,OP10,SH-2026-06-01-M06-D,1976.4,46.7,87.84,97.56,333.6,0.0,62.3,23.62,68.82,28.02,0.525,11.01,3.09,2.42,12.918049,79.11996,true,false,,false,
877,2026-06-01T07:56:00Z,M06,OP10,SH-2026-06-01-M06-D,1986.8,50.13,87.82,98.15,339.6,0.0,62.31,23.79,68.75,28.06,0.522,5.22,0.98,3.34,12.917805,79.120705,true,false,,false,
878,2026-06-01T07:57:00Z,M06,OP10,SH-2026-06-01-M06-D,1943.0,49.14,87.88,98.13,329.4,0.0,62.4,22.79,68.68,28.03,0.57,3.97,0.04,2.96,12.917465,79.121195,true,false,,false,
879,2026-06-01T07:58:00Z,M06,OP10,SH-2026-06-01-M06-D,1770.0,38.28,87.54,97.62,285.6,0.0,62.44,22.28,68.61,27.99,0.527,22.62,0.85,4.19,12.915328,79.123835,true,false,,false,
880,2026-06-01T07:59:00Z,M06,OP10,SH-2026-06-01-M06-D,1696.5,34.91,87.13,96.56,290.6,0.0,62.31,21.72,68.54,28.03,0.515,28.08,0.46,4.56,12.912547,79.127004,true,false,,false,
881,2026-06-01T08:00:00Z,M06,OP10,SH-2026-06-01-M06-D,1728.9,32.82,87.08,96.43,297.3,0.0,62.13,21.02,68.47,28.18,0.529,27.74,0.91,5.9,12.909955,79.130265,true,false,,false,
882,2026-06-01T08:01:00Z,M06,OP10,SH-2026-06-01-M06-D,1840.1,38.84,87.83,96.45,304.6,0.0,62.17,20.37,68.4,28.18,0.573,9.61,2.94,3.71,12.908832,79.131172,true,false,,false,
883,2026-06-01T08:02:00Z,M06,OP10,SH-2026-06-01-M06-D,1728.4,29.29,88.27,95.9,301.6,0.0,62.05,20.43,68.34,28.13,0.504,20.74,1.88,3.64,12.91181,79.13026,true,false,,false,
884,2026-06-01T08:03:00Z,M06,OP10,SH-2026-06-01-M06-D,1708.2,31.71,88.06,95.95,297.6,0.0,61.72,20.01,68.28,28.14,0.455,22.82,3.34,4.66,12.915199,79.129751,true,false,,false,
885,2026-06-01T08:04:00Z,M06,OP10,SH-2026-06-01-M06-D,1706.4,33.89,87.87,95.28,296.0,0.0,61.62,20.27,68.22,28.17,0.506,24.42,3.76,3.55,12.918733,79.128774,true,false,,false,
886,2026-06-01T08:05:00Z,M06,OP10,SH-2026-06-01-M06-D,1849.5,46.59,88.04,95.44,316.6,0.0,61.66,20.34,68.15,28.22,0.541,8.8,0.89,3.87,12.920006,79.128421,true,false,,false,
887,2026-06-01T08:06:00Z,M06,OP10,SH-2026-06-01-M06-D,1894.4,47.96,87.64,95.42,321.9,0.0,61.66,19.92,68.09,28.22,0.506,3.67,1.67,2.22,12.920557,79.128407,true,false,,false,
888,2026-06-01T08:07:00Z,M06,OP10,SH-2026-06-01-M06-D,1940.7,49.29,87.31,94.63,335.4,0.0,61.8,20.08,68.03,28.27,0.525,2.61,2.02,3.96,12.920945,79.12846,true,false,,false,
889,2026-06-01T08:08:00Z,M06,OP10,SH-2026-06-01-M06-D,1829.3,41.08,86.84,94.27,322.6,0.0,61.82,20.09,67.97,28.3,0.459,19.38,2.9,5.26,12.923688,79.127489,true,false,,false,
890,2026-06-01T08:09:00Z,M06,OP10,SH-2026-06-01-M06-D,1703.3,40.71,86.69,93.66,311.4,0.0,61.75,20.32,67.91,28.27,0.473,26.0,1.95,5.03,12.926013,79.124353,true,false,,false,
891,2026-06-01T08:10:00Z,M06,OP10,SH-2026-06-01-M06-D,1719.2,38.82,86.48,93.51,323.2,0.0,61.74,20.82,67.84,28.43,0.441,23.95,0.97,6.31,12.928645,79.121903,true,false,,false,
892,2026-06-01T08:11:00Z,M06,OP10,SH-2026-06-01-M06-D,1839.6,51.95,86.26,93.77,346.7,0.0,61.79,20.96,67.78,28.34,0.504,7.86,3.61,3.36,12.927832,79.12276,true,false,,false,
893,2026-06-01T08:12:00Z,M06,OP10,SH-2026-06-01-M06-D,1772.3,46.18,85.94,93.36,329.4,0.0,61.85,20.77,67.71,28.35,0.452,21.68,2.35,3.86,12.925223,79.124706,true,false,,false,
894,2026-06-01T08:13:00Z,M06,OP10,SH-2026-06-01-M06-D,1758.5,44.81,85.65,93.3,319.9,0.0,61.98,20.19,67.65,28.24,0.44,28.24,1.21,4.14,12.921458,79.126656,true,false,,false,
895,2026-06-01T08:14:00Z,M06,OP10,SH-2026-06-01-M06-D,1773.4,41.0,84.9,93.58,319.7,0.0,61.97,20.68,67.59,28.2,0.396,29.88,1.4,4.12,12.917601,79.128949,true,false,,false,
896,2026-06-01T08:15:00Z,M06,OP10,SH-2026-06-01-M06-D,1926.7,48.07,84.52,94.69,335.0,0.0,62.12,20.51,67.52,28.11,0.486,10.0,2.15,3.32,12.9161,79.128934,true,false,,false,
897,2026-06-01T08:16:00Z,M06,OP10,SH-2026-06-01-M06-D,1281.1,21.05,84.0,93.81,245.6,0.0,61.78,7.34,67.46,27.67,0.24,0.0,1.87,3.56,12.9161,79.128934,true,true,,false,
898,2026-06-01T08:17:00Z,M06,OP10,SH-2026-06-01-M06-D,1098.9,11.05,83.29,93.32,226.4,0.0,61.56,3.54,67.44,27.54,0.152,0.0,1.57,3.85,12.9161,79.128934,true,true,,false,
899,2026-06-01T08:18:00Z,M06,OP10,SH-2026-06-01-M06-D,1036.3,7.69,82.76,92.88,208.8,0.0,61.3,2.48,67.43,27.53,0.169,0.0,1.81,3.57,12.9161,79.128934,true,true,,false,
900,2026-06-01T08:19:00Z,M06,OP10,SH-2026-06-01-M06-D,1004.2,7.59,82.04,93.0,217.6,0.0,61.14,2.11,67.42,27.71,0.134,0.0,1.89,3.86,12.9161,79.128934,true,true,,false,
901,2026-06-01T08:20:00Z,M06,OP10,SH-2026-06-01-M06-D,986.3,6.72,81.56,92.82,210.9,0.0,60.82,2.32,67.41,27.78,0.121,0.0,1.59,4.06,12.9161,79.128934,true,true,,false,
902,2026-06-01T08:21:00Z,M06,OP10,SH-2026-06-01-M06-D,1495.0,23.05,81.44,93.2,289.8,0.0,60.58,14.84,67.41,28.21,0.191,15.27,1.27,6.46,12.913817,79.129156,true,false,,false,
903,2026-06-01T08:22:00Z,M06,OP10,SH-2026-06-01-M06-D,1655.5,29.65,81.54,93.71,321.0,0.0,60.34,18.61,67.36,28.36,0.299,17.89,1.88,5.36,12.911137,79.129345,true,false,,false,
904,2026-06-01T08:23:00Z,M06,OP10,SH-2026-06-01-M06-D,1736.9,26.47,81.51,93.81,325.1,0.0,60.16,20.0,67.3,28.38,0.266,19.25,2.98,2.65,12.908481,79.130487,true,false,,false,
905,2026-06-01T08:24:00Z,M06,OP10,SH-2026-06-01-M06-D,1233.8,14.38,81.28,92.7,226.1,0.0,59.94,7.31,67.24,27.82,0.193,0.0,2.24,3.06,12.908481,79.130487,true,true,,false,
906,2026-06-01T08:25:00Z,M06,OP10,SH-2026-06-01-M06-D,1601.2,26.92,81.4,93.5,287.5,0.0,59.85,17.02,67.22,28.03,0.324,12.63,2.74,4.54,12.910375,79.130388,true,false,,false,
907,2026-06-01T08:26:00Z,M06,OP10,SH-2026-06-01-M06-D,1729.9,28.11,81.49,93.82,302.9,0.0,59.79,19.83,67.17,28.08,0.385,12.15,3.05,4.48,12.912122,79.130914,true,false,,false,
908,2026-06-01T08:27:00Z,M06,OP10,SH-2026-06-01-M06-D,1765.4,32.26,81.52,94.23,320.6,0.0,59.59,22.32,67.11,28.07,0.377,16.58,2.71,4.12,12.91451,79.130209,true,false,,false,
909,2026-06-01T08:28:00Z,M06,OP10,SH-2026-06-01-M06-D,1217.7,14.23,81.63,93.16,241.6,0.0,59.36,8.83,67.04,27.66,0.158,0.0,2.15,4.16,12.91451,79.130209,false,true,,false,
910,2026-06-01T08:29:00Z,M06,OP10,SH-2026-06-01-M06-D,1052.9,3.72,81.33,92.58,220.8,0.0,58.98,4.96,67.01,27.66,0.121,0.0,1.92,4.38,12.91451,79.130209,false,true,,false,
911,2026-06-01T12:30:00Z,M01,OP07,SH-2026-06-01-M01-N,879.2,8.18,85.97,88.82,217.9,21.0,48.75,3.03,93.94,27.42,0.19,0.0,0.21,-0.09,12.917967,79.130955,false,true,,false,
912,2026-06-01T12:31:00Z,M01,OP07,SH-2026-06-01-M01-N,896.3,8.68,85.95,88.76,209.8,21.8,48.6,3.36,93.93,27.42,0.231,0.0,0.34,0.19,12.917967,79.130955,false,true,,false,
913,2026-06-01T12:32:00Z,M01,OP07,SH-2026-06-01-M01-N,875.0,7.09,86.29,89.47,204.6,18.4,48.64,3.14,93.91,27.35,0.198,0.0,-0.12,0.45,12.917967,79.130955,false,true,,false,
914,2026-06-01T12:33:00Z,M01,OP07,SH-2026-06-01-M01-N,886.0,9.45,86.33,90.05,211.9,26.0,48.63,3.31,93.9,27.31,0.179,0.0,0.01,0.11,12.917967,79.130955,true,true,,false,
915,2026-06-01T12:34:00Z,M01,OP07,SH-2026-06-01-M01-N,876.6,5.43,86.35,90.39,201.6,17.0,48.54,3.06,93.88,27.37,0.163,0.0,-0.28,0.0,12.917967,79.130955,true,true,,false,
916,2026-06-01T12:35:00Z,M01,OP07,SH-2026-06-01-M01-N,924.3,3.34,86.48,90.49,218.4,13.7,48.54,3.14,93.87,27.42,0.159,0.0,-0.26,-0.14,12.917967,79.130955,true,true,,false,
917,2026-06-01T12:36:00Z,M01,OP07,SH-2026-06-01-M01-N,907.3,7.65,86.65,90.5,218.7,23.1,48.58,3.04,93.85,27.38,0.156,0.0,-0.01,0.2,12.917967,79.130955,true,true,,false,
918,2026-06-01T12:37:00Z,M01,OP07,SH-2026-06-01-M01-N,901.8,4.12,86.61,90.47,216.3,35.5,48.55,3.2,93.84,27.41,0.177,0.0,0.0,-0.01,12.917967,79.130955,true,true,,false,
919,2026-06-01T12:38:00Z,M01,OP07,SH-2026-06-01-M01-N,909.6,6.98,86.17,90.41,217.9,37.3,48.64,3.08,93.82,27.42,0.171,0.0,-0.22,0.21,12.917967,79.130955,true,true,,false,
920,2026-06-01T12:39:00Z,M01,OP07,SH-2026-06-01-M01-N,909.2,6.92,85.82,90.24,214.2,24.6,48.43,3.3,93.81,27.36,0.18,0.0,-0.39,-0.13,12.917967,79.130955,true,true,,false,
921,2026-06-01T12:40:00Z,M01,OP07,SH-2026-06-01-M01-N,900.5,10.34,85.62,89.5,205.1,16.9,48.35,2.95,93.79,27.39,0.16,0.0,-0.29,0.08,12.917967,79.130955,true,true,,false,
922,2026-06-01T12:41:00Z,M01,OP07,SH-2026-06-01-M01-N,866.7,12.48,85.55,88.77,216.5,22.2,48.45,2.92,93.78,27.35,0.152,0.0,-0.3,-0.08,12.917967,79.130955,true,true,,false,
923,2026-06-01T12:42:00Z,M01,OP07,SH-2026-06-01-M01-N,858.6,10.05,85.25,88.52,218.7,5.1,48.52,3.12,93.76,27.31,0.173,0.0,0.01,-0.06,12.917967,79.130955,true,true,,false,
924,2026-06-01T12:43:00Z,M01,OP07,SH-2026-06-01-M01-N,1423.6,47.29,86.06,90.0,335.1,172.3,49.15,13.16,93.75,27.73,0.497,0.0,-0.27,2.2,12.917962,79.130984,true,false,,false,
925,2026-06-01T12:44:00Z,M01,OP07,SH-2026-06-01-M01-N,1556.4,60.95,86.77,90.89,380.3,193.5,49.71,16.44,93.68,27.87,0.565,0.0,-0.16,2.07,12.917952,79.131012,true,false,,false,
926,2026-06-01T12:45:00Z,M01,OP07,SH-2026-06-01-M01-N,1616.1,66.22,87.32,92.12,372.7,217.4,50.35,17.29,93.6,27.89,0.646,0.24,-1.24,1.51,12.917946,79.131048,true,false,,false,
927,2026-06-01T12:46:00Z,M01,OP07,SH-2026-06-01-M01-N,1662.4,65.31,87.71,92.55,379.0,197.8,50.87,17.17,93.52,27.86,0.696,0.48,1.56,3.42,12.917938,79.13112,true,false,,false,
928,2026-06-01T12:47:00Z,M01,OP07,SH-2026-06-01-M01-N,1667.5,68.66,88.12,92.69,386.6,233.7,51.64,17.47,93.44,27.72,0.674,0.0,0.5,4.0,12.917946,79.131149,true,false,,false,
929,2026-06-01T12:48:00Z,M01,OP07,SH-2026-06-01-M01-N,1690.3,74.32,88.38,93.38,393.2,217.8,52.38,17.33,93.35,27.66,0.701,0.74,0.49,5.54,12.917995,79.131249,true,false,,false,
930,2026-06-01T12:49:00Z,M01,OP07,SH-2026-06-01-M01-N,1718.3,71.09,88.12,93.48,401.8,267.7,53.09,17.32,93.27,27.74,0.673,0.3,0.53,4.08,12.918029,79.131278,true,false,,false,
931,2026-06-01T12:50:00Z,M01,OP07,SH-2026-06-01-M01-N,1752.0,73.68,88.16,93.71,417.7,272.9,53.64,17.7,93.19,27.68,0.582,0.0,1.91,5.29,12.918053,79.131296,true,false,,false,
932,2026-06-01T12:51:00Z,M01,OP07,SH-2026-06-01-M01-N,1722.0,72.1,88.09,93.26,418.9,243.6,54.22,17.59,93.1,27.72,0.573,0.0,0.67,5.0,12.918074,79.131318,true,false,,false,
933,2026-06-01T12:52:00Z,M01,OP07,SH-2026-06-01-M01-N,1700.9,67.43,87.61,93.73,419.9,274.1,54.49,17.69,93.01,27.73,0.657,0.25,0.31,3.27,12.918094,79.13135,true,false,,false,
934,2026-06-01T12:53:00Z,M01,OP07,SH-2026-06-01-M01-N,1740.0,65.92,87.44,93.66,425.3,258.3,54.96,16.91,92.93,27.77,0.651,0.29,-0.76,2.7,12.918111,79.13139,true,false,,false,
935,2026-06-01T12:54:00Z,M01,OP07,SH-2026-06-01-M01-N,1684.2,65.2,87.47,93.35,413.6,266.3,55.55,16.61,92.85,27.79,0.615,1.09,-0.66,3.3,12.918169,79.131543,true,false,,false,
936,2026-06-01T12:55:00Z,M01,OP07,SH-2026-06-01-M01-N,1711.4,64.89,87.67,93.6,410.5,216.6,55.95,17.38,92.77,27.72,0.646,0.47,-0.11,2.43,12.918205,79.131605,true,false,,false,
937,2026-06-01T12:56:00Z,M01,OP07,SH-2026-06-01-M01-N,1667.3,60.83,87.59,93.16,396.3,222.2,56.37,17.81,92.68,27.58,0.651,1.26,-0.58,1.2,12.918284,79.131776,true,false,,false,
938,2026-06-01T12:57:00Z,M01,OP07,SH-2026-06-01-M01-N,1626.0,61.36,87.21,93.6,406.7,226.4,56.84,18.32,92.6,27.49,0.617,1.63,-1.01,1.62,12.918453,79.131954,true,false,,false,
939,2026-06-01T12:58:00Z,M01,OP07,SH-2026-06-01-M01-N,1632.8,64.46,86.74,93.98,392.4,288.9,57.31,19.14,92.51,27.53,0.589,2.22,-1.46,1.1,12.918651,79.132222,true,false,,false,
940,2026-06-01T12:59:00Z,M01,OP07,SH-2026-06-01-M01-N,1593.6,66.89,86.71,94.13,389.0,272.8,57.68,19.74,92.42,27.47,0.622,2.0,-0.63,0.79,12.918655,79.132522,true,false,,false,
941,2026-06-01T13:00:00Z,M01,OP07,SH-2026-06-01-M01-N,1599.7,67.61,86.34,94.1,387.4,294.6,58.04,19.3,92.32,27.4,0.593,1.8,-2.23,1.93,12.918598,79.132257,true,false,,false,
942,2026-06-01T13:01:00Z,M01,OP07,SH-2026-06-01-M01-N,1609.3,67.18,86.26,93.94,407.2,247.4,58.55,18.99,92.23,27.29,0.518,1.18,-0.76,2.09,12.918667,79.132095,true,false,,false,
943,2026-06-01T13:02:00Z,M01,OP07,SH-2026-06-01-M01-N,1629.9,70.69,86.17,93.95,401.0,251.0,59.09,18.7,92.14,27.3,0.521,2.0,0.34,3.27,12.918925,79.131941,true,false,,false,
944,2026-06-01T13:03:00Z,M01,OP07,SH-2026-06-01-M01-N,1670.8,66.37,86.11,93.72,393.1,276.5,59.55,18.11,92.05,27.37,0.524,2.22,0.04,3.7,12.919183,79.131731,true,false,,false,
945,2026-06-01T13:04:00Z,M01,OP07,SH-2026-06-01-M01-N,1669.6,64.37,85.61,93.8,397.5,270.8,59.84,18.07,91.96,27.4,0.545,1.96,0.15,4.96,12.919475,79.131774,true,false,,false,
946,2026-06-01T13:05:00Z,M01,OP07,SH-2026-06-01-M01-N,1709.2,61.41,85.44,93.77,389.1,346.9,60.22,18.24,91.87,27.4,0.602,1.69,0.98,4.45,12.919723,79.13172,true,false,,false,
947,2026-06-01T13:06:00Z,M01,OP07,SH-2026-06-01-M01-N,1729.2,62.5,85.34,94.2,389.7,234.1,60.54,17.58,91.78,27.37,0.645,1.8,1.84,4.94,12.919993,79.131729,true,false,,false,
948,2026-06-01T13:07:00Z,M01,OP07,SH-2026-06-01-M01-N,1687.8,61.1,85.2,94.29,401.3,295.7,60.8,17.22,91.7,27.22,0.664,1.69,1.8,4.22,12.920242,79.131775,true,false,,false,
949,2026-06-01T13:08:00Z,M01,OP07,SH-2026-06-01-M01-N,1674.6,54.5,85.05,94.37,413.1,287.3,61.01,16.95,91.61,27.28,0.658,1.26,0.6,1.95,12.92014,79.131616,true,false,,false,
950,2026-06-01T13:09:00Z,M01,OP07,SH-2026-06-01-M01-N,1725.5,48.54,84.75,94.4,427.7,217.1,61.15,16.55,91.53,27.2,0.628,1.84,0.0,3.4,12.920097,79.131342,true,false,,false,
951,2026-06-01T13:10:00Z,M01,OP07,SH-2026-06-01-M01-N,1743.6,43.19,84.53,94.32,426.3,292.0,61.04,15.32,91.45,27.21,0.606,1.37,1.37,2.06,12.920061,79.13114,true,false,,false,
952,2026-06-01T13:11:00Z,M01,OP07,SH-2026-06-01-M01-N,1741.1,50.11,84.32,94.08,422.4,276.9,61.24,15.66,91.38,27.24,0.588,1.88,1.17,3.24,12.919994,79.130866,true,false,,false,
953,2026-06-01T13:12:00Z,M01,OP07,SH-2026-06-01-M01-N,1747.0,47.42,84.09,94.39,415.0,258.1,61.29,15.1,91.3,27.22,0.608,1.98,0.95,2.28,12.919769,79.130671,true,false,,false,
954,2026-06-01T13:13:00Z,M01,OP07,SH-2026-06-01-M01-N,1719.6,48.28,83.91,94.65,416.1,299.3,61.26,15.45,91.23,27.24,0.568,2.2,0.04,3.27,12.919688,79.130351,true,false,,false,
955,2026-06-01T13:14:00Z,M01,OP07,SH-2026-06-01-M01-N,1723.5,47.77,83.9,93.97,420.5,271.1,61.49,15.45,91.16,27.18,0.581,2.38,-2.37,2.82,12.919571,79.130013,true,false,,false,
956,2026-06-01T13:15:00Z,M01,OP07,SH-2026-06-01-M01-N,1735.7,47.65,83.99,93.63,427.2,236.7,61.55,14.5,91.08,27.29,0.571,1.65,-1.48,3.07,12.919575,79.129765,true,false,,false,
957,2026-06-01T13:16:00Z,M01,OP07,SH-2026-06-01-M01-N,1669.5,50.76,83.76,93.15,417.5,247.1,61.71,14.29,91.01,27.27,0.576,1.58,0.99,2.83,12.919692,79.129558,true,false,,false,
958,2026-06-01T13:17:00Z,M01,OP07,SH-2026-06-01-M01-N,1713.7,53.18,83.71,92.78,429.9,262.5,61.83,14.6,90.94,27.27,0.606,1.94,4.29,3.07,12.91984,79.129307,true,false,,false,
959,2026-06-01T13:18:00Z,M01,OP07,SH-2026-06-01-M01-N,1705.6,53.24,83.77,92.2,430.9,255.2,62.07,14.83,90.87,27.3,0.617,2.33,3.33,3.9,12.920036,79.129017,true,false,,false,
960,2026-06-01T13:19:00Z,M01,OP07,SH-2026-06-01-M01-N,1697.3,52.0,84.12,91.81,423.7,238.5,62.22,15.33,90.8,27.33,0.567,1.17,1.3,2.3,12.920096,79.128853,true,false,,false,
961,2026-06-01T13:20:00Z,M01,OP07,SH-2026-06-01-M01-N,1751.3,47.44,84.41,91.82,412.5,265.7,62.27,15.74,90.73,27.36,0.563,0.81,0.58,2.92,12.920143,79.12874,true,false,,false,
962,2026-06-01T13:21:00Z,M01,OP07,SH-2026-06-01-M01-N,1767.6,47.56,84.61,91.02,406.3,227.5,62.3,15.58,90.65,27.35,0.518,0.59,0.48,2.99,12.920186,79.128664,true,false,,false,
963,2026-06-01T13:22:00Z,M01,OP07,SH-2026-06-01-M01-N,1803.1,49.14,85.42,91.18,416.5,221.5,62.31,16.27,90.57,27.38,0.527,0.84,1.62,3.94,12.920228,79.128545,true,false,,false,
964,2026-06-01T13:23:00Z,M01,OP07,SH-2026-06-01-M01-N,1755.1,46.18,85.6,90.97,413.9,265.9,62.39,16.43,90.5,27.35,0.567,0.9,0.61,3.49,12.92033,79.128457,true,false,,false,
965,2026-06-01T13:24:00Z,M01,OP07,SH-2026-06-01-M01-N,1769.0,49.31,85.92,92.0,409.1,255.9,62.56,16.17,90.42,27.2,0.58,1.56,0.93,4.44,12.920454,79.128258,true,false,,false,
966,2026-06-01T13:25:00Z,M01,OP07,SH-2026-06-01-M01-N,1146.1,16.46,85.29,89.99,298.6,100.3,62.23,6.73,90.34,26.95,0.28,0.0,1.32,3.84,12.920454,79.128258,true,true,,false,
967,2026-06-01T13:26:00Z,M01,OP07,SH-2026-06-01-M01-N,966.6,3.97,85.12,88.0,259.8,44.6,61.81,3.6,90.31,26.82,0.202,0.0,0.96,3.53,12.920454,79.128258,true,true,,false,
968,2026-06-01T13:27:00Z,M01,OP07,SH-2026-06-01-M01-N,922.4,3.17,84.8,86.37,238.4,35.4,61.32,3.06,90.29,26.82,0.21,0.0,1.11,3.49,12.920454,79.128258,true,true,,false,
969,2026-06-01T13:28:00Z,M01,OP07,SH-2026-06-01-M01-N,913.6,8.36,84.26,85.68,225.0,33.7,60.95,3.17,90.27,26.92,0.218,0.0,1.18,3.28,12.920454,79.128258,true,true,,false,
970,2026-06-01T13:29:00Z,M01,OP07,SH-2026-06-01-M01-N,907.8,10.21,84.12,85.18,225.8,29.8,60.61,2.44,90.26,26.92,0.174,0.0,1.04,3.35,12.920454,79.128258,true,true,,false,
971,2026-06-01T13:30:00Z,M01,OP07,SH-2026-06-01-M01-N,906.3,7.85,83.57,84.43,231.5,32.0,60.22,2.75,90.25,26.98,0.159,0.0,1.27,3.08,12.920454,79.128258,true,true,,false,
972,2026-06-01T13:31:00Z,M01,OP07,SH-2026-06-01-M01-N,895.6,6.3,83.05,83.57,227.0,25.1,59.81,2.65,90.23,26.84,0.132,0.0,0.95,2.96,12.920454,79.128258,true,true,,false,
973,2026-06-01T13:32:00Z,M01,OP07,SH-2026-06-01-M01-N,912.8,7.17,82.07,82.82,220.9,33.6,59.47,2.46,90.22,26.86,0.173,0.0,1.12,3.05,12.920454,79.128258,true,true,,false,
974,2026-06-01T13:33:00Z,M01,OP07,SH-2026-06-01-M01-N,914.4,6.56,81.86,82.22,218.0,31.0,59.05,2.56,90.21,26.93,0.152,0.0,1.06,2.93,12.920454,79.128258,true,true,,false,
975,2026-06-01T13:34:00Z,M01,OP07,SH-2026-06-01-M01-N,931.7,4.94,81.27,82.36,224.5,24.5,58.6,2.95,90.2,26.86,0.175,0.0,0.57,2.77,12.920454,79.128258,true,true,,false,
976,2026-06-01T13:35:00Z,M01,OP07,SH-2026-06-01-M01-N,910.6,3.99,80.88,81.99,208.4,30.7,58.17,3.25,90.18,26.87,0.21,0.0,1.0,2.77,12.920454,79.128258,true,true,,false,
977,2026-06-01T13:36:00Z,M01,OP07,SH-2026-06-01-M01-N,885.9,4.46,80.81,82.29,209.9,36.4,57.94,3.21,90.17,26.87,0.175,0.0,0.65,2.75,12.920454,79.128258,true,true,,false,
978,2026-06-01T13:37:00Z,M01,OP07,SH-2026-06-01-M01-N,901.9,5.04,80.17,82.07,207.4,38.1,57.68,2.89,90.15,26.83,0.211,0.0,0.77,2.78,12.920454,79.128258,true,true,,false,
979,2026-06-01T13:38:00Z,M01,OP07,SH-2026-06-01-M01-N,1525.6,41.76,80.62,83.47,326.1,221.3,57.87,13.37,90.14,27.08,0.551,0.88,2.25,0.85,12.920512,79.12814,true,false,,false,
980,2026-06-01T13:39:00Z,M01,OP07,SH-2026-06-01-M01-N,1747.3,57.96,81.03,84.85,376.2,293.2,58.19,16.19,90.07,27.17,0.635,0.31,0.61,1.52,12.920538,79.128102,true,false,,false,
981,2026-06-01T13:40:00Z,M01,OP07,SH-2026-06-01-M01-N,1756.4,52.43,81.81,86.15,408.6,335.1,58.28,17.13,89.99,27.26,0.596,0.48,0.88,2.68,12.92059,79.128052,true,false,,false,
982,2026-06-01T13:41:00Z,M01,OP07,SH-2026-06-01-M01-N,1749.8,52.34,82.14,86.92,416.6,302.1,58.55,17.28,89.91,27.16,0.645,0.83,-1.56,1.58,12.92069,79.127979,true,false,,false,
983,2026-06-01T13:42:00Z,M01,OP07,SH-2026-06-01-M01-N,1781.6,52.22,82.04,87.93,397.5,264.7,58.91,17.01,89.83,27.22,0.617,1.1,-1.83,1.78,12.920853,79.127955,true,false,,false,
984,2026-06-01T13:43:00Z,M01,OP07,SH-2026-06-01-M01-N,1783.5,49.34,82.62,88.55,404.7,271.4,59.19,16.82,89.75,27.18,0.57,1.55,-1.42,3.21,12.92107,79.127873,true,false,,false,
985,2026-06-01T13:44:00Z,M01,OP07,SH-2026-06-01-M01-N,1768.7,52.28,83.17,89.66,407.7,255.9,59.43,17.2,89.66,27.27,0.548,1.84,0.03,2.98,12.921342,79.12782,true,false,,false,
986,2026-06-01T13:45:00Z,M01,OP07,SH-2026-06-01-M01-N,1777.4,50.05,83.47,91.01,397.7,297.7,59.61,17.03,89.58,27.31,0.555,1.74,-0.55,2.14,12.921103,79.127926,true,false,,false,
987,2026-06-01T13:46:00Z,M01,OP07,SH-2026-06-01-M01-N,1817.2,52.38,83.55,91.87,393.1,249.6,59.69,17.39,89.5,27.23,0.591,2.51,0.62,1.96,12.920729,79.127881,true,false,,false,
988,2026-06-01T13:47:00Z,M01,OP07,SH-2026-06-01-M01-N,1784.0,61.5,83.86,92.62,385.1,221.7,60.01,17.27,89.41,27.39,0.632,1.67,0.73,2.58,12.920478,79.127881,true,false,,false,
989,2026-06-01T13:48:00Z,M01,OP07,SH-2026-06-01-M01-N,1775.0,63.36,84.21,92.78,397.4,285.2,60.26,17.47,89.33,27.35,0.692,1.47,0.97,2.84,12.920272,79.127801,true,false,,false,
990,2026-06-01T13:49:00Z,M01,OP07,SH-2026-06-01-M01-N,1800.8,54.44,84.33,93.19,397.6,313.4,60.44,16.99,89.25,27.28,0.691,1.93,1.96,2.69,12.919985,79.127758,true,false,,false,
991,2026-06-01T13:50:00Z,M01,OP07,SH-2026-06-01-M01-N,1836.4,54.73,83.85,93.81,391.4,324.1,60.77,17.05,89.16,27.37,0.726,1.84,-0.39,3.92,12.919714,79.127706,true,false,,false,
992,2026-06-01T13:51:00Z,M01,OP07,SH-2026-06-01-M01-N,1818.3,50.74,84.08,94.38,388.2,303.7,61.05,17.67,89.08,27.4,0.701,2.26,1.54,3.92,12.919376,79.12767,true,false,,false,
993,2026-06-01T13:52:00Z,M01,OP07,SH-2026-06-01-M01-N,1847.7,44.89,84.31,94.32,378.8,289.3,61.09,17.94,89.0,27.33,0.681,2.05,-0.31,1.63,12.919164,79.127448,true,false,,false,
994,2026-06-01T13:53:00Z,M01,OP07,SH-2026-06-01-M01-N,1853.2,48.15,84.92,94.01,384.0,289.6,61.31,17.72,88.91,27.32,0.667,1.91,-0.43,3.29,12.918914,79.127306,true,false,,false,
995,2026-06-01T13:54:00Z,M01,OP07,SH-2026-06-01-M01-N,1853.3,47.95,85.18,93.71,376.9,238.8,61.5,17.26,88.82,27.43,0.677,1.47,0.75,3.33,12.918726,79.127191,true,false,,false,
996,2026-06-01T13:55:00Z,M01,OP07,SH-2026-06-01-M01-N,1804.4,51.5,85.66,92.65,355.2,343.8,61.67,16.98,88.74,27.42,0.677,1.49,1.82,2.79,12.918551,79.127053,true,false,,false,
997,2026-06-01T13:56:00Z,M01,OP07,SH-2026-06-01-M01-N,1820.3,48.05,86.26,92.85,357.7,239.7,61.59,16.49,88.66,27.5,0.638,1.39,1.35,2.39,12.918359,79.12697,true,false,,false,
998,2026-06-01T13:57:00Z,M01,OP07,SH-2026-06-01-M01-N,1865.4,43.47,87.06,92.05,368.7,306.0,61.55,16.67,88.58,27.46,0.603,1.31,-1.35,5.27,12.918176,79.126898,true,false,,false,
999,2026-06-01T13:58:00Z,M01,OP07,SH-2026-06-01-M01-N,1865.5,46.59,86.83,92.31,353.1,333.0,61.5,16.48,88.5,27.45,0.604,1.16,-0.25,4.77,12.918002,79.126905,true,false,,false,
1000,2026-06-01T13:59:00Z,M01,OP07,SH-2026-06-01-M01-N,1876.4,51.07,87.0,92.12,364.4,274.4,61.74,16.57,88.42,27.39,0.589,0.98,1.33,4.4,12.917856,79.126915,true,false,,false,
1001,2026-06-01T14:00:00Z,M01,OP07,SH-2026-06-01-M01-N,1871.5,49.28,87.47,91.85,364.4,296.6,61.98,16.16,88.34,27.33,0.586,1.08,1.57,4.33,12.917698,79.126951,true,false,,false,
1002,2026-06-01T14:01:00Z,M01,OP07,SH-2026-06-01-M01-N,1895.9,55.03,88.04,91.06,381.7,303.2,62.2,16.57,88.26,27.48,0.608,0.59,2.71,4.12,12.917612,79.126973,true,false,,false,
1003,2026-06-01T14:02:00Z,M01,OP07,SH-2026-06-01-M01-N,1896.6,54.8,88.67,91.57,386.0,327.5,62.3,16.58,88.18,27.46,0.557,0.6,2.05,3.28,12.917524,79.126989,true,false,,false,
1004,2026-06-01T14:03:00Z,M01,OP07,SH-2026-06-01-M01-N,1877.9,51.7,88.66,91.42,372.5,308.3,62.43,16.12,88.1,27.55,0.524,0.4,0.11,3.81,12.917465,79.126997,true,false,,false,
1005,2026-06-01T14:04:00Z,M01,OP07,SH-2026-06-01-M01-N,1882.5,47.35,89.2,90.98,376.1,309.8,62.47,15.79,88.02,27.62,0.49,1.38,0.79,4.43,12.917274,79.126914,true,false,,false,
1006,2026-06-01T14:05:00Z,M01,OP07,SH-2026-06-01-M01-N,1872.2,43.53,89.6,90.97,378.6,276.4,62.5,15.68,87.95,27.68,0.436,1.68,-0.01,2.18,12.917059,79.126782,true,false,,false,
1007,2026-06-01T14:06:00Z,M01,OP07,SH-2026-06-01-M01-N,1176.8,15.22,88.77,89.97,277.2,123.3,62.39,6.6,87.87,27.38,0.238,0.0,0.5,2.57,12.917059,79.126782,true,true,,false,
1008,2026-06-01T14:07:00Z,M01,OP07,SH-2026-06-01-M01-N,1006.1,8.9,88.07,88.66,243.3,53.7,61.92,3.66,87.84,27.24,0.167,0.0,0.88,3.28,12.917059,79.126782,true,true,,false,
1009,2026-06-01T14:08:00Z,M01,OP07,SH-2026-06-01-M01-N,937.6,5.6,87.7,87.41,233.9,40.1,61.51,2.97,87.82,27.23,0.14,0.0,1.23,2.98,12.917059,79.126782,true,true,,false,
1010,2026-06-01T14:09:00Z,M01,OP07,SH-2026-06-01-M01-N,942.8,5.86,87.11,86.01,226.1,47.9,61.05,2.64,87.81,27.34,0.16,0.0,0.92,3.09,12.917059,79.126782,true,true,,false,
1011,2026-06-01T14:10:00Z,M01,OP07,SH-2026-06-01-M01-N,934.7,5.28,87.08,84.9,217.8,39.6,60.58,2.71,87.79,27.36,0.148,0.0,0.99,2.91,12.917059,79.126782,true,true,,false,
1012,2026-06-01T14:11:00Z,M01,OP07,SH-2026-06-01-M01-N,938.2,6.81,86.66,84.05,223.4,25.5,60.2,2.63,87.78,27.43,0.155,0.0,1.04,2.75,12.917059,79.126782,true,true,,false,
1013,2026-06-01T14:12:00Z,M01,OP07,SH-2026-06-01-M01-N,911.3,6.73,87.04,83.36,218.1,33.5,59.9,2.05,87.77,27.49,0.122,0.0,0.85,3.27,12.917059,79.126782,true,true,,false,
1014,2026-06-01T14:13:00Z,M01,OP07,SH-2026-06-01-M01-N,889.8,6.69,87.23,82.9,216.1,36.7,59.58,2.6,87.76,27.53,0.11,0.0,0.75,2.91,12.917059,79.126782,true,true,,false,
1015,2026-06-01T14:14:00Z,M01,OP07,SH-2026-06-01-M01-N,1543.4,33.72,88.26,83.57,339.1,223.9,59.67,11.47,87.75,27.83,0.318,0.76,0.22,3.69,12.916963,79.12672,true,false,,false,
1016,2026-06-01T14:15:00Z,M01,OP07,SH-2026-06-01-M01-N,1754.1,43.74,89.16,84.76,360.1,278.1,59.72,14.11,87.69,28.03,0.332,1.03,-0.32,2.67,12.916857,79.126607,true,false,,false,
1017,2026-06-01T14:16:00Z,M01,OP07,SH-2026-06-01-M01-N,1820.4,44.41,90.19,85.9,370.6,294.5,59.95,14.33,87.62,28.14,0.282,0.32,0.71,4.79,12.916881,79.126649,true,false,,false,
1018,2026-06-01T14:17:00Z,M01,OP07,SH-2026-06-01-M01-N,1889.2,45.55,91.0,86.63,366.4,279.7,59.82,14.31,87.55,28.24,0.318,0.25,0.93,3.79,12.916908,79.126675,true,false,,false,
1019,2026-06-01T14:18:00Z,M01,OP07,SH-2026-06-01-M01-N,1923.9,48.28,91.92,87.1,359.1,257.5,59.94,14.24,87.48,28.15,0.301,0.07,-0.26,3.62,12.916925,79.126699,true,false,,false,
1020,2026-06-01T14:19:00Z,M01,OP07,SH-2026-06-01-M01-N,1962.1,44.73,92.64,87.83,347.3,291.2,60.2,14.55,87.42,28.09,0.284,0.16,1.27,5.34,12.916942,79.126724,true,false,,false,
1021,2026-06-01T14:20:00Z,M01,OP07,SH-2026-06-01-M01-N,1297.2,15.72,91.89,86.09,252.3,104.1,59.97,5.57,87.35,27.78,0.169,0.0,0.92,4.09,12.916942,79.126724,false,true,,false,
1022,2026-06-01T14:21:00Z,M01,OP07,SH-2026-06-01-M01-N,1081.1,6.05,91.15,85.43,214.0,48.9,59.62,3.41,87.32,27.74,0.106,0.0,1.0,3.75,12.916942,79.126724,false,true,,false,
1023,2026-06-01T14:22:00Z,M01,OP07,SH-2026-06-01-M01-N,1710.3,31.16,91.59,86.02,300.9,182.2,59.84,11.51,87.3,28.13,0.252,0.0,-0.77,4.11,12.916961,79.126748,true,false,,false,
1024,2026-06-01T14:23:00Z,M01,OP07,SH-2026-06-01-M01-N,1883.8,46.43,92.27,87.38,318.4,294.0,60.13,13.32,87.25,28.26,0.305,0.0,2.74,2.58,12.916975,79.126774,true,false,,false,
1025,2026-06-01T14:24:00Z,M01,OP07,SH-2026-06-01-M01-N,1984.7,51.81,92.49,88.51,320.9,256.6,60.22,14.15,87.18,28.28,0.361,0.47,1.85,3.68,12.916983,79.126844,true,false,,false,
1026,2026-06-01T14:25:00Z,M01,OP07,SH-2026-06-01-M01-N,1946.8,47.81,92.95,89.89,313.7,315.3,60.26,14.07,87.11,28.32,0.379,0.32,-0.23,2.21,12.916989,79.126891,true,false,,false,
1027,2026-06-01T14:26:00Z,M01,OP07,SH-2026-06-01-M01-N,1896.3,48.83,93.4,91.23,328.5,287.2,60.35,14.11,87.05,28.29,0.417,0.73,-0.34,2.07,12.917056,79.126979,true,false,,false,
1028,2026-06-01T14:27:00Z,M01,OP07,SH-2026-06-01-M01-N,1940.5,50.88,93.41,92.23,333.9,280.8,60.54,13.96,86.98,28.31,0.359,0.17,0.93,1.12,12.917067,79.127007,true,false,,false,
1029,2026-06-01T14:28:00Z,M01,OP07,SH-2026-06-01-M01-N,1940.7,49.9,93.64,93.01,343.4,337.0,60.62,14.07,86.91,28.37,0.335,0.0,2.3,1.48,12.917085,79.127031,true,false,,false,
1030,2026-06-01T14:29:00Z,M01,OP07,SH-2026-06-01-M01-N,1958.1,46.61,93.74,93.52,358.1,237.2,60.67,13.9,86.84,28.32,0.364,0.05,2.08,2.84,12.917101,79.127056,true,false,,false,
1031,2026-06-01T14:30:00Z,M01,OP07,SH-2026-06-01-M01-N,1931.7,52.9,94.21,93.38,360.1,302.6,60.89,14.06,86.78,28.46,0.369,0.44,0.87,4.2,12.917145,79.127106,true,false,,false,
1032,2026-06-01T14:31:00Z,M01,OP07,SH-2026-06-01-M01-N,1932.5,49.83,93.93,94.69,338.6,303.3,61.02,14.29,86.71,28.41,0.362,0.0,0.53,2.08,12.917161,79.127131,true,false,,false,
1033,2026-06-01T14:32:00Z,M01,OP07,SH-2026-06-01-M01-N,1948.8,54.39,93.71,95.45,339.0,253.7,61.27,14.55,86.64,28.3,0.366,0.69,1.27,0.74,12.917211,79.127222,true,false,,false,
1034,2026-06-01T14:33:00Z,M01,OP07,SH-2026-06-01-M01-N,1946.0,57.66,93.81,96.2,350.8,297.0,61.44,14.62,86.57,28.24,0.369,1.06,-0.44,2.04,12.917264,79.127372,true,false,,false,
1035,2026-06-01T14:34:00Z,M01,OP07,SH-2026-06-01-M01-N,1941.1,59.87,93.78,96.89,342.8,301.5,61.71,14.02,86.5,28.11,0.372,0.27,0.45,1.47,12.917276,79.127411,true,false,,false,
1036,2026-06-01T14:35:00Z,M01,OP07,SH-2026-06-01-M01-N,2004.1,57.05,93.45,97.24,342.8,363.0,61.7,13.6,86.43,28.08,0.41,0.47,-0.17,2.67,12.917272,79.12748,true,false,,false,
1037,2026-06-01T14:36:00Z,M01,OP07,SH-2026-06-01-M01-N,1943.4,50.83,94.29,97.32,325.2,308.9,61.8,13.79,86.36,28.08,0.372,1.09,-0.54,1.49,12.917208,79.127631,true,false,,false,
1038,2026-06-01T14:37:00Z,M01,OP07,SH-2026-06-01-M01-N,1930.1,50.85,94.44,97.86,333.7,258.2,62.05,13.91,86.3,27.99,0.375,0.42,-0.73,1.19,12.917189,79.127691,true,false,,false,
1039,2026-06-01T14:38:00Z,M01,OP07,SH-2026-06-01-M01-N,1923.0,49.48,94.2,97.73,324.8,317.1,62.33,14.06,86.23,28.1,0.415,0.28,0.48,3.19,12.917172,79.127729,true,false,,false,
1040,2026-06-01T14:39:00Z,M01,OP07,SH-2026-06-01-M01-N,1880.6,46.9,93.8,98.08,318.4,268.8,62.31,14.36,86.16,28.2,0.361,0.15,1.13,2.72,12.917166,79.127759,true,false,,false,
1041,2026-06-01T14:40:00Z,M01,OP07,SH-2026-06-01-M01-N,1875.6,45.35,93.78,98.65,317.0,318.8,62.28,14.4,86.09,28.21,0.323,0.45,0.55,2.4,12.917152,79.127825,true,false,,false,
1042,2026-06-01T14:41:00Z,M01,OP07,SH-2026-06-01-M01-N,1918.3,47.15,93.64,98.45,312.2,312.0,62.26,14.48,86.02,28.33,0.302,0.6,1.27,1.21,12.917162,79.127915,true,false,,false,
1043,2026-06-01T14:42:00Z,M01,OP07,SH-2026-06-01-M01-N,1925.3,42.68,93.64,98.7,326.9,316.1,62.29,14.22,85.95,28.38,0.293,0.0,-0.4,0.37,12.917164,79.127945,true,false,,false,
1044,2026-06-01T14:43:00Z,M01,OP07,SH-2026-06-01-M01-N,1949.6,46.95,94.09,98.55,336.0,297.6,62.5,14.11,85.88,28.4,0.298,0.0,0.18,0.68,12.917172,79.127974,true,false,,false,
1045,2026-06-01T14:44:00Z,M01,OP07,SH-2026-06-01-M01-N,1966.5,46.59,94.17,98.89,334.8,365.7,62.62,14.22,85.82,28.27,0.302,0.47,0.81,1.23,12.917172,79.128044,true,false,,false,
1046,2026-06-01T14:45:00Z,M01,OP07,SH-2026-06-01-M01-N,1925.0,42.69,94.54,98.97,335.0,306.6,62.59,14.36,85.75,28.24,0.298,0.0,1.91,3.11,12.917151,79.128065,true,false,,false,
1047,2026-06-01T14:46:00Z,M01,OP07,SH-2026-06-01-M01-N,1897.4,45.01,94.61,99.51,348.9,274.0,62.68,14.66,85.68,28.25,0.336,0.34,0.76,2.16,12.917137,79.128114,true,false,,false,
1048,2026-06-01T14:47:00Z,M01,OP07,SH-2026-06-01-M01-N,1968.9,47.56,94.74,99.63,326.6,289.8,62.67,15.41,85.61,28.33,0.285,0.59,0.77,2.98,12.917108,79.128198,true,false,,false,
1049,2026-06-01T14:48:00Z,M01,OP07,SH-2026-06-01-M01-N,1933.7,54.8,94.94,99.43,319.9,316.3,62.88,15.4,85.53,28.24,0.346,0.25,0.23,3.09,12.917088,79.12823,true,false,,false,
1050,2026-06-01T14:49:00Z,M01,OP07,SH-2026-06-01-M01-N,1924.3,54.06,94.73,99.36,318.6,336.7,62.97,15.41,85.46,28.32,0.3,0.88,0.73,1.21,12.917001,79.12833,true,false,,false,
1051,2026-06-01T14:50:00Z,M01,OP07,SH-2026-06-01-M01-N,1926.4,56.05,94.81,98.97,320.0,299.9,63.2,15.84,85.38,28.31,0.34,1.26,0.93,2.64,12.916815,79.128367,true,false,,false,
1052,2026-06-01T14:51:00Z,M01,OP07,SH-2026-06-01-M01-N,1898.1,59.16,94.53,99.52,304.5,285.3,63.49,14.85,85.31,28.19,0.311,1.29,-0.39,3.83,12.916641,79.128451,true,false,,false,
1053,2026-06-01T14:52:00Z,M01,OP07,SH-2026-06-01-M01-N,1880.8,56.93,94.13,99.42,303.8,277.2,63.67,15.47,85.24,28.31,0.307,1.23,-0.99,3.84,12.916461,79.128496,true,false,,false,
1054,2026-06-01T14:53:00Z,M01,OP07,SH-2026-06-01-M01-N,1731.2,46.5,93.61,99.48,297.2,131.1,63.53,11.43,85.16,28.4,0.328,3.21,-1.56,1.58,12.916003,79.128647,true,false,,false,
1055,2026-06-01T14:54:00Z,M01,OP07,SH-2026-06-01-M01-N,1688.4,41.23,93.36,99.2,297.0,78.5,63.54,10.26,85.11,28.43,0.323,3.45,0.64,-0.09,12.915514,79.12882,true,false,,false,
1056,2026-06-01T14:55:00Z,M01,OP07,SH-2026-06-01-M01-N,1647.4,30.98,93.16,98.79,288.3,67.6,63.31,9.71,85.06,28.41,0.315,3.56,-1.21,-1.96,12.91499,79.128927,true,false,,false,
1057,2026-06-01T14:56:00Z,M01,OP07,SH-2026-06-01-M01-N,1618.3,33.45,92.83,98.38,286.7,64.2,63.12,10.12,85.01,28.27,0.338,4.35,-2.46,0.05,12.915643,79.128953,true,false,,false,
1058,2026-06-01T14:57:00Z,M01,OP07,SH-2026-06-01-M01-N,1580.8,31.63,92.4,97.92,289.1,45.4,63.06,10.25,84.96,28.35,0.33,4.36,-0.66,1.0,12.916255,79.129184,true,false,,false,
1059,2026-06-01T14:58:00Z,M01,OP07,SH-2026-06-01-M01-N,1595.8,37.13,92.27,97.42,283.9,53.0,63.08,10.26,84.91,28.29,0.315,4.01,-0.38,-1.1,12.916845,79.129303,true,false,,false,
1060,2026-06-01T14:59:00Z,M01,OP07,SH-2026-06-01-M01-N,1593.2,43.28,92.3,97.15,281.6,68.6,63.28,10.6,84.86,28.19,0.292,4.88,-0.25,-0.12,12.917565,79.129443,true,false,,false,
1061,2026-06-01T15:00:00Z,M01,OP07,SH-2026-06-01-M01-N,1574.1,40.81,92.18,96.73,274.9,68.4,63.27,10.79,84.81,28.19,0.315,4.49,-0.26,0.15,12.918108,79.129842,true,false,,false,
1062,2026-06-01T15:01:00Z,M01,OP07,SH-2026-06-01-M01-N,1603.1,35.83,92.03,96.76,264.3,67.9,63.1,10.74,84.76,28.2,0.33,5.01,1.02,-0.76,12.918681,79.13033,true,false,,false,
1063,2026-06-01T15:02:00Z,M01,OP07,SH-2026-06-01-M01-N,1565.9,36.93,92.03,96.47,272.3,57.8,62.99,10.38,84.71,28.2,0.384,4.84,0.26,-1.01,12.919001,79.130982,true,false,,false,
1064,2026-06-01T15:03:00Z,M01,OP07,SH-2026-06-01-M01-N,1575.5,36.08,92.01,96.67,284.6,53.6,62.88,10.39,84.66,28.14,0.341,5.29,0.14,1.25,12.91966,79.131425,true,false,,false,
1065,2026-06-01T15:04:00Z,M01,OP07,SH-2026-06-01-M01-N,1537.6,34.9,92.19,96.32,285.3,65.6,62.82,10.19,84.61,28.02,0.373,5.11,1.43,1.48,12.920201,79.13197,true,false,,false,
1066,2026-06-01T15:05:00Z,M01,OP07,SH-2026-06-01-M01-N,1767.0,41.18,92.85,96.77,289.1,225.1,62.81,15.02,84.56,27.99,0.335,2.48,2.24,5.61,12.919851,79.131842,true,false,,false,
1067,2026-06-01T15:06:00Z,M01,OP07,SH-2026-06-01-M01-N,1832.1,47.28,93.17,97.15,303.5,275.7,62.94,17.56,84.48,27.84,0.432,2.1,3.34,6.43,12.919536,79.131838,true,false,,false,
1068,2026-06-01T15:07:00Z,M01,OP07,SH-2026-06-01-M01-N,1881.1,46.53,93.73,97.74,311.9,266.3,62.85,18.63,84.4,27.86,0.458,1.92,2.18,6.16,12.919256,79.131768,true,false,,false,
1069,2026-06-01T15:08:00Z,M01,OP07,SH-2026-06-01-M01-N,1839.0,45.97,94.15,98.1,291.6,312.5,62.74,18.77,84.31,27.95,0.443,1.95,1.98,5.62,12.918969,79.131825,true,false,,false,
1070,2026-06-01T15:09:00Z,M01,OP07,SH-2026-06-01-M01-N,1851.6,42.75,94.29,98.26,292.8,310.3,62.72,19.26,84.22,27.98,0.475,1.38,2.27,7.38,12.918778,79.131905,true,false,,false,
1071,2026-06-01T15:10:00Z,M01,OP07,SH-2026-06-01-M01-N,1855.6,44.65,94.6,98.9,296.6,304.9,62.58,19.05,84.13,27.87,0.493,1.41,2.34,8.82,12.918608,79.132029,true,false,,false,
1072,2026-06-01T15:11:00Z,M01,OP07,SH-2026-06-01-M01-N,1811.1,42.47,94.51,98.85,304.8,345.9,62.42,18.93,84.03,27.87,0.457,1.44,1.79,9.91,12.918473,79.132199,true,false,,false,
1073,2026-06-01T15:12:00Z,M01,OP07,SH-2026-06-01-M01-N,1785.5,47.48,94.54,99.43,314.7,279.7,62.53,19.09,83.94,27.85,0.562,1.42,3.58,8.64,12.918397,79.132399,true,false,,false,
1074,2026-06-01T15:13:00Z,M01,OP07,SH-2026-06-01-M01-N,1795.2,45.5,94.95,99.72,322.4,325.4,62.45,18.73,83.85,27.9,0.58,0.92,4.36,6.38,12.91834,79.132273,true,false,,false,
1075,2026-06-01T15:14:00Z,M01,OP07,SH-2026-06-01-M01-N,1807.7,46.6,95.06,100.43,314.5,318.6,62.65,18.64,83.76,27.95,0.589,1.66,3.11,7.14,12.918249,79.132042,true,false,,false,
1076,2026-06-01T15:15:00Z,M01,OP07,SH-2026-06-01-M01-N,1827.8,47.56,94.41,100.73,298.5,352.1,62.86,18.63,83.67,27.97,0.604,2.0,2.1,8.56,12.918134,79.131764,true,false,,false,
1077,2026-06-01T15:16:00Z,M01,OP07,SH-2026-06-01-M01-N,1828.5,52.61,94.57,100.98,293.0,313.9,63.01,18.89,83.58,27.98,0.562,2.06,2.03,8.71,12.918031,79.131473,true,false,,false,
1078,2026-06-01T15:17:00Z,M01,OP07,SH-2026-06-01-M01-N,1791.4,48.99,94.6,101.32,294.3,347.1,63.0,18.78,83.49,28.14,0.575,1.09,2.07,9.4,12.91802,79.13131,true,false,,false,
1079,2026-06-01T15:18:00Z,M01,OP07,SH-2026-06-01-M01-N,1829.9,50.19,94.29,102.07,296.2,298.8,63.18,18.12,83.4,28.16,0.575,0.7,2.79,8.77,12.917958,79.131225,true,false,,false,
1080,2026-06-01T15:19:00Z,M01,OP07,SH-2026-06-01-M01-N,1819.3,51.43,94.38,102.65,286.3,291.7,63.31,17.71,83.31,28.24,0.562,0.66,2.05,7.21,12.917907,79.13114,true,false,,false,
1081,2026-06-01T15:20:00Z,M01,OP07,SH-2026-06-01-M01-N,1805.9,48.51,94.2,102.69,280.5,342.1,63.38,17.3,83.22,28.22,0.632,0.46,0.72,8.35,12.917885,79.131075,true,false,,false,
1082,2026-06-01T15:21:00Z,M01,OP07,SH-2026-06-01-M01-N,1807.5,46.16,93.97,102.88,289.8,270.6,63.4,16.78,83.14,28.2,0.599,0.0,1.11,8.54,12.917871,79.131048,true,false,,false,
1083,2026-06-01T15:22:00Z,M01,OP07,SH-2026-06-01-M01-N,1781.9,44.86,93.64,103.46,289.5,306.7,63.42,16.64,83.06,28.26,0.65,0.0,1.45,9.42,12.917854,79.131024,true,false,,false,
1084,2026-06-01T15:23:00Z,M01,OP07,SH-2026-06-01-M01-N,1773.1,46.48,93.07,103.76,283.0,329.0,63.43,16.51,82.98,28.37,0.67,0.0,2.68,8.72,12.917842,79.130996,true,false,,false,
1085,2026-06-01T15:24:00Z,M01,OP07,SH-2026-06-01-M01-N,1828.3,48.45,92.88,104.32,275.7,344.2,63.49,15.98,82.9,28.34,0.667,0.22,4.48,8.33,12.917824,79.130969,true,false,,false,
1086,2026-06-01T15:25:00Z,M01,OP07,SH-2026-06-01-M01-N,1894.3,47.4,92.9,103.95,284.9,309.0,63.39,15.75,82.82,28.33,0.722,0.02,3.3,7.98,12.917816,79.13094,true,false,,false,
1087,2026-06-01T15:26:00Z,M01,OP07,SH-2026-06-01-M01-N,1823.2,46.75,92.91,103.81,285.0,323.0,63.58,15.38,82.75,28.36,0.749,0.0,2.73,6.24,12.91781,79.13091,true,false,,false,
1088,2026-06-01T15:27:00Z,M01,OP07,SH-2026-06-01-M01-N,1801.9,48.87,92.53,103.5,289.4,338.7,63.57,15.4,82.67,28.37,0.74,0.27,3.52,4.77,12.917795,79.130874,true,false,,false,
1089,2026-06-01T15:28:00Z,M01,OP07,SH-2026-06-01-M01-N,1856.1,49.53,92.51,103.32,290.7,321.3,63.7,15.76,82.6,28.39,0.691,0.4,2.12,7.59,12.91778,79.130816,true,false,,false,
1090,2026-06-01T15:29:00Z,M01,OP07,SH-2026-06-01-M01-N,1831.5,48.33,92.41,103.39,290.1,284.4,63.69,15.62,82.52,28.38,0.667,0.43,3.04,7.1,12.91773,79.130776,true,false,,false,
1091,2026-06-01T15:30:00Z,M01,OP07,SH-2026-06-01-M01-N,1787.3,50.22,92.36,103.62,289.4,265.2,63.71,15.43,82.45,28.35,0.649,0.92,0.43,7.07,12.917596,79.130743,true,false,,false,
1092,2026-06-01T15:31:00Z,M01,OP07,SH-2026-06-01-M01-N,1795.8,53.05,92.2,103.84,286.3,299.6,63.94,15.35,82.37,28.23,0.614,0.3,1.58,6.11,12.917555,79.130723,true,false,,false,
1093,2026-06-01T15:32:00Z,M01,OP07,SH-2026-06-01-M01-N,1793.7,50.1,91.73,103.81,279.2,290.7,63.87,15.32,82.3,28.13,0.622,0.0,0.59,8.14,12.917533,79.130703,true,false,,false,
1094,2026-06-01T15:33:00Z,M01,OP07,SH-2026-06-01-M01-N,1176.3,18.44,90.46,102.07,202.8,117.6,63.42,6.46,82.22,27.71,0.322,0.0,1.88,8.34,12.917533,79.130703,true,true,,false,
1095,2026-06-01T15:34:00Z,M01,OP07,SH-2026-06-01-M01-N,982.4,9.82,90.09,99.75,179.2,63.1,63.0,3.75,82.19,27.58,0.214,0.0,1.93,7.7,12.917533,79.130703,true,true,,false,
1096,2026-06-01T15:35:00Z,M01,OP07,SH-2026-06-01-M01-N,932.6,8.45,89.1,97.77,175.4,50.7,62.58,3.09,82.17,27.61,0.167,0.0,1.87,7.66,12.917533,79.130703,true,true,,false,
1097,2026-06-01T15:36:00Z,M01,OP07,SH-2026-06-01-M01-N,916.2,9.93,88.62,96.28,175.1,35.4,62.28,2.74,82.16,27.7,0.166,0.0,1.93,7.66,12.917533,79.130703,true,true,,false,
1098,2026-06-01T15:37:00Z,M01,OP07,SH-2026-06-01-M01-N,911.4,11.21,88.4,94.59,159.7,41.1,61.88,2.88,82.15,27.64,0.187,0.0,1.71,7.71,12.917533,79.130703,true,true,,false,
1099,2026-06-01T15:38:00Z,M01,OP07,SH-2026-06-01-M01-N,912.2,6.96,87.99,93.14,165.6,28.1,61.56,2.84,82.13,27.76,0.182,0.0,1.91,7.83,12.917533,79.130703,true,true,,false,
1100,2026-06-01T15:39:00Z,M01,OP07,SH-2026-06-01-M01-N,908.3,6.48,87.22,92.14,169.3,38.3,61.15,3.03,82.12,27.79,0.209,0.0,2.14,8.12,12.917533,79.130703,true,true,,false,
1101,2026-06-01T15:40:00Z,M01,OP07,SH-2026-06-01-M01-N,899.0,8.9,86.56,91.24,172.7,48.5,60.82,2.65,82.1,27.83,0.101,0.0,1.75,7.41,12.917533,79.130703,true,true,,false,
1102,2026-06-01T15:41:00Z,M01,OP07,SH-2026-06-01-M01-N,1503.8,40.44,86.98,91.92,277.4,202.1,60.84,11.51,82.09,28.24,0.444,1.88,2.08,7.86,12.917288,79.130563,true,false,,false,
1103,2026-06-01T15:42:00Z,M01,OP07,SH-2026-06-01-M01-N,1718.4,50.47,87.41,92.83,308.4,210.5,61.05,13.89,82.03,28.34,0.523,1.9,1.14,6.96,12.917139,79.13032,true,false,,false,
1104,2026-06-01T15:43:00Z,M01,OP07,SH-2026-06-01-M01-N,1753.3,59.62,88.08,92.98,306.3,269.7,61.17,14.54,81.97,28.32,0.468,1.09,1.21,7.59,12.917115,79.130158,true,false,,false,
1105,2026-06-01T15:44:00Z,M01,OP07,SH-2026-06-01-M01-N,1805.6,58.87,88.29,92.65,313.0,273.4,61.45,14.72,81.9,28.21,0.503,1.83,3.09,8.75,12.916982,79.129917,true,false,,false,
1106,2026-06-01T15:45:00Z,M01,OP07,SH-2026-06-01-M01-N,1839.5,56.94,89.66,92.09,310.3,281.8,61.68,15.02,81.83,28.08,0.501,2.3,0.17,8.54,12.916914,79.129578,true,false,,false,
1107,2026-06-01T15:46:00Z,M01,OP07,SH-2026-06-01-M01-N,1814.6,62.75,90.33,92.38,313.9,305.1,61.9,15.11,81.75,28.17,0.49,1.52,2.7,7.75,12.916869,79.129354,true,false,,false,
1108,2026-06-01T15:47:00Z,M01,OP07,SH-2026-06-01-M01-N,1790.6,71.94,91.22,92.42,330.1,253.6,62.24,15.09,81.68,28.28,0.494,2.0,2.07,6.9,12.916883,79.129055,true,false,,false,
1109,2026-06-01T15:48:00Z,M01,OP07,SH-2026-06-01-M01-N,1812.9,72.95,91.57,92.11,341.0,273.4,62.69,14.94,81.61,28.35,0.52,2.01,0.81,7.63,12.91685,79.128754,true,false,,false,
1110,2026-06-01T15:49:00Z,M01,OP07,SH-2026-06-01-M01-N,1809.8,71.77,91.92,92.2,343.2,318.0,63.17,15.16,81.54,28.44,0.513,1.93,1.52,8.06,12.916867,79.128465,true,false,,false,
1111,2026-06-01T15:50:00Z,M01,OP07,SH-2026-06-01-M01-N,1823.1,69.92,91.86,93.05,334.3,293.0,63.56,14.45,81.46,28.37,0.527,2.07,0.94,8.46,12.916982,79.128177,true,false,,false,
1112,2026-06-01T15:51:00Z,M01,OP07,SH-2026-06-01-M01-N,1784.1,76.43,91.66,93.41,324.9,250.5,63.92,14.19,81.39,28.36,0.49,2.16,0.33,7.85,12.91723,79.127967,true,false,,false,
1113,2026-06-01T15:52:00Z,M01,OP07,SH-2026-06-01-M01-N,1745.3,78.41,91.23,93.41,340.7,252.7,64.43,15.13,81.32,28.39,0.49,1.91,1.47,5.62,12.917448,79.12778,true,false,,false,
1114,2026-06-01T15:53:00Z,M01,OP07,SH-2026-06-01-M01-N,1764.8,76.11,90.53,93.36,331.4,288.2,64.62,14.83,81.25,28.38,0.491,1.57,1.98,5.76,12.917664,79.127686,true,false,,false,
1115,2026-06-01T15:54:00Z,M01,OP07,SH-2026-06-01-M01-N,1774.1,77.81,90.33,93.2,340.3,214.6,64.91,14.54,81.18,28.38,0.572,1.5,0.7,8.59,12.917875,79.127609,true,false,,false,
1116,2026-06-01T15:55:00Z,M01,OP07,SH-2026-06-01-M01-N,1747.1,80.48,90.06,92.9,338.9,231.0,65.34,14.61,81.11,28.27,0.567,1.95,0.04,6.45,12.918169,79.127612,true,false,,false,
1117,2026-06-01T15:56:00Z,M01,OP07,SH-2026-06-01-M01-N,1786.5,76.54,90.39,92.84,313.4,294.6,65.69,15.11,81.04,28.27,0.609,1.58,1.68,7.54,12.918401,79.127564,true,false,,false,
1118,2026-06-01T15:57:00Z,M01,OP07,SH-2026-06-01-M01-N,1843.9,77.99,90.63,92.85,308.6,187.6,66.22,15.35,80.97,28.31,0.586,1.41,0.51,7.0,12.91861,79.127527,true,false,,false,
1119,2026-06-01T15:58:00Z,M01,OP07,SH-2026-06-01-M01-N,1851.1,79.23,90.44,92.17,311.4,214.1,66.75,15.54,80.89,28.32,0.593,1.74,2.09,7.62,12.918871,79.127513,true,false,,false,
1120,2026-06-01T15:59:00Z,M01,OP07,SH-2026-06-01-M01-N,1846.0,82.86,90.39,91.66,324.1,248.8,67.05,15.63,80.82,28.29,0.53,2.42,2.67,6.25,12.919231,79.127463,true,false,,false,
1121,2026-06-01T16:00:00Z,M01,OP07,SH-2026-06-01-M01-N,1843.6,83.01,90.28,91.8,304.8,239.8,67.35,15.46,80.74,28.13,0.508,1.77,2.07,7.1,12.919474,79.127569,true,false,,false,
1122,2026-06-01T16:01:00Z,M01,OP07,SH-2026-06-01-M01-N,1868.8,79.51,90.74,91.42,312.4,228.8,67.54,15.96,80.67,28.29,0.468,1.41,3.41,6.64,12.919679,79.127621,true,false,,false,
1123,2026-06-01T16:02:00Z,M01,OP07,SH-2026-06-01-M01-N,1835.4,79.98,91.16,90.87,307.1,218.5,67.88,15.93,80.59,28.29,0.477,1.44,2.37,5.27,12.919892,79.127658,true,false,,false,
1124,2026-06-01T16:03:00Z,M01,OP07,SH-2026-06-01-M01-N,1834.4,82.69,91.78,90.81,302.7,225.5,68.03,15.71,80.51,28.35,0.438,1.53,1.35,7.91,12.920115,79.127714,true,false,,false,
1125,2026-06-01T16:04:00Z,M01,OP07,SH-2026-06-01-M01-N,1865.7,79.08,91.82,91.34,290.8,216.5,68.15,15.92,80.44,28.39,0.447,1.43,1.42,7.88,12.92033,79.127713,true,false,,false,
1126,2026-06-01T16:05:00Z,M01,OP07,SH-2026-06-01-M01-N,1881.7,76.27,91.66,91.32,283.0,225.5,68.38,15.3,80.36,28.37,0.462,1.7,1.61,7.94,12.920571,79.127795,true,false,,false,
1127,2026-06-01T16:06:00Z,M01,OP07,SH-2026-06-01-M01-N,1887.4,70.16,91.12,91.56,287.0,240.3,68.43,15.15,80.29,28.34,0.472,1.25,2.35,6.94,12.920741,79.127877,true,false,,false,
1128,2026-06-01T16:07:00Z,M01,OP07,SH-2026-06-01-M01-N,1874.8,72.81,91.44,91.68,302.5,219.1,68.68,14.96,80.21,28.35,0.545,1.96,3.81,8.37,12.920812,79.128163,true,false,,false,
1129,2026-06-01T16:08:00Z,M01,OP07,SH-2026-06-01-M01-N,1883.0,66.94,90.98,92.06,298.6,282.3,68.68,14.89,80.14,28.3,0.544,1.33,4.53,8.51,12.920948,79.128308,true,false,,false,
1130,2026-06-01T16:09:00Z,M01,OP07,SH-2026-06-01-M01-N,1871.4,68.65,91.0,92.46,303.1,273.5,68.72,14.33,80.07,28.33,0.518,2.17,2.43,7.62,12.921226,79.128477,true,false,,false,
1131,2026-06-01T16:10:00Z,M01,OP07,SH-2026-06-01-M01-N,1866.2,71.29,90.93,92.91,320.4,239.4,68.96,14.0,80.0,28.44,0.494,2.39,0.62,7.95,12.92148,79.12873,true,false,,false,
1132,2026-06-01T16:11:00Z,M01,OP07,SH-2026-06-01-M01-N,1905.9,71.32,91.7,93.22,323.3,297.0,69.13,14.34,79.93,28.42,0.493,2.23,2.24,10.21,12.92116,79.128831,true,false,,false,
1133,2026-06-01T16:12:00Z,M01,OP07,SH-2026-06-01-M01-N,1892.4,68.07,92.07,93.76,324.1,281.9,69.24,14.31,79.86,28.4,0.532,2.17,1.2,8.2,12.920844,79.128748,true,false,,false,
1134,2026-06-01T16:13:00Z,M01,OP07,SH-2026-06-01-M01-N,1905.0,63.5,92.36,94.06,323.9,241.2,69.23,14.03,79.79,28.43,0.523,1.75,2.73,6.76,12.920581,79.128751,true,false,,false,
1135,2026-06-01T16:14:00Z,M01,OP07,SH-2026-06-01-M01-N,1896.4,66.09,92.71,94.08,323.1,257.1,69.29,14.55,79.72,28.38,0.479,1.67,2.61,5.44,12.920337,79.128805,true,false,,false,
1136,2026-06-01T16:15:00Z,M01,OP07,SH-2026-06-01-M01-N,1885.3,63.91,92.8,94.14,328.2,203.4,69.23,14.36,79.65,28.34,0.48,1.6,2.33,5.02,12.920106,79.128872,true,false,,false,
1137,2026-06-01T16:16:00Z,M01,OP07,SH-2026-06-01-M01-N,1870.3,68.09,93.29,94.71,312.1,237.6,69.36,14.66,79.59,28.42,0.5,1.69,2.91,6.33,12.919853,79.128891,true,false,,false,
1138,2026-06-01T16:17:00Z,M01,OP07,SH-2026-06-01-M01-N,1860.4,65.04,93.32,95.34,313.9,257.3,69.52,14.65,79.51,28.38,0.485,1.44,2.82,7.34,12.919654,79.128976,true,false,,false,
1139,2026-06-01T16:18:00Z,M01,OP07,SH-2026-06-01-M01-N,1864.1,61.45,93.55,96.13,318.3,249.7,69.34,14.84,79.44,28.24,0.475,1.75,3.39,7.91,12.919392,79.128995,true,false,,false,
1140,2026-06-01T16:19:00Z,M01,OP07,SH-2026-06-01-M01-N,1854.2,62.22,93.39,97.04,312.3,230.0,69.36,14.98,79.37,28.21,0.498,0.92,4.86,5.89,12.919258,79.12903,true,false,,false,
1141,2026-06-01T16:20:00Z,M01,OP07,SH-2026-06-01-M01-N,1892.4,67.82,93.25,97.7,305.0,266.6,69.36,14.3,79.3,28.13,0.49,1.22,5.01,8.13,12.919075,79.129044,true,false,,false,
1142,2026-06-01T16:21:00Z,M01,OP07,SH-2026-06-01-M01-N,1914.0,67.65,93.14,98.28,315.0,223.9,69.48,14.63,79.23,28.23,0.514,1.76,5.07,8.0,12.918813,79.129082,true,false,,false,
1143,2026-06-01T16:22:00Z,M01,OP07,SH-2026-06-01-M01-N,1918.8,67.87,93.06,99.03,311.7,237.4,69.35,14.54,79.16,28.25,0.497,1.42,3.54,7.16,12.918601,79.129108,true,false,,false,
1144,2026-06-01T16:23:00Z,M01,OP07,SH-2026-06-01-M01-N,1894.1,72.48,93.17,99.41,319.8,232.2,69.48,14.15,79.09,28.24,0.513,1.36,4.43,8.14,12.918401,79.129145,true,false,,false,
1145,2026-06-01T16:24:00Z,M01,OP07,SH-2026-06-01-M01-N,1903.0,70.13,92.95,99.4,319.4,211.3,69.56,13.59,79.02,28.27,0.506,1.2,4.68,6.19,12.918221,79.129137,true,false,,false,
1146,2026-06-01T16:25:00Z,M01,OP07,SH-2026-06-01-M01-N,1900.1,76.32,93.09,99.51,330.6,232.5,69.65,13.84,78.96,28.33,0.533,1.94,4.7,6.12,12.917934,79.129085,true,false,,false,
1147,2026-06-01T16:26:00Z,M01,OP07,SH-2026-06-01-M01-N,1881.3,76.66,93.02,99.42,340.0,254.6,69.79,13.97,78.89,28.32,0.624,1.47,2.33,6.96,12.917714,79.129073,true,false,,false,
1148,2026-06-01T16:27:00Z,M01,OP07,SH-2026-06-01-M01-N,1897.3,81.39,92.43,99.24,341.2,240.0,70.18,13.94,78.82,28.29,0.665,0.9,2.48,6.78,12.917579,79.129065,true,false,,false,
1149,2026-06-01T16:28:00Z,M01,OP07,SH-2026-06-01-M01-N,1863.8,74.86,92.62,99.06,340.9,221.8,70.34,13.96,78.75,28.31,0.57,0.65,3.75,5.42,12.917487,79.129035,true,false,,false,
1150,2026-06-01T16:29:00Z,M01,OP07,SH-2026-06-01-M01-N,1869.0,72.6,92.43,99.51,347.4,161.9,70.39,14.28,78.69,28.24,0.5,0.37,2.36,5.18,12.917431,79.129031,true,false,,false,
1151,2026-06-01T16:30:00Z,M01,OP07,SH-2026-06-01-M01-N,1855.2,69.51,91.99,99.2,353.9,202.5,70.23,14.03,78.62,28.36,0.501,1.5,1.66,6.27,12.917235,79.129141,true,false,,false,
1152,2026-06-01T16:31:00Z,M01,OP07,SH-2026-06-01-M01-N,1876.1,69.02,91.27,99.26,376.2,242.9,70.35,14.11,78.55,28.42,0.527,1.01,3.97,8.04,12.917091,79.12919,true,false,,false,
1153,2026-06-01T16:32:00Z,M01,OP07,SH-2026-06-01-M01-N,1884.0,68.31,91.34,98.97,366.7,277.8,70.43,13.98,78.48,28.4,0.542,0.64,1.9,8.93,12.917005,79.12923,true,false,,false,
1154,2026-06-01T16:33:00Z,M01,OP07,SH-2026-06-01-M01-N,1870.1,68.88,91.33,99.15,364.2,300.1,70.5,14.09,78.41,28.46,0.543,1.13,1.72,8.42,12.91688,79.129344,true,false,,false,
1155,2026-06-01T16:34:00Z,M01,OP07,SH-2026-06-01-M01-N,1896.9,72.34,91.13,98.78,369.7,306.8,70.65,14.01,78.35,28.42,0.572,0.63,2.31,8.97,12.916807,79.129405,true,false,,false,
1156,2026-06-01T16:35:00Z,M01,OP07,SH-2026-06-01-M01-N,1905.1,76.68,91.06,98.99,363.6,257.5,70.8,14.24,78.28,28.36,0.588,0.67,1.84,7.75,12.916739,79.129479,true,false,,false,
1157,2026-06-01T16:36:00Z,M01,OP07,SH-2026-06-01-M01-N,1934.8,75.17,90.79,98.67,361.8,237.0,70.95,13.84,78.21,28.38,0.578,1.29,1.87,7.59,12.916607,79.12962,true,false,,false,
1158,2026-06-01T16:37:00Z,M01,OP07,SH-2026-06-01-M01-N,1775.9,63.98,90.64,97.48,331.7,110.4,70.73,10.19,78.14,28.24,0.498,2.33,1.32,4.43,12.916344,79.129852,true,false,,false,
1159,2026-06-01T16:38:00Z,M01,OP07,SH-2026-06-01-M01-N,1752.9,57.47,89.94,97.09,329.8,59.6,70.65,9.09,78.09,28.23,0.516,3.83,0.55,0.95,12.915901,79.130218,true,false,,false,
1160,2026-06-01T16:39:00Z,M01,OP07,SH-2026-06-01-M01-N,1772.1,57.0,89.46,96.18,332.4,46.8,70.49,8.55,78.05,28.28,0.559,4.07,0.67,0.79,12.9155,79.130679,true,false,,false,
1161,2026-06-01T16:40:00Z,M01,OP07,SH-2026-06-01-M01-N,1740.7,56.39,88.92,96.17,335.7,43.0,70.28,8.0,78.01,28.31,0.503,4.12,0.8,1.99,12.916095,79.130513,true,false,,false,
1162,2026-06-01T16:41:00Z,M01,OP07,SH-2026-06-01-M01-N,1774.5,56.7,88.56,96.46,331.3,63.0,70.28,8.66,77.97,28.35,0.502,3.36,2.2,1.83,12.916507,79.130221,true,false,,false,
1163,2026-06-01T16:42:00Z,M01,OP07,SH-2026-06-01-M01-N,1778.0,58.35,88.44,95.82,326.2,46.9,70.15,8.93,77.93,28.35,0.491,3.44,0.77,0.44,12.916658,79.129727,true,false,,false,
1164,2026-06-01T16:43:00Z,M01,OP07,SH-2026-06-01-M01-N,1769.4,60.52,88.4,95.76,323.6,42.8,70.13,8.84,77.88,28.22,0.475,3.18,0.24,0.71,12.916556,79.12926,true,false,,false,
1165,2026-06-01T16:44:00Z,M01,OP07,SH-2026-06-01-M01-N,1735.0,61.07,88.19,95.94,326.3,33.6,70.13,8.2,77.84,28.11,0.463,3.77,0.11,0.43,12.916484,79.128699,true,false,,false,
1166,2026-06-01T16:45:00Z,M01,OP07,SH-2026-06-01-M01-N,1728.1,62.92,88.25,95.84,328.9,31.3,70.25,8.25,77.8,28.25,0.495,3.26,-3.05,1.49,12.916504,79.12821,true,false,,false,
1167,2026-06-01T16:46:00Z,M01,OP07,SH-2026-06-01-M01-N,1885.6,75.03,88.48,96.59,335.6,130.9,70.33,12.02,77.76,28.23,0.494,1.78,-2.28,0.8,12.91648,79.127945,true,false,,false,
1168,2026-06-01T16:47:00Z,M01,OP07,SH-2026-06-01-M01-N,1904.9,80.86,88.15,97.27,350.2,199.7,70.56,13.74,77.7,28.26,0.457,1.85,-4.17,1.4,12.91657,79.127682,true,false,,false,
1169,2026-06-01T16:48:00Z,M01,OP07,SH-2026-06-01-M01-N,1892.5,81.73,87.51,97.97,358.4,219.2,70.84,13.97,77.64,28.36,0.426,1.84,-0.06,2.26,12.916641,79.127416,true,false,,false,
1170,2026-06-01T16:49:00Z,M01,OP07,SH-2026-06-01-M01-N,1877.6,84.98,87.22,97.87,348.0,235.7,70.96,13.87,77.57,28.38,0.45,1.69,1.65,1.13,12.9167,79.127169,true,false,,false,
1171,2026-06-01T16:50:00Z,M01,OP07,SH-2026-06-01-M01-N,1904.1,82.53,86.38,97.29,336.7,245.5,71.23,14.25,77.5,28.42,0.463,2.1,3.59,1.03,12.916848,79.126891,true,false,,false,
1172,2026-06-01T16:51:00Z,M01,OP07,SH-2026-06-01-M01-N,1881.4,78.9,85.86,97.42,334.6,211.9,71.35,14.03,77.43,28.28,0.453,2.01,0.13,1.77,12.917044,79.126662,true,false,,false,
1173,2026-06-01T16:52:00Z,M01,OP07,SH-2026-06-01-M01-N,1893.6,78.47,85.39,98.34,340.5,255.1,71.44,13.91,77.37,28.21,0.445,1.47,0.97,0.6,12.917196,79.126502,true,false,,false,
1174,2026-06-01T16:53:00Z,M01,OP07,SH-2026-06-01-M01-N,1877.7,81.85,85.24,98.0,357.3,248.6,71.77,13.75,77.3,28.26,0.427,1.78,0.82,1.85,12.9172,79.126768,true,false,,false,
1175,2026-06-01T16:54:00Z,M01,OP07,SH-2026-06-01-M01-N,1910.5,78.4,85.38,98.54,354.3,269.8,71.98,14.1,77.23,28.39,0.415,1.67,-1.59,1.85,12.917165,79.127016,true,false,,false,
1176,2026-06-01T16:55:00Z,M01,OP07,SH-2026-06-01-M01-N,1856.8,75.13,85.71,97.96,350.9,227.0,72.09,14.13,77.16,28.42,0.431,1.54,-2.6,3.04,12.917156,79.127248,true,false,,false,
1177,2026-06-01T16:56:00Z,M01,OP07,SH-2026-06-01-M01-N,1831.4,74.49,85.75,97.42,340.3,239.8,72.25,13.7,77.1,28.36,0.407,1.18,-3.22,4.13,12.917203,79.127419,true,false,,false,
1178,2026-06-01T16:57:00Z,M01,OP07,SH-2026-06-01-M01-N,1817.5,77.76,85.76,97.63,341.3,231.2,72.27,14.44,77.03,28.33,0.419,0.93,-2.46,1.84,12.917286,79.127531,true,false,,false,
1179,2026-06-01T16:58:00Z,M01,OP07,SH-2026-06-01-M01-N,1778.8,71.59,85.83,97.68,350.8,226.8,72.35,14.08,76.96,28.3,0.435,1.09,-2.57,-1.19,12.917379,79.127666,true,false,,false,
1180,2026-06-01T16:59:00Z,M01,OP07,SH-2026-06-01-M01-N,1785.4,73.41,85.79,97.38,351.5,239.5,72.4,14.74,76.89,28.28,0.469,0.51,-2.57,1.25,12.917398,79.127739,true,false,,false,
1181,2026-06-01T17:00:00Z,M01,OP07,SH-2026-06-01-M01-N,1778.1,71.06,85.33,97.62,367.0,215.4,72.42,14.59,76.82,28.36,0.48,0.25,-0.82,1.3,12.917414,79.127773,true,false,,false,
1182,2026-06-01T17:01:00Z,M01,OP07,SH-2026-06-01-M01-N,1774.3,73.74,85.29,98.15,376.9,251.6,72.44,14.23,76.75,28.37,0.493,0.0,0.85,2.25,12.91742,79.127803,true,false,,false,
1183,2026-06-01T17:02:00Z,M01,OP07,SH-2026-06-01-M01-N,1785.0,69.94,85.24,97.75,377.7,295.6,72.43,14.0,76.68,28.39,0.462,0.25,1.54,1.03,12.917413,79.127839,true,false,,false,
1184,2026-06-01T17:03:00Z,M01,OP07,SH-2026-06-01-M01-N,1737.2,70.01,84.99,98.36,381.3,266.1,72.44,14.01,76.61,28.29,0.436,0.2,1.05,1.77,12.917416,79.127869,true,false,,false,
1185,2026-06-01T17:04:00Z,M01,OP07,SH-2026-06-01-M01-N,1715.1,68.64,84.91,98.16,370.3,263.8,72.34,14.04,76.55,28.25,0.467,0.51,0.85,1.47,12.91741,79.127945,true,false,,false,
1186,2026-06-01T17:05:00Z,M01,OP07,SH-2026-06-01-M01-N,1700.8,68.51,84.75,97.74,360.8,264.4,72.19,14.18,76.48,28.22,0.453,0.24,0.63,2.79,12.917403,79.12798,true,false,,false,
1187,2026-06-01T17:06:00Z,M01,OP07,SH-2026-06-01-M01-N,1693.0,64.42,84.4,97.38,371.6,268.5,72.06,14.19,76.41,28.1,0.448,0.48,-1.53,0.17,12.91741,79.128051,true,false,,false,
1188,2026-06-01T17:07:00Z,M01,OP07,SH-2026-06-01-M01-N,1754.2,65.8,84.05,97.32,363.5,262.4,72.04,14.2,76.34,28.17,0.418,1.29,-0.55,2.84,12.917356,79.128237,true,false,,false,
1189,2026-06-01T17:08:00Z,M01,OP07,SH-2026-06-01-M01-N,1709.8,69.6,83.69,97.1,376.4,283.1,72.09,14.64,76.27,28.07,0.494,0.85,-0.12,1.77,12.91735,79.128365,true,false,,false,
1190,2026-06-01T17:09:00Z,M01,OP07,SH-2026-06-01-M01-N,1687.0,71.28,83.34,97.46,374.8,257.8,72.24,14.25,76.2,27.96,0.503,1.55,-0.49,2.12,12.917351,79.128597,true,false,,false,
1191,2026-06-01T17:10:00Z,M01,OP07,SH-2026-06-01-M01-N,1714.9,71.97,83.12,98.32,375.1,229.3,72.36,14.47,76.13,28.14,0.482,1.06,-1.27,0.97,12.917324,79.128754,true,false,,false,
1192,2026-06-01T17:11:00Z,M01,OP07,SH-2026-06-01-M01-N,1739.6,69.5,83.14,97.94,381.8,260.8,72.34,14.61,76.06,28.3,0.407,1.22,-0.4,-0.04,12.917275,79.12893,true,false,,false,
1193,2026-06-01T17:12:00Z,M01,OP07,SH-2026-06-01-M01-N,1739.0,66.23,83.11,97.73,378.1,271.2,72.25,14.55,75.99,28.35,0.342,0.17,0.47,-1.29,12.917267,79.128959,true,false,,false,
1194,2026-06-01T17:13:00Z,M01,OP07,SH-2026-06-01-M01-N,1679.0,64.55,83.0,97.68,389.7,282.6,72.23,14.05,75.92,28.34,0.364,0.0,-1.33,-0.06,12.917252,79.128985,true,false,,false,
1195,2026-06-01T17:14:00Z,M01,OP07,SH-2026-06-01-M01-N,1662.5,63.09,83.04,98.1,359.2,324.1,72.14,13.84,75.86,28.24,0.334,0.48,-0.41,0.72,12.917251,79.129057,true,false,,false,
1196,2026-06-01T17:15:00Z,M01,OP07,SH-2026-06-01-M01-N,1663.0,60.53,82.77,98.11,357.3,241.8,72.16,14.53,75.79,28.18,0.347,0.47,-0.16,0.71,12.917281,79.129121,true,false,,false,
1197,2026-06-01T17:16:00Z,M01,OP07,SH-2026-06-01-M01-N,1678.9,63.93,82.68,98.04,345.6,229.1,72.0,14.83,75.72,28.06,0.39,0.12,0.78,-0.28,12.917279,79.129151,true,false,,false,
1198,2026-06-01T17:17:00Z,M01,OP07,SH-2026-06-01-M01-N,1654.5,61.56,82.3,97.66,351.8,244.9,71.81,14.71,75.65,27.87,0.371,0.72,0.56,0.8,12.917239,79.129251,true,false,,false,
1199,2026-06-01T17:18:00Z,M01,OP07,SH-2026-06-01-M01-N,1600.9,59.7,82.4,97.35,355.1,282.3,71.55,14.31,75.58,27.91,0.334,1.12,-0.18,-0.08,12.917175,79.129407,true,false,,false,
1200,2026-06-01T17:19:00Z,M01,OP07,SH-2026-06-01-M01-N,1574.3,58.82,82.5,97.93,366.1,224.2,71.44,15.05,75.51,27.87,0.359,0.8,0.31,-0.04,12.917066,79.129458,true,false,,false,
1201,2026-06-01T17:20:00Z,M01,OP07,SH-2026-06-01-M01-N,1634.3,59.42,82.52,97.68,381.1,247.1,71.26,15.15,75.43,27.98,0.36,0.2,0.75,-1.45,12.917036,79.129464,true,false,,false,
1202,2026-06-01T17:21:00Z,M01,OP07,SH-2026-06-01-M01-N,1641.3,62.96,82.44,97.3,380.5,270.5,71.05,16.01,75.36,28.01,0.401,1.29,0.12,-0.56,12.916864,79.129554,true,false,,false,
1203,2026-06-01T17:22:00Z,M01,OP07,SH-2026-06-01-M01-N,1693.5,61.75,82.45,97.07,386.1,215.1,71.07,15.99,75.28,27.96,0.411,1.5,-1.06,0.03,12.916692,79.129699,true,false,,false,
1204,2026-06-01T17:23:00Z,M01,OP07,SH-2026-06-01-M01-N,1721.5,61.24,82.57,96.89,402.3,242.0,71.01,15.34,75.21,27.95,0.412,1.5,0.64,1.18,12.916541,79.129867,true,false,,false,
1205,2026-06-01T17:24:00Z,M01,OP07,SH-2026-06-01-M01-N,1761.7,62.46,82.47,96.65,399.5,237.0,70.98,15.36,75.13,28.07,0.433,1.64,0.72,0.94,12.916398,79.130067,true,false,,false,
1206,2026-06-01T17:25:00Z,M01,OP07,SH-2026-06-01-M01-N,1730.5,62.23,82.39,96.26,412.1,291.5,70.9,15.69,75.06,28.11,0.449,1.53,-0.48,-0.83,12.916277,79.130263,true,false,,false,
1207,2026-06-01T17:26:00Z,M01,OP07,SH-2026-06-01-M01-N,1793.6,65.4,82.36,96.23,404.8,257.6,70.75,16.05,74.98,28.05,0.398,1.35,0.06,2.45,12.916215,79.130456,true,false,,false,
1208,2026-06-01T17:27:00Z,M01,OP07,SH-2026-06-01-M01-N,1814.6,60.62,82.71,96.6,408.5,190.5,70.72,16.16,74.9,28.13,0.357,1.18,-0.45,1.0,12.916179,79.130629,true,false,,false,
1209,2026-06-01T17:28:00Z,M01,OP07,SH-2026-06-01-M01-N,1831.4,59.79,82.65,96.76,409.8,197.0,70.56,15.22,74.83,27.94,0.309,0.92,0.38,0.72,12.916166,79.130767,true,false,,false,
1210,2026-06-01T17:29:00Z,M01,OP07,SH-2026-06-01-M01-N,1819.7,65.89,82.62,96.36,408.2,198.5,70.5,15.66,74.75,27.87,0.284,1.22,-0.66,-0.57,12.916211,79.130945,true,false,,false,
1211,2026-06-01T17:30:00Z,M01,OP07,SH-2026-06-01-M01-N,1859.4,65.91,82.56,96.88,387.7,222.8,70.43,15.69,74.68,27.8,0.312,0.68,-1.95,-0.01,12.916269,79.131029,true,false,,false,
1212,2026-06-01T17:31:00Z,M01,OP07,SH-2026-06-01-M01-N,1840.0,65.3,82.78,96.97,364.0,244.1,70.54,15.55,74.6,27.84,0.372,0.72,-1.01,0.21,12.91637,79.131068,true,false,,false,
1213,2026-06-01T17:32:00Z,M01,OP07,SH-2026-06-01-M01-N,1868.5,70.25,82.85,96.97,350.1,218.9,70.5,15.7,74.53,27.85,0.357,0.93,-0.85,1.28,12.916509,79.131076,true,false,,false,
1214,2026-06-01T17:33:00Z,M01,OP07,SH-2026-06-01-M01-N,1844.7,69.8,82.76,97.23,347.3,209.8,70.68,15.83,74.45,28.01,0.295,1.15,-1.74,2.54,12.916682,79.131064,true,false,,false,
1215,2026-06-01T17:34:00Z,M01,OP07,SH-2026-06-01-M01-N,1842.3,70.24,82.99,97.45,329.9,240.3,70.76,15.8,74.37,28.07,0.359,1.56,-1.21,2.52,12.916914,79.131095,true,false,,false,
1216,2026-06-01T17:35:00Z,M01,OP07,SH-2026-06-01-M01-N,1809.3,68.61,83.37,97.95,317.3,222.6,70.86,15.89,74.3,28.07,0.363,1.58,-0.92,2.56,12.917132,79.13119,true,false,,false,
1217,2026-06-01T17:36:00Z,M01,OP07,SH-2026-06-01-M01-N,1829.6,70.59,83.82,98.43,322.4,273.0,71.04,15.95,74.22,27.95,0.35,1.44,-0.43,2.1,12.917321,79.131295,true,false,,false,
1218,2026-06-01T17:37:00Z,M01,OP07,SH-2026-06-01-M01-N,1863.5,67.69,84.24,98.49,319.3,282.7,71.12,15.72,74.14,27.91,0.36,2.32,-0.11,1.96,12.91763,79.131456,true,false,,false,
1219,2026-06-01T17:38:00Z,M01,OP07,SH-2026-06-01-M01-N,1827.3,63.24,84.1,97.9,310.8,233.0,70.94,14.65,74.07,28.03,0.297,1.1,1.46,0.79,12.917791,79.131496,true,false,,false,
1220,2026-06-01T17:39:00Z,M01,OP07,SH-2026-06-01-M01-N,1836.9,55.57,84.04,97.67,317.5,180.1,70.78,14.09,74.0,28.15,0.302,0.75,-1.05,0.41,12.917902,79.131481,true,false,,false,
1221,2026-06-01T17:40:00Z,M01,OP07,SH-2026-06-01-M01-N,1879.6,58.63,84.11,97.72,299.8,243.8,70.74,13.96,73.93,28.18,0.304,1.08,-0.79,0.44,12.918043,79.131561,true,false,,false,
1222,2026-06-01T17:41:00Z,M01,OP07,SH-2026-06-01-M01-N,1885.2,57.74,84.14,98.03,304.6,264.5,70.45,14.02,73.86,28.03,0.302,0.9,0.93,0.97,12.91816,79.131628,true,false,,false,
1223,2026-06-01T17:42:00Z,M01,OP07,SH-2026-06-01-M01-N,1885.4,52.03,83.96,98.13,283.2,246.3,70.37,14.17,73.79,28.07,0.29,1.23,1.17,0.99,12.918339,79.131676,true,false,,false,
1224,2026-06-01T17:43:00Z,M01,OP07,SH-2026-06-01-M01-N,1864.1,53.33,83.52,98.7,284.7,196.8,70.32,14.63,73.73,28.02,0.277,0.98,0.69,-0.58,12.918447,79.131776,true,false,,false,
1225,2026-06-01T17:44:00Z,M01,OP07,SH-2026-06-01-M01-N,1809.2,53.6,83.26,99.29,275.6,244.2,70.05,15.17,73.65,28.03,0.315,1.33,-0.11,-0.7,12.91863,79.131855,true,false,,false,
1226,2026-06-01T17:45:00Z,M01,OP07,SH-2026-06-01-M01-N,1799.1,56.89,83.12,98.59,278.7,268.0,69.96,14.65,73.58,28.05,0.346,1.48,-0.41,-1.38,12.91885,79.131875,true,false,,false,
1227,2026-06-01T17:46:00Z,M01,OP07,SH-2026-06-01-M01-N,1810.5,50.54,82.98,98.58,292.7,238.7,69.87,15.17,73.51,28.04,0.395,1.29,-0.11,-0.3,12.919041,79.13184,true,false,,false,
1228,2026-06-01T17:47:00Z,M01,OP07,SH-2026-06-01-M01-N,1794.4,55.22,83.03,97.83,296.3,306.1,69.83,15.3,73.44,28.08,0.377,0.77,1.21,2.4,12.919156,79.131824,true,false,,false,
1229,2026-06-01T17:48:00Z,M01,OP07,SH-2026-06-01-M01-N,1816.7,58.39,83.08,97.23,304.3,237.4,69.69,15.46,73.36,28.12,0.373,1.5,1.1,1.16,12.91938,79.131835,true,false,,false,
1230,2026-06-01T17:49:00Z,M01,OP07,SH-2026-06-01-M01-N,1770.1,56.11,83.05,96.84,329.0,262.6,69.57,15.64,73.29,28.1,0.334,1.49,1.29,1.94,12.919585,79.131926,true,false,,false,
1231,2026-06-01T17:50:00Z,M01,OP07,SH-2026-06-01-M01-N,1820.6,56.17,82.64,96.48,335.8,180.7,69.48,15.59,73.21,27.98,0.314,2.06,0.2,2.08,12.919793,79.132155,true,false,,false,
1232,2026-06-01T17:51:00Z,M01,OP07,SH-2026-06-01-M01-N,1811.5,63.0,82.31,97.0,324.6,220.4,69.45,15.55,73.14,27.92,0.289,0.7,-0.02,1.6,12.919727,79.132073,true,false,,false,
1233,2026-06-01T17:52:00Z,M01,OP07,SH-2026-06-01-M01-N,1794.9,65.09,81.93,97.0,316.3,208.7,69.55,16.03,73.06,27.9,0.297,1.43,-0.48,-0.09,12.91966,79.13187,true,false,,false,
1234,2026-06-01T17:53:00Z,M01,OP07,SH-2026-06-01-M01-N,1777.7,60.44,81.7,96.83,309.3,186.2,69.59,15.82,72.99,27.99,0.275,2.03,0.07,-0.8,12.919589,79.131573,true,false,,false,
1235,2026-06-01T17:54:00Z,M01,OP07,SH-2026-06-01-M01-N,1784.3,58.83,82.01,97.0,290.9,226.8,69.61,16.49,72.91,28.03,0.291,1.45,-0.65,-0.23,12.91945,79.131407,true,false,,false,
1236,2026-06-01T17:55:00Z,M01,OP07,SH-2026-06-01-M01-N,1785.5,59.32,82.25,96.87,279.1,229.6,69.57,16.23,72.83,28.1,0.305,1.25,-0.18,-0.19,12.919289,79.131311,true,false,,false,
1237,2026-06-01T17:56:00Z,M01,OP07,SH-2026-06-01-M01-N,1810.3,55.48,82.09,97.01,297.8,233.4,69.48,16.37,72.75,28.06,0.308,2.11,-1.59,1.0,12.919019,79.131144,true,false,,false,
1238,2026-06-01T17:57:00Z,M01,OP07,SH-2026-06-01-M01-N,1844.3,55.3,82.29,97.23,286.5,193.1,69.57,17.0,72.67,28.09,0.374,2.69,-0.12,1.1,12.918634,79.131025,true,false,,false,
1239,2026-06-01T17:58:00Z,M01,OP07,SH-2026-06-01-M01-N,1862.2,63.38,82.89,97.65,298.3,221.9,69.43,16.84,72.59,28.11,0.334,2.41,0.46,-0.81,12.918381,79.130766,true,false,,false,
1240,2026-06-01T17:59:00Z,M01,OP07,SH-2026-06-01-M01-N,1841.0,63.52,83.29,97.92,301.5,230.2,69.32,16.85,72.51,28.2,0.331,1.92,-0.94,-2.28,12.918213,79.130532,true,false,,false,
1241,2026-06-01T18:00:00Z,M01,OP07,SH-2026-06-01-M01-N,1809.7,64.68,83.9,98.14,306.6,189.4,69.46,16.72,72.43,28.24,0.39,1.3,-0.28,-0.18,12.918072,79.130396,true,false,,false,
1242,2026-06-01T18:01:00Z,M01,OP07,SH-2026-06-01-M01-N,1836.9,62.06,84.39,98.6,301.0,204.0,69.49,16.6,72.35,28.13,0.377,1.18,-0.98,-0.77,12.917943,79.130275,true,false,,false,
1243,2026-06-01T18:02:00Z,M01,OP07,SH-2026-06-01-M01-N,1880.5,62.1,84.65,99.36,317.0,183.8,69.42,16.41,72.27,28.08,0.35,1.92,0.47,-0.23,12.917905,79.129989,true,false,,false,
1244,2026-06-01T18:03:00Z,M01,OP07,SH-2026-06-01-M01-N,1853.1,62.97,84.29,99.39,319.2,171.9,69.55,16.56,72.19,27.9,0.388,1.26,0.19,0.26,12.91791,79.1298,true,false,,false,
1245,2026-06-01T18:04:00Z,M01,OP07,SH-2026-06-01-M01-N,1880.3,60.78,84.01,99.5,306.7,198.0,69.65,16.55,72.11,27.85,0.409,1.01,-1.35,1.34,12.917908,79.129648,true,false,,false,
1246,2026-06-01T18:05:00Z,M01,OP07,SH-2026-06-01-M01-N,1747.6,50.0,83.8,99.57,279.6,80.2,69.54,11.57,72.03,27.78,0.38,2.75,-1.76,0.59,12.918018,79.12925,true,false,,false,
1247,2026-06-01T18:06:00Z,M01,OP07,SH-2026-06-01-M01-N,1746.1,47.11,83.43,98.85,294.9,50.3,69.39,10.54,71.97,27.73,0.354,3.18,0.55,1.17,12.918137,79.128787,true,false,,false,
1248,2026-06-01T18:07:00Z,M01,OP07,SH-2026-06-01-M01-N,1731.2,44.2,83.42,98.12,290.5,39.8,69.12,10.28,71.92,27.75,0.344,2.66,0.18,1.17,12.918337,79.12844,true,false,,false,
1249,2026-06-01T18:08:00Z,M01,OP07,SH-2026-06-01-M01-N,1791.8,42.66,83.09,97.95,313.5,38.7,68.96,10.27,71.87,27.78,0.345,3.1,0.43,-1.07,12.918547,79.128024,true,false,,false,
1250,2026-06-01T18:09:00Z,M01,OP07,SH-2026-06-01-M01-N,1798.5,42.46,82.94,97.36,308.8,34.9,68.77,10.27,71.82,27.71,0.39,3.45,1.5,0.13,12.918962,79.127715,true,false,,false,
1251,2026-06-01T18:10:00Z,M01,OP07,SH-2026-06-01-M01-N,1813.8,38.38,83.13,96.92,322.9,35.9,68.6,10.54,71.77,27.7,0.425,3.82,0.99,-0.99,12.919417,79.127366,true,false,,false,
1252,2026-06-01T18:11:00Z,M01,OP07,SH-2026-06-01-M01-N,1908.7,51.1,83.6,97.54,350.7,128.5,68.55,15.33,71.72,27.84,0.395,1.82,1.87,2.06,12.919551,79.127128,true,false,,false,
1253,2026-06-01T18:12:00Z,M01,OP07,SH-2026-06-01-M01-N,1961.9,53.91,83.79,97.93,351.8,157.9,68.5,16.5,71.65,27.83,0.353,1.14,1.89,1.6,12.919614,79.126969,true,false,,false,
1254,2026-06-01T18:13:00Z,M01,OP07,SH-2026-06-01-M01-N,1972.8,52.68,84.2,98.81,355.2,202.1,68.4,16.77,71.57,27.78,0.313,1.12,-0.7,1.41,12.919692,79.12682,true,false,,false,
1255,2026-06-01T18:14:00Z,M01,OP07,SH-2026-06-01-M01-N,1983.6,52.89,84.62,98.82,379.2,211.9,68.45,17.49,71.49,27.75,0.279,1.31,-0.39,1.65,12.919592,79.12665,true,false,,false,
1256,2026-06-01T18:15:00Z,M01,OP07,SH-2026-06-01-M01-N,1964.7,54.31,85.4,99.39,382.7,173.1,68.42,18.27,71.4,27.66,0.301,0.16,-0.33,2.02,12.919571,79.126629,true,false,,false,
1257,2026-06-01T18:16:00Z,M01,OP07,SH-2026-06-01-M01-N,1977.4,54.43,86.11,99.64,352.8,146.9,68.27,19.14,71.31,27.77,0.3,0.72,-0.28,1.22,12.919494,79.126553,true,false,,false,
1258,2026-06-01T18:17:00Z,M01,OP07,SH-2026-06-01-M01-N,1989.1,58.57,86.82,100.14,341.7,166.8,68.17,18.78,71.22,27.84,0.304,1.17,-1.81,2.06,12.919398,79.126405,true,false,,false,
1259,2026-06-01T18:18:00Z,M01,OP07,SH-2026-06-01-M01-N,1993.1,49.27,87.14,100.35,327.5,227.2,68.2,18.12,71.13,27.98,0.316,1.17,1.15,2.21,12.919378,79.126579,true,false,,false,
1260,2026-06-01T18:19:00Z,M01,OP07,SH-2026-06-01-M01-N,2015.5,48.83,87.52,100.11,332.3,202.3,68.01,18.93,71.04,28.04,0.317,1.36,0.73,3.47,12.919394,79.126783,true,false,,false,
1261,2026-06-01T18:20:00Z,M01,OP07,SH-2026-06-01-M01-N,1995.6,50.65,87.68,100.61,335.6,206.9,68.15,18.97,70.95,28.18,0.347,1.85,0.08,2.62,12.919358,79.127059,true,false,,false,
1262,2026-06-01T18:21:00Z,M01,OP07,SH-2026-06-01-M01-N,1974.2,53.02,88.3,100.01,334.9,222.3,67.96,18.58,70.86,28.15,0.308,1.24,1.76,3.76,12.919308,79.127239,true,false,,false,
1263,2026-06-01T18:22:00Z,M01,OP07,SH-2026-06-01-M01-N,1964.7,62.6,88.94,99.74,349.7,208.8,67.8,19.18,70.77,28.09,0.306,1.45,0.51,4.54,12.919201,79.127427,true,false,,false,
1264,2026-06-01T18:23:00Z,M01,OP07,SH-2026-06-01-M01-N,1943.8,63.41,90.0,98.87,344.1,148.6,67.72,19.49,70.68,28.1,0.3,1.67,0.25,1.9,12.919245,79.127674,true,false,,false,
1265,2026-06-01T18:24:00Z,M01,OP07,SH-2026-06-01-M01-N,1950.1,65.75,90.83,99.21,342.9,215.7,67.91,20.02,70.58,28.26,0.359,1.7,2.25,2.95,12.919276,79.127927,true,false,,false,
1266,2026-06-01T18:25:00Z,M01,OP07,SH-2026-06-01-M01-N,1933.0,67.34,91.24,99.36,343.7,202.0,67.98,20.2,70.49,28.24,0.328,0.9,0.85,1.43,12.919282,79.128063,true,false,,false,
1267,2026-06-01T18:26:00Z,M01,OP07,SH-2026-06-01-M01-N,1264.1,26.88,90.4,97.18,241.7,76.6,67.69,8.23,70.39,27.8,0.196,0.0,1.07,1.38,12.919282,79.128063,true,true,,false,
1268,2026-06-01T18:27:00Z,M01,OP07,SH-2026-06-01-M01-N,1057.2,14.73,89.55,96.29,210.3,37.9,67.19,4.74,70.35,27.51,0.127,0.0,0.62,1.61,12.919282,79.128063,true,true,,false,
1269,2026-06-01T18:28:00Z,M01,OP07,SH-2026-06-01-M01-N,1005.2,13.82,89.29,94.59,193.1,17.3,66.81,3.92,70.33,27.45,0.138,0.0,0.26,1.74,12.919282,79.128063,true,true,,false,
1270,2026-06-01T18:29:00Z,M01,OP07,SH-2026-06-01-M01-N,984.7,12.77,88.52,93.23,178.7,25.5,66.36,3.85,70.31,27.47,0.145,0.0,0.53,1.45,12.919282,79.128063,true,true,,false,
1271,2026-06-01T18:30:00Z,M01,OP07,SH-2026-06-01-M01-N,1006.4,13.14,88.23,91.77,168.5,28.1,66.08,3.7,70.29,27.37,0.111,0.0,0.67,1.67,12.919282,79.128063,true,true,,false,
1272,2026-06-01T18:31:00Z,M01,OP07,SH-2026-06-01-M01-N,1006.3,10.63,88.35,90.91,173.2,24.4,65.6,3.6,70.27,27.31,0.127,0.0,0.48,1.6,12.919282,79.128063,true,true,,false,
1273,2026-06-01T18:32:00Z,M01,OP07,SH-2026-06-01-M01-N,981.1,12.21,88.16,90.26,196.1,23.2,65.04,3.12,70.25,27.27,0.101,0.0,0.48,1.94,12.919282,79.128063,true,true,,false,
1274,2026-06-01T18:33:00Z,M01,OP07,SH-2026-06-01-M01-N,1005.2,12.01,87.84,90.24,193.3,26.4,64.57,3.28,70.24,27.3,0.11,0.0,0.3,1.84,12.919282,79.128063,true,true,,false,
1275,2026-06-01T18:34:00Z,M01,OP07,SH-2026-06-01-M01-N,1672.7,51.76,88.71,91.57,293.2,170.6,64.45,13.05,70.22,27.43,0.26,0.67,0.75,0.2,12.919299,79.128163,true,false,,false,
1276,2026-06-01T18:35:00Z,M01,OP07,SH-2026-06-01-M01-N,1896.5,65.03,89.63,92.94,324.8,228.9,64.62,16.23,70.16,27.42,0.341,0.0,-0.03,1.41,12.919311,79.12819,true,false,,false,
1277,2026-06-01T18:36:00Z,M01,OP07,SH-2026-06-01-M01-N,1933.0,73.51,90.42,94.32,336.7,250.7,64.82,17.24,70.08,27.39,0.372,0.06,1.53,3.62,12.919311,79.12822,true,false,,false,
1278,2026-06-01T18:37:00Z,M01,OP07,SH-2026-06-01-M01-N,1940.4,73.48,90.99,95.67,342.6,214.2,64.99,17.99,70.0,27.26,0.386,0.48,0.29,1.71,12.919286,79.128287,true,false,,false,
1279,2026-06-01T18:38:00Z,M01,OP07,SH-2026-06-01-M01-N,1926.1,75.93,91.26,96.7,340.3,290.1,65.24,18.45,69.91,27.36,0.398,0.73,0.09,2.46,12.919258,79.128394,true,false,,false,
1280,2026-06-01T18:39:00Z,M01,OP07,SH-2026-06-01-M01-N,1892.1,72.45,91.81,98.29,345.1,220.6,65.33,18.25,69.82,27.32,0.441,1.36,1.77,3.01,12.919088,79.128507,true,false,,false,
1281,2026-06-01T18:40:00Z,M01,OP07,SH-2026-06-01-M01-N,1912.7,77.52,92.28,98.9,329.1,256.9,65.68,18.18,69.73,27.27,0.437,0.51,-0.36,1.7,12.919051,79.128574,true,false,,false,
1282,2026-06-01T18:41:00Z,M01,OP07,SH-2026-06-01-M01-N,1973.2,77.26,92.67,99.78,314.1,303.0,66.06,18.71,69.64,27.17,0.447,1.27,-1.21,-0.01,12.918921,79.128714,true,false,,false,
1283,2026-06-01T18:42:00Z,M01,OP07,SH-2026-06-01-M01-N,1972.4,77.14,92.79,100.11,316.2,253.8,66.4,18.21,69.55,27.18,0.488,1.71,0.51,1.39,12.918742,79.128896,true,false,,false,
1284,2026-06-01T18:43:00Z,M01,OP07,SH-2026-06-01-M01-N,1931.8,77.31,93.0,100.33,321.5,255.6,66.72,17.96,69.47,27.22,0.547,1.96,-0.77,2.42,12.918622,79.129165,true,false,,false,
1285,2026-06-01T18:44:00Z,M01,OP07,SH-2026-06-01-M01-N,1996.8,82.51,93.16,101.28,338.5,253.3,67.0,17.72,69.38,27.15,0.57,1.41,1.53,3.77,12.918568,79.129369,true,false,,false,
1286,2026-06-01T18:45:00Z,M01,OP07,SH-2026-06-01-M01-N,1948.8,77.81,93.37,101.74,346.7,208.6,67.36,17.02,69.29,27.17,0.601,1.28,1.37,2.35,12.918453,79.129523,true,false,,false,
1287,2026-06-01T18:46:00Z,M01,OP07,SH-2026-06-01-M01-N,1947.7,76.01,93.38,101.99,340.2,248.2,67.53,17.85,69.21,27.23,0.578,1.66,0.66,0.83,12.918403,79.129768,true,false,,false,
1288,2026-06-01T18:47:00Z,M01,OP07,SH-2026-06-01-M01-N,1895.3,73.02,93.57,102.29,331.3,269.1,67.86,17.64,69.13,27.32,0.585,1.82,1.08,2.85,12.918404,79.130042,true,false,,false,
1289,2026-06-01T18:48:00Z,M01,OP07,SH-2026-06-01-M01-N,1904.4,72.81,93.6,102.2,326.0,219.5,68.17,17.86,69.04,27.33,0.578,2.21,1.46,2.7,12.918614,79.130297,true,false,,false,
1290,2026-06-01T18:49:00Z,M01,OP07,SH-2026-06-01-M01-N,1897.2,79.53,93.15,101.91,322.7,238.9,68.47,17.17,68.95,27.37,0.581,2.42,1.05,3.48,12.918758,79.130631,true,false,,false,
1291,2026-06-01T18:50:00Z,M01,OP07,SH-2026-06-01-M01-N,1891.0,80.56,92.68,102.21,314.7,232.2,68.61,17.04,68.87,27.25,0.583,1.67,3.3,2.72,12.918941,79.130802,true,false,,false,
1292,2026-06-01T18:51:00Z,M01,OP07,SH-2026-06-01-M01-N,1880.7,82.02,92.81,101.85,313.2,252.6,68.86,17.15,68.79,27.23,0.603,1.29,2.85,1.81,12.918991,79.13099,true,false,,false,
1293,2026-06-01T18:52:00Z,M01,OP07,SH-2026-06-01-M01-N,1867.0,83.92,92.67,101.87,300.7,274.2,69.16,16.74,68.71,27.22,0.624,1.05,1.27,2.35,12.919023,79.131143,true,false,,false,
1294,2026-06-01T18:53:00Z,M01,OP07,SH-2026-06-01-M01-N,1871.5,85.12,92.47,101.66,298.7,212.1,69.5,17.45,68.63,27.22,0.673,2.27,1.75,1.2,12.919041,79.131484,true,false,,false,
1295,2026-06-01T18:54:00Z,M01,OP07,SH-2026-06-01-M01-N,1867.8,84.57,92.26,101.17,300.5,293.2,69.77,17.5,68.54,27.27,0.662,2.62,0.37,1.88,12.919121,79.131868,true,false,,false,
1296,2026-06-01T18:55:00Z,M01,OP07,SH-2026-06-01-M01-N,1875.5,86.59,91.83,101.11,305.7,279.8,70.06,17.39,68.46,27.19,0.652,1.58,1.41,2.29,12.919163,79.132102,true,false,,false,
1297,2026-06-01T18:56:00Z,M01,OP07,SH-2026-06-01-M01-N,1874.6,82.48,91.25,100.46,306.5,283.4,70.18,16.93,68.37,27.22,0.676,1.27,0.39,-0.66,12.919173,79.132293,true,false,,false,
1298,2026-06-01T18:57:00Z,M01,OP07,SH-2026-06-01-M01-N,1891.3,84.09,91.11,100.62,318.4,311.6,70.4,17.76,68.29,27.2,0.694,1.42,1.02,-0.72,12.919035,79.132131,true,false,,false,
1299,2026-06-01T18:58:00Z,M01,OP07,SH-2026-06-01-M01-N,1864.4,80.21,90.84,100.16,327.4,288.9,70.5,17.79,68.2,27.25,0.708,1.7,0.8,3.07,12.918807,79.132014,true,false,,false,
1300,2026-06-01T18:59:00Z,M01,OP07,SH-2026-06-01-M01-N,1858.4,81.22,90.71,100.14,308.1,282.2,70.64,17.88,68.12,27.25,0.661,1.7,1.19,2.94,12.918616,79.131846,true,false,,false,
1301,2026-06-01T19:00:00Z,M01,OP07,SH-2026-06-01-M01-N,1215.6,35.12,89.87,98.25,211.2,111.7,70.21,7.29,68.03,26.96,0.369,0.0,1.11,2.23,12.918616,79.131846,true,true,,false,
1302,2026-06-01T19:01:00Z,M01,OP07,SH-2026-06-01-M01-N,1031.3,21.38,89.24,96.64,172.4,61.9,69.75,4.49,68.0,26.83,0.234,0.0,0.81,2.0,12.918616,79.131846,true,true,,false,
1303,2026-06-01T19:02:00Z,M01,OP07,SH-2026-06-01-M01-N,923.5,16.96,89.24,95.33,160.3,40.0,69.07,3.7,67.98,26.78,0.232,0.0,0.93,1.82,12.918616,79.131846,true,true,,false,
1304,2026-06-01T19:03:00Z,M01,OP07,SH-2026-06-01-M01-N,921.7,15.35,88.85,93.71,164.7,41.3,68.41,3.61,67.96,26.86,0.154,0.0,0.74,1.89,12.918616,79.131846,true,true,,false,
1305,2026-06-01T19:04:00Z,M01,OP07,SH-2026-06-01-M01-N,1574.5,56.4,89.35,94.71,261.9,243.8,68.33,14.28,67.94,27.15,0.424,1.45,1.54,-0.03,12.918418,79.131756,true,false,,false,
1306,2026-06-01T19:05:00Z,M01,OP07,SH-2026-06-01-M01-N,1714.1,70.54,90.09,96.44,302.9,275.1,68.43,16.94,67.87,27.21,0.522,1.54,0.67,1.74,12.918187,79.131759,true,false,,false,
1307,2026-06-01T19:06:00Z,M01,OP07,SH-2026-06-01-M01-N,1615.6,61.94,90.4,96.35,279.4,131.5,68.46,12.4,67.79,27.34,0.511,3.32,1.11,2.63,12.917724,79.131945,true,false,,false,
1308,2026-06-01T19:07:00Z,M01,OP07,SH-2026-06-01-M01-N,1556.7,64.05,90.56,96.43,264.8,78.1,68.5,11.45,67.73,27.21,0.438,4.56,-0.01,1.08,12.917125,79.132276,true,false,,false,
1309,2026-06-01T19:08:00Z,M01,OP07,SH-2026-06-01-M01-N,1577.3,69.06,90.38,96.47,270.4,58.5,68.56,11.2,67.67,27.35,0.467,4.76,-0.83,1.73,12.917343,79.131595,true,false,,false,
1310,2026-06-01T19:09:00Z,M01,OP07,SH-2026-06-01-M01-N,1616.1,66.0,90.08,97.32,255.6,54.3,68.64,11.3,67.62,27.46,0.502,4.28,-0.76,1.28,12.917346,79.130953,true,false,,false,
1311,2026-06-01T19:10:00Z,M01,OP07,SH-2026-06-01-M01-N,1591.3,63.84,90.02,97.24,267.3,69.0,68.68,11.0,67.57,27.44,0.484,5.1,0.29,-0.74,12.917477,79.130198,true,false,,false,
1312,2026-06-01T19:11:00Z,M01,OP07,SH-2026-06-01-M01-N,1700.8,67.2,89.56,97.16,289.0,62.5,68.77,11.05,67.51,27.49,0.497,5.0,0.42,0.17,12.917492,79.129446,true,false,,false,
1313,2026-06-01T19:12:00Z,M01,OP07,SH-2026-06-01-M01-N,1653.0,63.78,89.3,96.56,289.4,53.6,69.01,10.87,67.46,27.58,0.504,4.15,1.68,1.18,12.917492,79.128824,true,false,,false,
1314,2026-06-01T19:13:00Z,M01,OP07,SH-2026-06-01-M01-N,1680.9,67.44,88.83,96.57,295.5,65.8,69.1,11.26,67.41,27.68,0.539,5.2,0.97,-0.61,12.917563,79.128046,true,false,,false,
1315,2026-06-01T19:14:00Z,M01,OP07,SH-2026-06-01-M01-N,1708.1,66.37,88.96,96.83,300.8,53.8,69.17,11.2,67.35,27.66,0.511,4.89,2.95,-0.24,12.917341,79.127347,true,false,,false,
1316,2026-06-01T19:15:00Z,M01,OP07,SH-2026-06-01-M01-N,1725.1,61.63,88.74,96.64,292.6,51.6,69.25,11.6,67.3,27.65,0.542,4.78,0.65,0.66,12.91696,79.126738,true,false,,false,
1317,2026-06-01T19:16:00Z,M01,OP07,SH-2026-06-01-M01-N,1850.4,76.77,88.48,97.5,299.7,227.2,69.47,17.77,67.24,27.7,0.646,1.93,0.12,1.8,12.916972,79.126449,true,false,,false,
1318,2026-06-01T19:17:00Z,M01,OP07,SH-2026-06-01-M01-N,1930.5,81.96,88.1,98.31,321.1,253.1,69.63,19.42,67.16,27.64,0.683,1.24,0.84,3.15,12.917091,79.126592,true,false,,false,
1319,2026-06-01T19:18:00Z,M01,OP07,SH-2026-06-01-M01-N,1906.6,81.07,88.22,98.78,321.0,266.9,69.76,19.65,67.06,27.42,0.707,0.97,2.56,4.28,12.917087,79.126737,true,false,,false,
1320,2026-06-01T19:19:00Z,M01,OP07,SH-2026-06-01-M01-N,1893.9,80.31,88.08,99.39,315.6,276.8,69.72,19.98,66.97,27.42,0.696,1.01,1.3,5.81,12.917016,79.12687,true,false,,false,
1321,2026-06-01T19:20:00Z,M01,OP07,SH-2026-06-01-M01-N,1896.9,80.26,87.94,100.15,326.5,268.0,70.03,19.64,66.87,27.37,0.686,0.69,0.33,5.16,12.916962,79.126959,true,false,,false,
1322,2026-06-01T19:21:00Z,M01,OP07,SH-2026-06-01-M01-N,1909.4,73.9,87.9,100.43,324.3,306.6,70.18,19.45,66.78,27.36,0.651,0.61,0.52,4.22,12.916885,79.12701,true,false,,false,
1323,2026-06-01T19:22:00Z,M01,OP07,SH-2026-06-01-M01-N,1907.1,71.29,88.39,100.68,318.3,296.4,70.2,19.45,66.68,27.28,0.689,0.41,0.2,3.55,12.916842,79.127054,true,false,,false,
1324,2026-06-01T19:23:00Z,M01,OP07,SH-2026-06-01-M01-N,1919.8,71.89,88.28,101.03,323.4,292.6,70.3,19.3,66.59,27.34,0.718,0.28,0.89,3.16,12.916816,79.127086,true,false,,false,
1325,2026-06-01T19:24:00Z,M01,OP07,SH-2026-06-01-M01-N,1901.9,65.94,88.67,101.02,339.5,298.4,70.23,19.24,66.49,27.35,0.687,0.0,1.11,3.14,12.916797,79.127109,true,false,,false,
1326,2026-06-01T19:25:00Z,M01,OP07,SH-2026-06-01-M01-N,1908.3,67.8,88.62,101.19,352.8,307.1,70.19,19.49,66.4,27.37,0.661,0.0,0.78,3.53,12.916768,79.127116,true,false,,false,
1327,2026-06-01T19:26:00Z,M01,OP07,SH-2026-06-01-M01-N,1920.2,69.1,88.99,101.07,348.4,297.4,70.1,19.62,66.31,27.38,0.707,0.0,0.39,5.68,12.916744,79.127135,true,false,,false,
1328,2026-06-01T19:27:00Z,M01,OP07,SH-2026-06-01-M01-N,1878.8,68.25,88.7,100.97,332.7,284.6,70.19,20.02,66.21,27.47,0.688,0.0,1.28,4.39,12.916719,79.127151,true,false,,false,
1329,2026-06-01T19:28:00Z,M01,OP07,SH-2026-06-01-M01-N,1853.1,67.24,88.87,100.45,330.9,322.6,70.17,20.32,66.12,27.52,0.657,0.0,1.68,3.7,12.916689,79.127155,true,false,,false,
1330,2026-06-01T19:29:00Z,M01,OP07,SH-2026-06-01-M01-N,1812.5,73.54,89.34,100.03,351.0,299.3,70.34,19.67,66.02,27.6,0.667,0.27,-0.08,4.96,12.916651,79.12717,true,false,,false,
1331,2026-06-01T19:30:00Z,M01,OP07,SH-2026-06-01-M01-N,1784.6,76.95,90.32,99.61,349.7,332.0,70.29,19.93,65.92,27.58,0.682,0.08,0.16,3.76,12.916626,79.127186,true,false,,false,
1332,2026-06-01T19:31:00Z,M01,OP07,SH-2026-06-01-M01-N,1783.1,77.64,90.36,98.88,357.1,325.6,70.61,19.19,65.83,27.51,0.653,1.37,1.81,4.26,12.916453,79.127297,true,false,,false,
1333,2026-06-01T19:32:00Z,M01,OP07,SH-2026-06-01-M01-N,1785.4,78.58,90.38,98.62,348.3,327.9,70.91,18.76,65.73,27.41,0.637,1.34,0.39,3.42,12.916283,79.127404,true,false,,false,
1334,2026-06-01T19:33:00Z,M01,OP07,SH-2026-06-01-M01-N,1848.9,81.93,89.93,98.13,353.8,355.4,71.1,18.54,65.64,27.29,0.672,0.46,-0.38,3.26,12.916231,79.12745,true,false,,false,
1335,2026-06-01T19:34:00Z,M01,OP07,SH-2026-06-01-M01-N,1811.4,79.3,89.35,98.03,351.6,279.8,71.25,18.59,65.55,27.28,0.679,0.42,1.05,4.19,12.916171,79.127473,true,false,,false,
1336,2026-06-01T19:35:00Z,M01,OP07,SH-2026-06-01-M01-N,1805.4,79.58,89.0,98.1,360.7,317.0,71.4,18.85,65.46,27.24,0.665,0.48,0.97,4.84,12.916102,79.127493,true,false,,false,
1337,2026-06-01T19:36:00Z,M01,OP07,SH-2026-06-01-M01-N,1741.2,76.14,88.42,97.68,361.1,266.7,71.49,18.56,65.37,27.23,0.602,0.21,2.86,3.64,12.91607,79.127497,true,false,,false,
1338,2026-06-01T19:37:00Z,M01,OP07,SH-2026-06-01-M01-N,1780.9,71.08,88.07,97.91,345.9,297.9,71.64,19.27,65.28,27.2,0.576,0.43,1.14,4.71,12.916006,79.127502,true,false,,false,
1339,2026-06-01T19:38:00Z,M01,OP07,SH-2026-06-01-M01-N,1741.9,70.34,87.4,97.6,341.8,308.9,71.71,18.95,65.19,27.2,0.547,0.31,1.53,2.72,12.916052,79.12751,true,false,,false,
1340,2026-06-01T19:39:00Z,M01,OP07,SH-2026-06-01-M01-N,1101.1,23.06,86.07,96.23,244.6,122.0,71.15,7.93,65.1,26.94,0.289,0.0,1.54,3.33,12.916052,79.12751,true,true,,false,
1341,2026-06-01T19:40:00Z,M01,OP07,SH-2026-06-01-M01-N,949.5,12.92,85.21,94.83,217.7,58.8,70.6,4.92,65.06,26.87,0.189,0.0,1.15,3.54,12.916052,79.12751,true,true,,false,
1342,2026-06-01T19:41:00Z,M01,OP07,SH-2026-06-01-M01-N,907.8,7.45,84.77,93.54,204.9,48.6,69.89,4.38,65.04,26.79,0.181,0.0,1.29,3.93,12.916052,79.12751,true,true,,false,
1343,2026-06-01T19:42:00Z,M01,OP07,SH-2026-06-01-M01-N,859.3,9.42,84.05,92.69,191.1,39.1,69.32,3.79,65.02,26.83,0.16,0.0,1.22,4.01,12.916052,79.12751,true,true,,false,
1344,2026-06-01T19:43:00Z,M01,OP07,SH-2026-06-01-M01-N,1491.6,47.92,84.2,93.77,293.3,220.6,69.08,14.46,65.0,27.09,0.483,1.09,0.85,3.83,12.916215,79.127507,true,false,,false,
1345,2026-06-01T19:44:00Z,M01,OP07,SH-2026-06-01-M01-N,1691.4,61.47,84.76,94.88,320.2,224.6,69.02,18.03,64.93,27.17,0.519,1.1,-0.26,2.84,12.916365,79.127437,true,false,,false,
1346,2026-06-01T19:45:00Z,M01,OP07,SH-2026-06-01-M01-N,1699.7,71.16,84.62,95.25,320.6,260.7,69.08,19.8,64.84,27.16,0.542,0.97,-0.02,4.05,12.916503,79.12739,true,false,,false,
1347,2026-06-01T19:46:00Z,M01,OP07,SH-2026-06-01-M01-N,1710.8,70.67,84.93,95.94,339.3,285.3,69.21,19.95,64.74,27.22,0.59,1.63,-1.2,3.83,12.916726,79.12729,true,false,,false,
1348,2026-06-01T19:47:00Z,M01,OP07,SH-2026-06-01-M01-N,1712.5,74.83,84.99,96.0,353.6,252.5,69.35,19.78,64.65,27.33,0.605,1.62,-1.03,3.15,12.916962,79.127231,true,false,,false,
1349,2026-06-01T19:48:00Z,M01,OP07,SH-2026-06-01-M01-N,1671.1,79.0,85.43,95.94,348.7,271.4,69.36,19.57,64.55,27.37,0.605,0.88,0.0,4.76,12.917092,79.127213,true,false,,false,
1350,2026-06-01T19:49:00Z,M01,OP07,SH-2026-06-01-M01-N,1693.7,71.03,85.77,96.55,329.2,260.4,69.52,20.14,64.46,27.31,0.612,0.08,0.74,5.68,12.917121,79.127204,true,false,,false,
1351,2026-06-01T19:50:00Z,M01,OP07,SH-2026-06-01-M01-N,1672.3,65.87,85.99,96.48,335.1,299.1,69.52,20.57,64.36,27.38,0.576,0.44,0.72,6.11,12.917185,79.12719,true,false,,false,
1352,2026-06-01T19:51:00Z,M01,OP07,SH-2026-06-01-M01-N,1689.6,66.32,86.06,96.01,331.0,280.0,69.66,20.28,64.26,27.33,0.609,0.0,0.87,5.32,12.917214,79.127183,true,false,,false,
1353,2026-06-01T19:52:00Z,M01,OP07,SH-2026-06-01-M01-N,1697.6,68.23,86.44,96.33,328.2,318.0,69.85,19.77,64.16,27.35,0.566,0.06,1.19,5.4,12.917244,79.12719,true,false,,false,
1354,2026-06-01T19:53:00Z,M01,OP07,SH-2026-06-01-M01-N,1706.1,72.65,86.7,96.67,345.0,313.8,69.97,19.0,64.07,27.38,0.608,0.49,1.83,4.15,12.917315,79.127211,true,false,,false,
1355,2026-06-01T19:54:00Z,M01,OP07,SH-2026-06-01-M01-N,1734.2,75.19,86.97,96.74,343.9,276.4,70.16,18.03,63.98,27.38,0.596,0.5,1.7,2.86,12.917388,79.127225,false,false,,false,
1356,2026-06-01T19:55:00Z,M01,OP07,SH-2026-06-01-M01-N,1787.5,80.18,87.66,97.01,335.5,350.8,70.33,17.45,63.89,27.32,0.65,0.39,1.04,2.73,12.917435,79.12726,false,false,,false,
1357,2026-06-01T19:56:00Z,M01,OP07,SH-2026-06-01-M01-N,1829.1,81.44,87.98,97.11,332.9,325.9,70.52,16.59,63.8,27.33,0.604,0.54,-0.39,2.06,12.917512,79.127285,false,false,,false,
1358,2026-06-01T19:57:00Z,M01,OP07,SH-2026-06-01-M01-N,1820.8,77.66,87.94,97.58,342.5,319.3,70.54,16.43,63.72,27.31,0.623,0.0,-0.47,3.04,12.91754,79.127295,false,false,,false,
1359,2026-06-01T19:58:00Z,M01,OP07,SH-2026-06-01-M01-N,1817.0,83.39,88.32,97.79,352.0,341.8,70.77,16.34,63.65,27.23,0.652,0.0,0.45,2.77,12.917562,79.127316,true,false,,false,
1360,2026-06-01T19:59:00Z,M01,OP07,SH-2026-06-01-M01-N,1774.1,78.19,88.17,98.03,366.1,290.2,71.08,16.61,63.57,27.29,0.624,0.0,1.53,2.88,12.917588,79.12733,true,false,,false,
1361,2026-06-01T20:00:00Z,M01,OP07,SH-2026-06-01-M01-N,1766.9,76.74,88.53,99.05,359.6,317.6,71.08,16.87,63.49,27.45,0.651,0.0,2.57,2.8,12.917618,79.127327,true,false,,false,
1362,2026-06-01T20:01:00Z,M01,OP07,SH-2026-06-01-M01-N,1703.9,80.19,88.45,99.44,352.5,369.4,71.11,16.37,63.4,27.3,0.654,0.0,2.28,1.72,12.917647,79.127334,true,false,,false,
1363,2026-06-01T20:02:00Z,M01,OP07,SH-2026-06-01-M01-N,1676.4,81.31,88.55,100.46,362.4,314.4,71.33,17.17,63.33,27.19,0.605,0.4,0.52,3.56,12.91769,79.127375,true,false,,false,
1364,2026-06-01T20:03:00Z,M01,OP07,SH-2026-06-01-M01-N,1704.6,79.54,88.73,100.18,365.9,324.8,71.25,16.97,63.24,27.23,0.563,0.28,-0.19,4.59,12.917728,79.127394,true,false,,false,
1365,2026-06-01T20:04:00Z,M01,OP07,SH-2026-06-01-M01-N,1690.2,71.21,89.18,100.74,372.0,293.7,71.34,16.45,63.16,27.24,0.484,0.66,-0.05,2.64,12.917772,79.127482,true,false,,false,
1366,2026-06-01T20:05:00Z,M01,OP07,SH-2026-06-01-M01-N,1719.2,67.64,89.19,101.13,362.5,292.7,71.31,16.77,63.08,27.24,0.463,0.84,-0.55,3.75,12.917829,79.127594,true,false,,false,
1367,2026-06-01T20:06:00Z,M01,OP07,SH-2026-06-01-M01-N,1705.6,72.07,88.7,101.15,352.8,311.5,71.41,16.58,63.0,27.35,0.439,1.01,1.35,5.61,12.917913,79.127721,true,false,,false,
1368,2026-06-01T20:07:00Z,M01,OP07,SH-2026-06-01-M01-N,1593.6,58.69,87.98,101.01,316.1,131.5,71.2,11.74,62.92,27.3,0.451,1.63,1.17,3.66,12.918002,79.127948,true,false,,false,
1369,2026-06-01T20:08:00Z,M01,OP07,SH-2026-06-01-M01-N,1562.1,57.83,87.86,100.72,315.9,72.5,71.15,10.61,62.86,27.37,0.411,2.78,1.03,0.32,12.918242,79.12829,true,false,,false,
1370,2026-06-01T20:09:00Z,M01,OP07,SH-2026-06-01-M01-N,1538.6,49.67,87.74,100.45,328.0,54.6,71.22,10.18,62.81,27.41,0.412,2.51,-0.21,-1.61,12.918259,79.128666,true,false,,false,
1371,2026-06-01T20:10:00Z,M01,OP07,SH-2026-06-01-M01-N,1581.0,46.47,87.4,99.47,317.4,59.8,71.11,9.7,62.76,27.48,0.37,3.42,-0.23,-2.5,12.918405,79.129159,true,false,,false,
1372,2026-06-01T20:11:00Z,M01,OP07,SH-2026-06-01-M01-N,1600.8,48.08,87.38,98.84,307.3,49.5,70.96,9.61,62.72,27.4,0.341,2.29,1.83,-3.12,12.918456,79.129499,true,false,,false,
1373,2026-06-01T20:12:00Z,M01,OP07,SH-2026-06-01-M01-N,1643.0,49.51,87.36,98.22,304.9,50.4,70.7,9.76,62.67,27.31,0.386,1.93,2.15,-1.15,12.918644,79.129719,true,false,,false,
1374,2026-06-01T20:13:00Z,M01,OP07,SH-2026-06-01-M01-N,1689.5,51.23,87.22,97.85,301.9,30.9,70.54,9.42,62.62,27.36,0.406,2.7,0.59,0.17,12.918879,79.130049,true,false,,false,
1375,2026-06-01T20:14:00Z,M01,OP07,SH-2026-06-01-M01-N,1682.3,52.74,87.29,97.33,321.8,42.5,70.43,9.7,62.58,27.35,0.426,2.11,-0.91,-0.68,12.919091,79.130285,true,false,,false,
1376,2026-06-01T20:15:00Z,M01,OP07,SH-2026-06-01-M01-N,1642.8,53.12,87.35,96.83,327.0,44.7,70.36,9.55,62.53,27.38,0.353,3.13,-2.01,0.63,12.919272,79.130718,true,false,,false,
1377,2026-06-01T20:16:00Z,M01,OP07,SH-2026-06-01-M01-N,1757.6,63.38,88.13,96.93,342.9,203.0,70.3,14.17,62.48,27.49,0.326,2.04,0.38,1.09,12.919488,79.130937,true,false,,false,
1378,2026-06-01T20:17:00Z,M01,OP07,SH-2026-06-01-M01-N,1773.2,68.22,88.58,96.9,356.5,289.1,70.17,15.05,62.42,27.44,0.348,1.87,-0.81,0.46,12.919579,79.131202,true,false,,false,
1379,2026-06-01T20:18:00Z,M01,OP07,SH-2026-06-01-M01-N,1791.9,64.79,89.11,96.57,352.9,253.1,70.34,15.25,62.34,27.53,0.308,1.87,-2.22,1.49,12.919624,79.131479,true,false,,false,
1380,2026-06-01T20:19:00Z,M01,OP07,SH-2026-06-01-M01-N,1727.1,63.86,89.44,96.23,362.5,284.3,70.21,14.98,62.27,27.65,0.308,0.82,-1.59,2.21,12.919633,79.131602,true,false,,false,
1381,2026-06-01T20:20:00Z,M01,OP07,SH-2026-06-01-M01-N,1718.3,59.47,89.82,96.76,346.8,236.2,70.18,14.85,62.2,27.58,0.327,0.5,0.02,3.31,12.919654,79.131674,true,false,,false,
1382,2026-06-01T20:21:00Z,M01,OP07,SH-2026-06-01-M01-N,1740.8,57.08,89.68,97.59,350.7,260.9,70.0,14.72,62.12,27.59,0.341,0.38,0.67,2.65,12.919699,79.131709,true,false,,false,
1383,2026-06-01T20:22:00Z,M01,OP07,SH-2026-06-01-M01-N,1781.0,59.97,90.03,97.62,361.4,262.3,70.02,15.11,62.05,27.61,0.327,1.41,-0.41,2.16,12.919816,79.131886,true,false,,false,
1384,2026-06-01T20:23:00Z,M01,OP07,SH-2026-06-01-M01-N,1792.0,57.23,90.44,97.25,342.8,346.3,70.05,15.7,61.98,27.56,0.329,1.08,-1.19,3.48,12.919945,79.131984,true,false,,false,
1385,2026-06-01T20:24:00Z,M01,OP07,SH-2026-06-01-M01-N,1767.1,60.14,90.79,97.28,344.6,319.5,70.0,15.37,61.9,27.56,0.274,0.88,-0.42,2.54,12.919879,79.13187,true,false,,false,
1386,2026-06-01T20:25:00Z,M01,OP07,SH-2026-06-01-M01-N,1733.0,62.35,91.27,97.91,347.6,313.8,69.94,14.71,61.83,27.47,0.331,0.61,0.49,1.78,12.919822,79.131799,true,false,,false,
1387,2026-06-01T20:26:00Z,M01,OP07,SH-2026-06-01-M01-N,1725.0,65.22,91.78,97.57,309.3,288.4,69.93,14.11,61.76,27.57,0.401,0.37,0.79,2.12,12.919796,79.13175,true,false,,false,
1388,2026-06-01T20:27:00Z,M01,OP07,SH-2026-06-01-M01-N,1674.6,66.39,92.43,97.56,299.7,340.7,69.94,14.51,61.69,27.49,0.42,0.0,1.42,1.61,12.919774,79.13173,true,false,,false,
1389,2026-06-01T20:28:00Z,M01,OP07,SH-2026-06-01-M01-N,1649.7,69.96,92.72,97.67,292.7,285.8,69.98,14.7,61.62,27.51,0.422,0.0,0.41,1.23,12.919758,79.131704,true,false,,false,
1390,2026-06-01T20:29:00Z,M01,OP07,SH-2026-06-01-M01-N,1658.1,69.67,93.39,97.86,283.3,294.1,70.05,14.94,61.55,27.52,0.44,0.0,0.34,0.33,12.919739,79.13168,true,false,,false,
1391,2026-06-01T12:30:00Z,M06,OP02,SH-2026-06-01-M06-N,969.8,10.59,81.19,83.53,188.7,0.0,49.72,2.16,97.36,27.08,0.198,0.0,0.54,1.07,12.922065,79.128444,true,true,,false,
1392,2026-06-01T12:31:00Z,M06,OP02,SH-2026-06-01-M06-N,937.5,11.23,81.33,83.54,182.1,0.0,49.79,1.7,97.35,26.99,0.208,0.0,0.68,0.19,12.922065,79.128444,true,true,,false,
1393,2026-06-01T12:32:00Z,M06,OP02,SH-2026-06-01-M06-N,942.5,13.97,81.61,83.7,199.2,0.0,49.86,1.85,97.35,26.97,0.182,0.0,0.18,-0.12,12.922065,79.128444,true,true,,false,
1394,2026-06-01T12:33:00Z,M06,OP02,SH-2026-06-01-M06-N,971.5,12.55,81.43,83.86,200.3,0.0,49.97,1.86,97.34,27.01,0.171,0.0,0.45,-0.22,12.922065,79.128444,true,true,,false,
1395,2026-06-01T12:34:00Z,M06,OP02,SH-2026-06-01-M06-N,941.5,13.03,81.5,84.31,196.3,0.0,50.0,2.15,97.34,26.98,0.178,0.0,0.25,-0.33,12.922065,79.128444,true,true,,false,
1396,2026-06-01T12:35:00Z,M06,OP02,SH-2026-06-01-M06-N,937.4,14.51,81.4,83.8,196.7,0.0,49.96,2.13,97.33,27.04,0.178,0.0,-0.04,-0.06,12.922065,79.128444,true,true,,false,
1397,2026-06-01T12:36:00Z,M06,OP02,SH-2026-06-01-M06-N,929.8,11.16,81.13,83.64,200.3,0.0,49.96,1.98,97.32,27.04,0.204,0.0,-0.15,-0.17,12.922065,79.128444,true,true,,false,
1398,2026-06-01T12:37:00Z,M06,OP02,SH-2026-06-01-M06-N,936.4,17.52,80.99,83.81,184.9,0.0,49.95,2.05,97.32,26.91,0.188,0.0,-0.0,-0.11,12.922065,79.128444,true,true,,false,
1399,2026-06-01T12:38:00Z,M06,OP02,SH-2026-06-01-M06-N,1599.0,62.94,81.87,85.6,293.2,0.0,50.57,15.75,97.31,27.17,0.497,1.47,1.55,-0.62,12.922024,79.128661,true,false,,false,
1400,2026-06-01T12:39:00Z,M06,OP02,SH-2026-06-01-M06-N,1787.8,79.1,82.09,86.82,308.1,0.0,51.42,19.16,97.26,27.45,0.583,1.13,-0.08,0.54,12.922084,79.128819,true,false,,false,
1401,2026-06-01T12:40:00Z,M06,OP02,SH-2026-06-01-M06-N,1813.9,81.66,82.71,87.0,311.4,0.0,52.39,20.36,97.2,27.5,0.594,1.39,-0.62,-1.1,12.922096,79.129028,true,false,,false,
1402,2026-06-01T12:41:00Z,M06,OP02,SH-2026-06-01-M06-N,1826.0,79.78,83.39,87.75,328.6,0.0,53.01,21.03,97.14,27.55,0.661,1.45,-0.13,-2.17,12.922146,79.12924,true,false,,false,
1403,2026-06-01T12:42:00Z,M06,OP02,SH-2026-06-01-M06-N,1879.3,83.56,83.36,88.1,322.1,0.0,53.97,20.67,97.08,27.51,0.625,1.75,0.05,-2.55,12.922178,79.129501,true,false,,false,
1404,2026-06-01T12:43:00Z,M06,OP02,SH-2026-06-01-M06-N,1684.9,65.01,83.29,88.17,298.6,0.0,54.39,20.99,97.01,27.66,0.521,23.53,-0.72,-1.46,12.920655,79.132689,true,false,,false,
1405,2026-06-01T12:44:00Z,M06,OP02,SH-2026-06-01-M06-N,1625.7,64.18,83.0,88.54,284.0,0.0,54.7,21.19,96.95,27.74,0.495,31.34,2.1,-1.48,12.918927,79.137067,true,false,,false,
1406,2026-06-01T12:45:00Z,M06,OP02,SH-2026-06-01-M06-N,1614.7,65.03,83.04,88.32,286.0,0.0,55.33,21.76,96.88,27.74,0.502,33.68,1.57,-2.85,12.915741,79.140994,true,false,,false,
1407,2026-06-01T12:46:00Z,M06,OP02,SH-2026-06-01-M06-N,1620.0,64.92,82.8,88.51,291.1,0.0,55.89,21.29,96.81,27.73,0.506,32.27,1.28,-0.25,12.913083,79.136942,true,false,,false,
1408,2026-06-01T12:47:00Z,M06,OP02,SH-2026-06-01-M06-N,1790.4,73.36,83.46,88.91,293.5,0.0,56.57,20.4,96.75,27.65,0.599,11.08,1.95,-2.13,12.914199,79.135707,true,false,,false,
1409,2026-06-01T12:48:00Z,M06,OP02,SH-2026-06-01-M06-N,1666.8,66.52,83.67,88.84,289.1,0.0,57.04,20.23,96.69,27.65,0.548,20.18,1.48,-1.4,12.915257,79.132867,true,false,,false,
1410,2026-06-01T12:49:00Z,M06,OP02,SH-2026-06-01-M06-N,1624.8,59.03,83.87,89.21,304.7,0.0,57.43,20.23,96.62,27.76,0.493,21.16,2.84,-0.18,12.916434,79.129917,true,false,,false,
1411,2026-06-01T12:50:00Z,M06,OP02,SH-2026-06-01-M06-N,1606.9,57.61,83.82,89.39,308.0,0.0,57.73,20.24,96.56,27.83,0.446,19.98,2.0,-0.74,12.917324,79.127051,true,false,,false,
1412,2026-06-01T12:51:00Z,M06,OP02,SH-2026-06-01-M06-N,1598.8,55.32,83.27,90.05,324.8,0.0,57.84,20.07,96.5,27.81,0.477,19.07,0.86,0.02,12.917059,79.124201,true,false,,false,
1413,2026-06-01T12:52:00Z,M06,OP02,SH-2026-06-01-M06-N,1743.2,65.0,83.65,90.59,348.3,0.0,58.48,20.79,96.44,27.69,0.569,6.7,3.18,-1.32,12.917112,79.123195,true,false,,false,
1414,2026-06-01T12:53:00Z,M06,OP02,SH-2026-06-01-M06-N,1796.2,70.33,83.21,91.46,345.6,0.0,58.95,20.23,96.37,27.64,0.578,3.38,1.52,-2.67,12.917178,79.122692,true,false,,false,
1415,2026-06-01T12:54:00Z,M06,OP02,SH-2026-06-01-M06-N,1767.9,68.44,83.51,91.72,348.0,0.0,59.24,20.5,96.31,27.74,0.591,1.92,-1.35,-0.74,12.917186,79.122404,true,false,,false,
1416,2026-06-01T12:55:00Z,M06,OP02,SH-2026-06-01-M06-N,1781.6,69.98,83.55,92.63,343.8,0.0,59.5,20.54,96.25,27.83,0.623,2.05,-0.2,-2.12,12.917234,79.122099,true,false,,false,
1417,2026-06-01T12:56:00Z,M06,OP02,SH-2026-06-01-M06-N,1714.3,71.59,83.46,93.22,343.6,0.0,59.95,19.9,96.18,28.01,0.686,2.09,0.37,-1.1,12.917129,79.121804,true,false,,false,
1418,2026-06-01T12:57:00Z,M06,OP02,SH-2026-06-01-M06-N,1528.4,60.9,83.25,93.06,332.5,0.0,60.14,20.11,96.12,28.08,0.633,18.2,-0.75,-1.78,12.91586,79.119384,true,false,,false,
1419,2026-06-01T12:58:00Z,M06,OP02,SH-2026-06-01-M06-N,1498.0,60.18,82.93,93.1,315.8,0.0,60.49,21.49,96.06,28.16,0.599,25.0,0.65,-0.58,12.916178,79.123125,true,false,,false,
1420,2026-06-01T12:59:00Z,M06,OP02,SH-2026-06-01-M06-N,1496.0,55.56,82.73,93.12,313.6,0.0,60.73,21.68,95.99,28.12,0.533,29.61,1.22,0.41,12.91741,79.127397,true,false,,false,
1421,2026-06-01T13:00:00Z,M06,OP02,SH-2026-06-01-M06-N,1500.9,49.42,82.92,92.78,325.6,0.0,60.93,21.6,95.93,28.19,0.565,28.09,2.75,-1.02,12.91855,79.131457,true,false,,false,
1422,2026-06-01T13:01:00Z,M06,OP02,SH-2026-06-01-M06-N,1533.8,53.22,82.85,91.62,312.0,0.0,61.02,22.34,95.86,28.11,0.516,26.04,0.45,-1.72,12.918869,79.135354,true,false,,false,
1423,2026-06-01T13:02:00Z,M06,OP02,SH-2026-06-01-M06-N,1488.6,54.4,83.04,91.44,327.8,0.0,61.15,23.72,95.79,28.06,0.521,26.19,0.48,-1.75,12.918372,79.139255,true,false,,false,
1424,2026-06-01T13:03:00Z,M06,OP02,SH-2026-06-01-M06-N,1491.0,56.82,82.99,91.19,322.3,0.0,61.43,23.06,95.72,28.13,0.553,23.46,-0.95,-1.38,12.918902,79.135773,true,false,,false,
1425,2026-06-01T13:04:00Z,M06,OP02,SH-2026-06-01-M06-N,1586.4,73.57,83.63,91.05,350.0,0.0,61.75,22.6,95.65,28.24,0.586,7.69,1.93,-1.9,12.918759,79.134627,true,false,,false,
1426,2026-06-01T13:05:00Z,M06,OP02,SH-2026-06-01-M06-N,1577.0,76.6,84.01,91.39,363.4,0.0,62.07,22.1,95.58,28.32,0.607,3.64,1.73,-2.12,12.918699,79.134084,true,false,,false,
1427,2026-06-01T13:06:00Z,M06,OP02,SH-2026-06-01-M06-N,1021.1,34.66,84.25,89.4,266.9,0.0,62.05,7.91,95.51,27.97,0.263,0.0,1.61,-2.62,12.918699,79.134084,true,true,,false,
1428,2026-06-01T13:07:00Z,M06,OP02,SH-2026-06-01-M06-N,869.7,13.88,83.64,88.21,244.5,0.0,61.65,3.92,95.48,27.8,0.194,0.0,1.48,-2.08,12.918699,79.134084,true,true,,false,
1429,2026-06-01T13:08:00Z,M06,OP02,SH-2026-06-01-M06-N,824.7,11.15,83.54,87.62,238.1,0.0,61.24,2.91,95.47,27.78,0.212,0.0,1.35,-2.25,12.918699,79.134084,true,true,,false,
1430,2026-06-01T13:09:00Z,M06,OP02,SH-2026-06-01-M06-N,1260.9,44.02,83.85,87.87,321.7,0.0,61.25,15.7,95.46,28.3,0.441,16.98,-0.28,-3.68,12.918952,79.131548,true,false,,false,
1431,2026-06-01T13:10:00Z,M06,OP02,SH-2026-06-01-M06-N,1397.8,49.89,83.95,88.19,338.2,0.0,61.46,20.45,95.41,28.42,0.509,21.98,0.56,-2.77,12.919348,79.128272,true,false,,false,
1432,2026-06-01T13:11:00Z,M06,OP02,SH-2026-06-01-M06-N,1486.4,50.67,84.88,88.09,333.6,0.0,61.53,22.05,95.35,28.43,0.525,20.47,1.14,-1.35,12.919492,79.125202,true,false,,false,
1433,2026-06-01T13:12:00Z,M06,OP02,SH-2026-06-01-M06-N,1517.0,53.19,85.5,88.65,337.7,0.0,61.72,22.31,95.28,28.27,0.538,21.05,1.14,-3.41,12.920663,79.122266,true,false,,false,
1434,2026-06-01T13:13:00Z,M06,OP02,SH-2026-06-01-M06-N,1544.2,53.15,85.7,88.76,338.3,0.0,61.89,22.73,95.21,28.16,0.542,23.49,0.72,-2.63,12.920882,79.118746,true,false,,false,
1435,2026-06-01T13:14:00Z,M06,OP02,SH-2026-06-01-M06-N,1706.2,65.84,86.57,88.86,354.0,0.0,62.09,23.65,95.14,28.16,0.591,7.96,1.03,-1.39,12.921066,79.119926,true,false,,false,
1436,2026-06-01T13:15:00Z,M06,OP02,SH-2026-06-01-M06-N,1577.5,56.56,86.72,88.85,340.1,0.0,62.27,24.36,95.07,28.19,0.513,19.33,0.3,-2.17,12.922241,79.12258,true,false,,false,
1437,2026-06-01T13:16:00Z,M06,OP02,SH-2026-06-01-M06-N,1521.0,60.81,87.15,88.94,332.2,0.0,62.39,24.67,95.0,28.28,0.479,22.55,1.91,-1.95,12.923996,79.125475,true,false,,false,
1438,2026-06-01T13:17:00Z,M06,OP02,SH-2026-06-01-M06-N,1544.0,57.36,87.0,88.7,323.7,0.0,62.67,23.77,94.92,28.32,0.503,20.02,0.23,-3.16,12.925598,79.128019,true,false,,false,
1439,2026-06-01T13:18:00Z,M06,OP02,SH-2026-06-01-M06-N,1513.8,53.15,86.87,88.88,318.4,0.0,62.78,23.35,94.85,28.29,0.503,17.99,0.7,-4.43,12.926254,79.130638,true,false,,false,
1440,2026-06-01T13:19:00Z,M06,OP02,SH-2026-06-01-M06-N,1510.1,48.27,86.8,88.74,312.7,0.0,62.79,23.97,94.77,28.28,0.509,12.61,-0.55,-3.85,12.926203,79.132531,true,false,,false,
1441,2026-06-01T13:20:00Z,M06,OP02,SH-2026-06-01-M06-N,1690.9,61.9,86.98,89.11,312.8,0.0,63.15,24.19,94.7,28.29,0.555,4.08,0.66,-1.42,12.926166,79.133143,true,false,,false,
1442,2026-06-01T13:21:00Z,M06,OP02,SH-2026-06-01-M06-N,1123.0,22.77,86.0,87.59,232.0,0.0,62.69,9.4,94.63,27.85,0.301,0.0,0.68,-1.46,12.926166,79.133143,false,true,,false,
1443,2026-06-01T13:22:00Z,M06,OP02,SH-2026-06-01-M06-N,915.8,19.85,85.66,86.67,209.7,0.0,62.44,5.21,94.6,27.79,0.228,0.0,0.94,-2.18,12.926166,79.133143,false,true,,false,
1444,2026-06-01T13:23:00Z,M06,OP02,SH-2026-06-01-M06-N,854.6,15.44,84.55,85.3,194.3,0.0,61.85,3.88,94.58,27.63,0.166,0.0,1.13,-1.96,12.926166,79.133143,false,true,,false,
1445,2026-06-01T13:24:00Z,M06,OP02,SH-2026-06-01-M06-N,863.9,13.55,84.08,84.48,182.6,0.0,61.63,3.03,94.57,27.57,0.17,0.0,1.52,-2.06,12.926166,79.133143,false,true,,false,
1446,2026-06-01T13:25:00Z,M06,OP02,SH-2026-06-01-M06-N,846.0,11.76,83.52,84.4,174.3,0.0,61.26,2.12,94.56,27.47,0.17,0.0,1.46,-2.35,12.926166,79.133143,false,true,,false,
1447,2026-06-01T13:26:00Z,M06,OP02,SH-2026-06-01-M06-N,1321.6,46.03,83.6,85.45,248.5,0.0,61.32,16.66,94.55,27.93,0.408,10.72,1.43,-0.12,12.926403,79.134735,true,false,,false,
1448,2026-06-01T13:27:00Z,M06,OP02,SH-2026-06-01-M06-N,1455.1,53.82,84.03,86.43,276.0,0.0,61.52,22.14,94.5,28.07,0.45,13.83,3.82,-1.91,12.926136,79.136794,true,false,,false,
1449,2026-06-01T13:28:00Z,M06,OP02,SH-2026-06-01-M06-N,1497.0,62.4,84.42,86.97,281.3,0.0,61.8,24.22,94.43,28.08,0.467,11.47,3.76,-1.71,12.925265,79.135309,true,false,,false,
1450,2026-06-01T13:29:00Z,M06,OP02,SH-2026-06-01-M06-N,1512.2,62.82,84.72,87.64,290.1,0.0,62.05,24.54,94.36,27.9,0.492,10.32,2.07,-1.93,12.924788,79.133835,true,false,,false,
1451,2026-06-01T13:30:00Z,M06,OP02,SH-2026-06-01-M06-N,1483.9,62.1,84.94,88.25,276.9,0.0,62.07,24.43,94.28,28.02,0.556,11.4,1.7,-1.51,12.925212,79.132177,true,false,,false,
1452,2026-06-01T13:31:00Z,M06,OP02,SH-2026-06-01-M06-N,1030.9,26.74,84.79,87.15,202.9,0.0,62.05,9.36,94.21,27.57,0.295,0.0,1.33,-2.15,12.925212,79.132177,true,true,,false,
1453,2026-06-01T13:32:00Z,M06,OP02,SH-2026-06-01-M06-N,1369.6,53.93,84.61,87.24,261.5,0.0,62.19,18.75,94.18,27.88,0.473,13.92,0.27,-1.48,12.926878,79.130913,true,false,,false,
1454,2026-06-01T13:33:00Z,M06,OP02,SH-2026-06-01-M06-N,1463.9,60.61,84.85,86.95,286.6,0.0,62.22,21.46,94.12,27.8,0.573,16.44,0.49,-1.66,12.92913,79.129905,true,false,,false,
1455,2026-06-01T13:34:00Z,M06,OP02,SH-2026-06-01-M06-N,1489.0,61.98,84.98,87.6,303.1,0.0,62.49,22.1,94.05,27.88,0.542,19.39,-1.43,-2.71,12.931189,79.127845,true,false,,false,
1456,2026-06-01T13:35:00Z,M06,OP02,SH-2026-06-01-M06-N,1512.0,61.52,85.04,88.51,323.4,0.0,62.69,22.33,93.99,27.82,0.507,22.56,0.6,-2.99,12.927842,79.127324,true,false,,false,
1457,2026-06-01T13:36:00Z,M06,OP02,SH-2026-06-01-M06-N,1548.2,64.98,85.09,88.8,329.8,0.0,63.0,21.85,93.92,27.76,0.511,18.01,0.57,-2.42,12.92514,79.127426,true,false,,false,
1458,2026-06-01T13:37:00Z,M06,OP02,SH-2026-06-01-M06-N,1738.0,75.71,85.31,89.23,340.4,0.0,63.34,20.97,93.85,27.99,0.584,6.61,1.55,-2.26,12.92415,79.127489,true,false,,false,
1459,2026-06-01T13:38:00Z,M06,OP02,SH-2026-06-01-M06-N,1742.9,78.04,86.03,89.36,343.9,0.0,63.71,20.43,93.78,28.14,0.641,3.71,1.23,-4.36,12.923599,79.127568,true,false,,false,
1460,2026-06-01T13:39:00Z,M06,OP02,SH-2026-06-01-M06-N,1751.7,79.07,86.66,89.05,333.5,0.0,64.04,20.81,93.72,28.2,0.612,3.05,-1.39,-4.72,12.923141,79.127539,true,false,,false,
1461,2026-06-01T13:40:00Z,M06,OP02,SH-2026-06-01-M06-N,1616.6,72.2,86.32,89.51,307.1,0.0,64.25,21.59,93.66,28.18,0.512,26.0,-1.22,-3.17,12.919262,79.127095,true,false,,false,
1462,2026-06-01T13:41:00Z,M06,OP02,SH-2026-06-01-M06-N,1666.5,64.72,86.3,89.98,290.3,0.0,64.37,20.79,93.59,28.18,0.541,30.74,0.41,-3.39,12.915631,79.124246,true,false,,false,
1463,2026-06-01T13:42:00Z,M06,OP02,SH-2026-06-01-M06-N,1636.6,60.57,86.28,90.25,272.7,0.0,64.44,20.32,93.53,28.08,0.542,33.2,-0.65,-2.38,12.912707,79.120209,true,false,,false,
1464,2026-06-01T13:43:00Z,M06,OP02,SH-2026-06-01-M06-N,1656.3,66.17,85.75,90.02,268.9,0.0,64.6,20.74,93.46,28.05,0.564,34.5,1.05,-4.37,12.915512,79.124563,true,false,,false,
1465,2026-06-01T13:44:00Z,M06,OP02,SH-2026-06-01-M06-N,1619.1,64.88,85.86,89.4,264.9,0.0,64.79,21.72,93.4,28.06,0.51,32.31,1.39,-3.56,12.917481,79.128997,true,false,,false,
1466,2026-06-01T13:45:00Z,M06,OP02,SH-2026-06-01-M06-N,1740.5,74.83,86.0,89.73,275.8,0.0,65.19,22.22,93.33,28.03,0.617,11.28,2.51,-2.63,12.918024,79.130601,true,false,,false,
1467,2026-06-01T13:46:00Z,M06,OP02,SH-2026-06-01-M06-N,1650.4,67.07,85.9,89.82,273.8,0.0,65.25,22.41,93.26,28.03,0.583,28.18,1.24,-0.88,12.918797,79.134761,true,false,,false,
1468,2026-06-01T13:47:00Z,M06,OP02,SH-2026-06-01-M06-N,1650.6,67.26,86.14,89.5,272.9,0.0,65.49,22.2,93.2,27.96,0.584,30.12,0.14,-1.48,12.92014,79.139079,true,false,,false,
1469,2026-06-01T13:48:00Z,M06,OP02,SH-2026-06-01-M06-N,1626.8,66.09,85.82,89.38,271.2,0.0,65.78,21.82,93.13,28.01,0.588,33.73,0.78,-0.39,12.919697,79.134034,true,false,,false,
1470,2026-06-01T13:49:00Z,M06,OP02,SH-2026-06-01-M06-N,1594.7,59.23,86.05,89.28,277.2,0.0,66.02,21.15,93.06,27.81,0.611,34.18,1.09,-1.36,12.918002,79.129189,true,false,,false,
1471,2026-06-01T13:50:00Z,M06,OP02,SH-2026-06-01-M06-N,1591.9,56.42,86.18,89.57,268.0,0.0,66.2,20.95,92.99,28.0,0.636,35.32,2.43,-3.13,12.916144,79.124222,true,false,,false,
1472,2026-06-01T13:51:00Z,M06,OP02,SH-2026-06-01-M06-N,1678.5,67.81,87.08,89.45,305.1,0.0,66.27,21.12,92.93,27.77,0.692,12.75,1.37,-2.84,12.914429,79.123371,true,false,,false,
1473,2026-06-01T13:52:00Z,M06,OP02,SH-2026-06-01-M06-N,1716.9,70.86,87.26,89.57,310.5,0.0,66.4,21.14,92.86,27.75,0.719,5.61,2.94,-3.81,12.913771,79.122845,true,false,,false,
1474,2026-06-01T13:53:00Z,M06,OP02,SH-2026-06-01-M06-N,1720.5,70.43,87.68,89.54,314.0,0.0,66.65,21.26,92.8,27.69,0.724,3.34,1.0,-1.04,12.913443,79.122465,true,false,,false,
1475,2026-06-01T13:54:00Z,M06,OP02,SH-2026-06-01-M06-N,1128.6,30.47,86.8,87.48,203.7,0.0,66.49,7.99,92.73,27.28,0.34,0.0,1.13,-2.01,12.913443,79.122465,true,true,,false,
1476,2026-06-01T13:55:00Z,M06,OP02,SH-2026-06-01-M06-N,946.9,17.38,86.49,86.78,174.3,0.0,66.05,4.58,92.71,27.3,0.205,0.0,1.39,-2.08,12.913443,79.122465,true,true,,false,
1477,2026-06-01T13:56:00Z,M06,OP02,SH-2026-06-01-M06-N,889.3,6.96,85.91,85.71,161.3,0.0,65.52,3.18,92.69,27.22,0.162,0.0,1.53,-1.8,12.913443,79.122465,true,true,,false,
1478,2026-06-01T13:57:00Z,M06,OP02,SH-2026-06-01-M06-N,1329.6,34.67,85.83,85.8,232.4,0.0,65.45,16.3,92.68,27.54,0.444,16.39,1.66,-2.07,12.912608,79.120151,true,false,,false,
1479,2026-06-01T13:58:00Z,M06,OP02,SH-2026-06-01-M06-N,1468.9,38.84,85.53,85.88,268.6,0.0,65.32,18.47,92.63,27.69,0.569,21.5,-0.37,-1.36,12.915375,79.121813,true,false,,false,
1480,2026-06-01T13:59:00Z,M06,OP02,SH-2026-06-01-M06-N,1539.3,46.73,85.24,86.15,276.3,0.0,65.26,20.68,92.58,27.56,0.583,21.06,-0.89,-0.42,12.917914,79.123698,true,false,,false,
1481,2026-06-01T14:00:00Z,M06,OP02,SH-2026-06-01-M06-N,1581.0,40.66,84.78,86.72,280.9,0.0,65.04,20.76,92.51,27.53,0.593,21.29,-0.21,-1.76,12.919963,79.126151,true,false,,false,
1482,2026-06-01T14:01:00Z,M06,OP02,SH-2026-06-01-M06-N,1570.7,47.93,84.1,86.57,289.9,0.0,64.9,21.3,92.45,27.62,0.612,19.6,0.08,-2.54,12.921239,79.128803,true,false,,false,
1483,2026-06-01T14:02:00Z,M06,OP02,SH-2026-06-01-M06-N,1103.5,17.41,83.4,85.51,199.0,0.0,64.56,8.05,92.38,27.18,0.328,0.0,0.61,-2.45,12.921239,79.128803,true,true,,false,
1484,2026-06-01T14:03:00Z,M06,OP02,SH-2026-06-01-M06-N,1387.9,33.68,82.75,85.92,254.3,0.0,64.49,17.83,92.36,27.36,0.497,10.41,0.95,-1.58,12.921483,79.130346,true,false,,false,
1485,2026-06-01T14:04:00Z,M06,OP02,SH-2026-06-01-M06-N,1523.2,39.26,82.5,86.57,277.4,0.0,64.36,20.56,92.3,27.45,0.573,12.75,0.7,-2.75,12.92198,79.132195,true,false,,false,
1486,2026-06-01T14:05:00Z,M06,OP02,SH-2026-06-01-M06-N,1567.5,44.18,82.09,87.06,287.1,0.0,64.58,21.77,92.24,27.31,0.591,13.86,0.0,-1.94,12.92115,79.134104,true,false,,false,
1487,2026-06-01T14:06:00Z,M06,OP02,SH-2026-06-01-M06-N,1597.8,47.2,81.5,87.35,301.0,0.0,64.64,22.0,92.17,27.33,0.577,13.96,-0.78,-2.43,12.9202,79.135972,true,false,,false,
1488,2026-06-01T14:07:00Z,M06,OP02,SH-2026-06-01-M06-N,1590.6,48.56,81.41,87.66,295.7,0.0,64.79,22.54,92.11,27.32,0.575,11.59,-0.14,-0.99,12.919758,79.137655,true,false,,false,
1489,2026-06-01T14:08:00Z,M06,OP02,SH-2026-06-01-M06-N,1105.9,21.35,81.09,86.25,222.6,0.0,64.3,8.36,92.04,27.04,0.333,0.0,0.55,-1.73,12.919758,79.137655,true,true,,false,
1490,2026-06-01T14:09:00Z,M06,OP02,SH-2026-06-01-M06-N,972.9,15.27,81.05,85.66,199.5,0.0,63.84,4.14,92.01,26.93,0.257,0.0,0.85,-1.8,12.919758,79.137655,true,true,,false,
1491,2026-06-01T14:10:00Z,M06,OP02,SH-2026-06-01-M06-N,911.6,15.7,81.0,84.95,195.0,0.0,63.32,2.85,92.0,27.0,0.18,0.0,1.23,-1.51,12.919758,79.137655,true,true,,false,
1492,2026-06-01T14:11:00Z,M06,OP02,SH-2026-06-01-M06-N,1381.3,41.34,81.08,85.72,281.1,0.0,63.54,16.57,91.99,27.27,0.451,14.94,-1.56,-1.18,12.919412,79.139872,true,false,,false,
1493,2026-06-01T14:12:00Z,M06,OP02,SH-2026-06-01-M06-N,1496.4,46.99,81.06,86.12,304.5,0.0,63.42,20.85,91.94,27.37,0.507,16.53,-1.25,-3.72,12.919594,79.137396,true,false,,false,
1494,2026-06-01T14:13:00Z,M06,OP02,SH-2026-06-01-M06-N,1539.8,45.85,81.08,86.41,304.7,0.0,63.75,21.05,91.87,27.46,0.528,17.44,-0.72,-2.47,12.918801,79.134901,true,false,,false,
1495,2026-06-01T14:14:00Z,M06,OP02,SH-2026-06-01-M06-N,1568.0,47.01,80.72,86.61,311.1,0.0,63.67,20.56,91.81,27.54,0.51,20.49,0.63,-2.71,12.917346,79.13219,true,false,,false,
1496,2026-06-01T14:15:00Z,M06,OP02,SH-2026-06-01-M06-N,1585.5,46.25,80.6,87.18,313.1,0.0,63.77,20.81,91.74,27.57,0.529,13.48,1.54,-0.58,12.915855,79.130823,true,false,,false,
1497,2026-06-01T14:16:00Z,M06,OP02,SH-2026-06-01-M06-N,1730.1,53.04,81.01,88.34,361.5,0.0,64.12,20.67,91.68,27.49,0.616,4.55,2.01,-0.55,12.915438,79.130282,true,false,,false,
1498,2026-06-01T14:17:00Z,M06,OP02,SH-2026-06-01-M06-N,1656.9,42.56,81.25,88.02,344.0,0.0,63.89,20.55,91.62,27.37,0.61,14.4,3.9,0.78,12.914561,79.128306,true,false,,false,
1499,2026-06-01T14:18:00Z,M06,OP02,SH-2026-06-01-M06-N,1696.4,38.79,81.32,88.22,329.0,0.0,63.71,20.59,91.55,27.26,0.583,16.59,1.18,-0.98,12.912871,79.126478,true,false,,false,
1500,2026-06-01T14:19:00Z,M06,OP02,SH-2026-06-01-M06-N,1690.9,44.6,81.5,88.75,336.1,0.0,63.75,20.37,91.49,27.29,0.576,13.65,-0.89,-3.76,12.911503,79.124951,true,false,,false,
1501,2026-06-01T14:20:00Z,M06,OP02,SH-2026-06-01-M06-N,1646.0,44.69,81.92,89.06,342.4,0.0,63.77,21.28,91.43,27.22,0.578,11.49,0.62,-3.6,12.910795,79.123377,true,false,,false,
1502,2026-06-01T14:21:00Z,M06,OP02,SH-2026-06-01-M06-N,1701.1,45.08,81.8,88.08,334.1,0.0,63.87,20.64,91.36,27.23,0.549,10.58,1.4,-1.84,12.911946,79.124471,true,false,,false,
1503,2026-06-01T14:22:00Z,M06,OP02,SH-2026-06-01-M06-N,1159.8,20.2,81.64,87.28,249.1,0.0,63.78,7.87,91.3,26.99,0.309,0.0,1.25,-1.65,12.911946,79.124471,true,true,,false,
1504,2026-06-01T14:23:00Z,M06,OP02,SH-2026-06-01-M06-N,1008.4,12.42,81.62,86.62,218.4,0.0,63.33,4.16,91.27,27.04,0.223,0.0,0.67,-1.34,12.911946,79.124471,true,true,,false,
1505,2026-06-01T14:24:00Z,M06,OP02,SH-2026-06-01-M06-N,1622.4,43.79,81.97,87.62,328.9,0.0,63.26,16.41,91.26,27.34,0.579,0.0,1.68,-1.12,12.911953,79.1245,true,false,,false,
1506,2026-06-01T14:25:00Z,M06,OP02,SH-2026-06-01-M06-N,1627.1,46.72,81.67,87.23,328.7,0.0,63.09,20.73,91.21,27.46,0.584,6.47,1.13,-1.64,12.91193,79.12547,true,false,,false,
1507,2026-06-01T14:26:00Z,M06,OP02,SH-2026-06-01-M06-N,1575.0,49.67,81.47,87.37,321.8,0.0,63.16,23.21,91.15,27.46,0.606,9.11,0.69,-2.8,12.912388,79.12676,true,false,,false,
1508,2026-06-01T14:27:00Z,M06,OP02,SH-2026-06-01-M06-N,1607.8,49.52,81.34,87.41,341.0,0.0,63.27,23.92,91.07,27.6,0.618,10.19,1.32,-2.8,12.911833,79.128185,true,false,,false,
1509,2026-06-01T14:28:00Z,M06,OP02,SH-2026-06-01-M06-N,1598.9,53.35,81.16,87.54,325.2,0.0,63.33,23.55,91.0,27.65,0.579,9.97,1.3,-1.73,12.911313,79.129589,true,false,,false,
1510,2026-06-01T14:29:00Z,M06,OP02,SH-2026-06-01-M06-N,1638.7,58.25,81.01,87.38,333.4,0.0,63.53,23.44,90.93,27.58,0.588,9.77,2.85,-2.21,12.910659,79.130902,true,false,,false,
1511,2026-06-01T14:30:00Z,M06,OP02,SH-2026-06-01-M06-N,1745.1,70.33,81.55,87.67,369.3,0.0,63.59,22.68,90.86,27.65,0.584,3.0,0.51,-1.58,12.910292,79.131163,true,false,,false,
1512,2026-06-01T14:31:00Z,M06,OP02,SH-2026-06-01-M06-N,1624.9,60.22,81.55,88.41,348.8,0.0,63.84,22.6,90.79,27.72,0.536,10.32,0.79,-1.27,12.908879,79.1318,true,false,,false,
1513,2026-06-01T14:32:00Z,M06,OP02,SH-2026-06-01-M06-N,1514.5,56.37,81.5,88.82,352.2,0.0,63.91,22.29,90.72,27.83,0.554,12.83,0.16,-1.21,12.91038,79.130592,true,false,,false,
1514,2026-06-01T14:33:00Z,M06,OP02,SH-2026-06-01-M06-N,1459.6,59.1,81.66,89.16,351.9,0.0,64.06,21.83,90.65,27.87,0.532,11.18,-0.06,-2.01,12.911776,79.12966,true,false,,false,
1515,2026-06-01T14:34:00Z,M06,OP02,SH-2026-06-01-M06-N,1436.0,61.04,81.35,89.96,349.4,0.0,64.41,22.19,90.58,27.88,0.535,10.59,0.43,-0.76,12.913029,79.128681,true,false,,false,
1516,2026-06-01T14:35:00Z,M06,OP02,SH-2026-06-01-M06-N,1410.5,62.72,81.39,89.57,354.1,0.0,64.5,22.5,90.51,27.88,0.535,10.37,1.04,-1.22,12.914226,79.127686,true,false,,false,
1517,2026-06-01T14:36:00Z,M06,OP02,SH-2026-06-01-M06-N,1548.0,76.61,81.64,90.15,360.4,0.0,64.73,21.95,90.44,27.74,0.559,3.16,1.95,-1.0,12.914616,79.127416,true,false,,false,
1518,2026-06-01T14:37:00Z,M06,OP02,SH-2026-06-01-M06-N,1584.3,81.54,82.25,91.03,362.8,0.0,65.11,23.69,90.37,27.71,0.558,0.58,-0.74,-0.63,12.9147,79.127398,true,false,,false,
1519,2026-06-01T14:38:00Z,M06,OP02,SH-2026-06-01-M06-N,1604.7,87.15,82.81,92.03,380.6,0.0,65.69,23.57,90.3,27.69,0.514,0.0,-1.64,-0.63,12.914726,79.127382,true,false,,false,
1520,2026-06-01T14:39:00Z,M06,OP02,SH-2026-06-01-M06-N,1477.8,68.86,82.55,91.47,352.8,0.0,65.91,23.56,90.23,27.82,0.484,7.31,-1.4,-1.02,12.91561,79.126732,true,false,,false,
1521,2026-06-01T14:40:00Z,M06,OP02,SH-2026-06-01-M06-N,1465.3,61.76,82.15,91.5,334.6,0.0,66.04,24.53,90.15,27.86,0.517,10.27,0.29,-3.63,12.916739,79.125683,true,false,,false,
1522,2026-06-01T14:41:00Z,M06,OP02,SH-2026-06-01-M06-N,1452.1,59.78,81.94,91.27,344.8,0.0,66.05,25.11,90.08,27.79,0.522,11.23,1.6,-4.47,12.918095,79.124682,true,false,,false,
1523,2026-06-01T14:42:00Z,M06,OP02,SH-2026-06-01-M06-N,1413.3,60.86,82.18,90.88,370.0,0.0,66.19,24.77,90.0,27.78,0.49,12.78,1.36,-4.55,12.91961,79.123503,true,false,,false,
1524,2026-06-01T14:43:00Z,M06,OP02,SH-2026-06-01-M06-N,1433.4,61.16,82.1,90.87,353.1,0.0,66.36,24.66,89.93,27.87,0.488,13.35,2.24,-3.84,12.920824,79.121909,true,false,,false,
1525,2026-06-01T14:44:00Z,M06,OP02,SH-2026-06-01-M06-N,1555.9,75.28,82.01,90.81,386.1,0.0,66.91,22.88,89.85,27.97,0.55,4.11,1.35,-1.73,12.921397,79.121677,true,false,,false,
1526,2026-06-01T14:45:00Z,M06,OP02,SH-2026-06-01-M06-N,1424.2,66.57,82.03,90.14,369.1,0.0,67.2,23.57,89.78,28.0,0.508,9.18,-0.0,-3.77,12.922704,79.121241,true,false,,false,
1527,2026-06-01T14:46:00Z,M06,OP02,SH-2026-06-01-M06-N,1452.5,56.62,82.08,89.56,376.0,0.0,67.14,23.69,89.71,27.83,0.542,9.56,-1.89,-0.89,12.924098,79.120899,true,false,,false,
1528,2026-06-01T14:47:00Z,M06,OP02,SH-2026-06-01-M06-N,1419.4,47.95,82.4,89.42,381.7,0.0,67.08,22.47,89.63,27.79,0.466,11.4,-1.2,-2.64,12.925783,79.1206,true,false,,false,
1529,2026-06-01T14:48:00Z,M06,OP02,SH-2026-06-01-M06-N,1432.8,50.94,82.59,89.28,381.4,0.0,67.14,21.19,89.56,27.74,0.464,14.1,-0.61,0.01,12.924581,79.122343,true,false,,false,
1530,2026-06-01T14:49:00Z,M06,OP02,SH-2026-06-01-M06-N,1443.5,53.2,82.75,88.46,367.5,0.0,67.0,20.22,89.5,27.72,0.518,14.09,-0.81,0.01,12.92289,79.123616,true,false,,false,
1531,2026-06-01T14:50:00Z,M06,OP02,SH-2026-06-01-M06-N,1438.5,59.68,83.23,88.21,349.9,0.0,67.02,20.98,89.44,27.77,0.472,14.03,-0.77,1.89,12.921387,79.125092,true,false,,false,
1532,2026-06-01T14:51:00Z,M06,OP02,SH-2026-06-01-M06-N,1392.3,63.15,83.34,88.11,353.6,0.0,67.16,22.25,89.37,27.83,0.484,17.19,-1.65,0.44,12.919988,79.12726,true,false,,false,
1533,2026-06-01T14:52:00Z,M06,OP02,SH-2026-06-01-M06-N,1411.3,66.17,83.65,88.25,365.6,0.0,67.21,22.96,89.3,27.78,0.461,19.29,-2.26,2.43,12.918521,79.129758,true,false,,false,
1534,2026-06-01T14:53:00Z,M06,OP02,SH-2026-06-01-M06-N,1451.1,59.8,84.1,88.39,378.0,0.0,67.32,22.99,89.23,27.88,0.433,20.62,0.5,3.31,12.916222,79.131832,true,false,,false,
1535,2026-06-01T14:54:00Z,M06,OP02,SH-2026-06-01-M06-N,1473.4,60.9,84.49,89.17,368.7,0.0,67.32,22.98,89.16,28.0,0.418,20.21,1.5,2.86,12.913791,79.133649,true,false,,false,
1536,2026-06-01T14:55:00Z,M06,OP02,SH-2026-06-01-M06-N,1530.4,57.89,84.71,89.8,367.6,0.0,67.46,22.45,89.09,28.07,0.433,19.57,-1.78,2.06,12.911119,79.134874,true,false,,false,
1537,2026-06-01T14:56:00Z,M06,OP02,SH-2026-06-01-M06-N,1538.1,60.17,84.44,90.2,373.6,0.0,67.55,22.59,89.02,28.02,0.463,20.26,-0.62,0.43,12.914072,79.134143,true,false,,false,
1538,2026-06-01T14:57:00Z,M06,OP02,SH-2026-06-01-M06-N,1528.0,63.35,84.1,89.79,359.0,0.0,67.71,23.32,88.95,28.08,0.488,17.13,-1.21,0.77,12.916106,79.132568,true,false,,false,
1539,2026-06-01T14:58:00Z,M06,OP02,SH-2026-06-01-M06-N,1487.8,65.0,83.98,89.56,349.7,0.0,67.89,23.77,88.88,28.12,0.469,14.36,-0.31,1.76,12.917907,79.131382,true,false,,false,
1540,2026-06-01T14:59:00Z,M06,OP02,SH-2026-06-01-M06-N,1512.5,62.7,83.89,88.89,361.5,0.0,67.93,23.65,88.81,28.09,0.447,12.42,-1.45,0.31,12.919559,79.130519,true,false,,false,
1541,2026-06-01T15:00:00Z,M06,OP02,SH-2026-06-01-M06-N,1519.4,57.36,83.81,89.04,334.1,0.0,67.84,24.03,88.73,28.11,0.479,12.87,0.29,-1.16,12.921067,79.12931,true,false,,false,
1542,2026-06-01T15:01:00Z,M06,OP02,SH-2026-06-01-M06-N,1550.1,58.11,84.13,88.64,326.1,0.0,67.66,24.2,88.66,27.95,0.442,12.83,-1.31,-2.47,12.922896,79.128702,true,false,,false,
1543,2026-06-01T15:02:00Z,M06,OP02,SH-2026-06-01-M06-N,1686.1,71.77,84.24,89.26,331.1,0.0,67.85,24.71,88.58,27.95,0.489,3.72,0.22,-5.41,12.923405,79.128474,true,false,,false,
1544,2026-06-01T15:03:00Z,M06,OP02,SH-2026-06-01-M06-N,1738.6,78.02,84.81,89.85,327.2,0.0,68.25,26.12,88.51,27.91,0.554,1.31,1.51,-6.74,12.923548,79.12834,true,false,,false,
1545,2026-06-01T15:04:00Z,M06,OP02,SH-2026-06-01-M06-N,1738.7,81.14,84.82,90.3,340.8,0.0,68.48,25.53,88.43,27.94,0.518,0.53,2.3,-4.27,12.92359,79.128272,true,false,,false,
1546,2026-06-01T15:05:00Z,M06,OP02,SH-2026-06-01-M06-N,1726.3,84.5,84.7,90.48,350.0,0.0,68.55,24.98,88.35,27.86,0.527,0.07,2.86,-6.24,12.923601,79.128244,true,false,,false,
1547,2026-06-01T15:06:00Z,M06,OP02,SH-2026-06-01-M06-N,1717.2,77.26,84.96,91.04,347.6,0.0,68.77,25.07,88.27,27.85,0.472,0.14,2.65,-6.51,12.923606,79.128215,true,false,,false,
1548,2026-06-01T15:07:00Z,M06,OP02,SH-2026-06-01-M06-N,1607.0,62.54,84.75,90.19,327.1,0.0,68.87,24.94,88.19,28.02,0.491,6.86,1.56,-6.47,12.924185,79.127362,true,false,,false,
1549,2026-06-01T15:08:00Z,M06,OP02,SH-2026-06-01-M06-N,1507.5,55.93,84.77,89.99,311.9,0.0,68.92,25.43,88.12,28.05,0.431,11.8,2.39,-5.62,12.925488,79.126162,true,false,,false,
1550,2026-06-01T15:09:00Z,M06,OP02,SH-2026-06-01-M06-N,1640.6,63.33,85.37,89.71,338.5,0.0,68.93,25.88,88.04,28.12,0.512,3.92,1.73,-4.45,12.925954,79.125803,true,false,,false,
1551,2026-06-01T15:10:00Z,M06,OP02,SH-2026-06-01-M06-N,1565.6,56.15,84.91,89.28,324.2,0.0,68.82,27.05,87.96,28.07,0.485,9.16,3.24,-4.73,12.926898,79.124803,true,false,,false,
1552,2026-06-01T15:11:00Z,M06,OP02,SH-2026-06-01-M06-N,1555.9,54.91,84.32,88.74,323.8,0.0,68.73,28.14,87.87,27.94,0.424,10.9,1.03,-5.14,12.928086,79.123677,true,false,,false,
1553,2026-06-01T15:12:00Z,M06,OP02,SH-2026-06-01-M06-N,1090.9,24.66,83.79,87.93,238.1,0.0,68.16,10.86,87.79,27.64,0.243,0.0,1.25,-5.13,12.928086,79.123677,true,true,,false,
1554,2026-06-01T15:13:00Z,M06,OP02,SH-2026-06-01-M06-N,939.5,16.02,83.29,86.72,216.5,0.0,67.69,5.64,87.75,27.64,0.167,0.0,2.0,-5.49,12.928086,79.123677,true,true,,false,
1555,2026-06-01T15:14:00Z,M06,OP02,SH-2026-06-01-M06-N,884.7,14.66,82.56,85.7,214.7,0.0,67.2,4.2,87.74,27.73,0.147,0.0,1.98,-4.92,12.928086,79.123677,true,true,,false,
1556,2026-06-01T15:15:00Z,M06,OP02,SH-2026-06-01-M06-N,883.8,12.93,82.48,85.57,187.2,0.0,66.71,3.94,87.72,27.67,0.119,0.0,2.3,-5.21,12.928086,79.123677,true,true,,false,
1557,2026-06-01T15:16:00Z,M06,OP02,SH-2026-06-01-M06-N,861.5,13.49,82.56,85.15,188.0,0.0,66.19,2.8,87.71,27.65,0.102,0.0,1.81,-4.93,12.928086,79.123677,true,true,,false,
1558,2026-06-01T15:17:00Z,M06,OP02,SH-2026-06-01-M06-N,1300.3,45.19,82.86,86.28,283.5,0.0,66.05,17.12,87.7,28.07,0.337,21.11,2.97,-5.23,12.931051,79.122556,true,false,,false,
1559,2026-06-01T15:18:00Z,M06,OP02,SH-2026-06-01-M06-N,1425.1,51.29,82.61,86.87,301.4,0.0,65.93,21.89,87.65,28.24,0.424,27.03,0.04,-6.29,12.927347,79.124215,true,false,,false,
1560,2026-06-01T15:19:00Z,M06,OP02,SH-2026-06-01-M06-N,1014.3,22.38,82.02,86.3,241.4,0.0,65.56,8.53,87.58,27.85,0.213,0.0,0.95,-5.46,12.927347,79.124215,true,true,,false,
1561,2026-06-01T15:20:00Z,M06,OP02,SH-2026-06-01-M06-N,1351.0,41.44,81.79,86.74,285.8,0.0,65.6,18.43,87.56,28.01,0.406,27.6,0.9,-3.53,12.92327,79.124953,true,false,,false,
1562,2026-06-01T15:21:00Z,M06,OP02,SH-2026-06-01-M06-N,1469.2,49.09,81.32,87.87,308.1,0.0,65.68,21.83,87.5,28.17,0.386,30.77,1.73,-4.02,12.919215,79.127168,true,false,,false,
1563,2026-06-01T15:22:00Z,M06,OP02,SH-2026-06-01-M06-N,1614.4,64.99,81.17,89.01,316.2,0.0,65.68,22.85,87.43,28.15,0.456,10.72,1.12,-5.08,12.917932,79.128141,true,false,,false,
1564,2026-06-01T15:23:00Z,M06,OP02,SH-2026-06-01-M06-N,1680.6,72.89,81.17,89.88,319.0,0.0,65.96,22.92,87.36,28.33,0.524,4.76,2.63,-4.22,12.917241,79.128323,true,false,,false,
1565,2026-06-01T15:24:00Z,M06,OP02,SH-2026-06-01-M06-N,1710.6,75.42,81.46,90.2,331.6,0.0,66.25,23.27,87.29,28.42,0.495,2.37,2.43,-3.35,12.916914,79.128464,true,false,,false,
1566,2026-06-01T15:25:00Z,M06,OP02,SH-2026-06-01-M06-N,1766.2,72.41,81.99,90.65,305.9,0.0,66.38,23.96,87.22,28.39,0.523,1.77,4.86,-6.12,12.916695,79.128615,true,false,,false,
1567,2026-06-01T15:26:00Z,M06,OP02,SH-2026-06-01-M06-N,1753.7,67.44,82.27,91.47,328.5,0.0,66.47,24.09,87.14,28.22,0.533,0.98,3.76,-5.19,12.916557,79.128667,true,false,,false,
1568,2026-06-01T15:27:00Z,M06,OP02,SH-2026-06-01-M06-N,1594.6,55.12,82.44,91.3,307.5,0.0,66.4,24.67,87.07,28.14,0.475,17.02,0.66,-6.07,12.914083,79.129307,true,false,,false,
1569,2026-06-01T15:28:00Z,M06,OP02,SH-2026-06-01-M06-N,1540.0,48.51,82.49,91.17,294.3,0.0,66.52,24.0,86.99,28.17,0.432,22.13,0.91,-4.97,12.910765,79.129484,true,false,,false,
1570,2026-06-01T15:29:00Z,M06,OP02,SH-2026-06-01-M06-N,1606.6,61.36,82.8,91.59,300.0,0.0,66.62,23.35,86.92,28.21,0.436,7.78,0.89,-5.73,12.909636,79.129184,true,false,,false,
1571,2026-06-01T15:30:00Z,M06,OP02,SH-2026-06-01-M06-N,1487.2,56.64,82.82,90.78,296.7,0.0,66.5,24.48,86.85,28.21,0.353,19.21,2.95,-5.99,12.912418,79.129942,true,false,,false,
1572,2026-06-01T15:31:00Z,M06,OP02,SH-2026-06-01-M06-N,1439.9,49.19,82.45,90.43,308.7,0.0,66.39,25.03,86.77,28.28,0.321,20.35,1.22,-6.42,12.915176,79.131258,true,false,,false,
1573,2026-06-01T15:32:00Z,M06,OP02,SH-2026-06-01-M06-N,1591.6,61.53,82.37,90.55,328.3,0.0,66.36,23.81,86.7,28.17,0.325,6.68,2.05,-5.1,12.915489,79.13221,true,false,,false,
1574,2026-06-01T15:33:00Z,M06,OP02,SH-2026-06-01-M06-N,1610.4,66.84,82.8,90.52,331.1,0.0,66.61,23.31,86.62,28.15,0.286,2.66,4.09,-5.89,12.915694,79.132552,true,false,,false,
1575,2026-06-01T15:34:00Z,M06,OP02,SH-2026-06-01-M06-N,1665.5,62.05,82.89,89.91,324.4,0.0,66.68,23.71,86.55,28.17,0.329,1.14,2.9,-5.46,12.915815,79.132674,true,false,,false,
1576,2026-06-01T15:35:00Z,M06,OP02,SH-2026-06-01-M06-N,1669.0,60.12,82.87,90.08,312.9,0.0,66.68,23.72,86.48,28.29,0.325,1.83,3.41,-6.88,12.915902,79.132934,true,false,,false,
1577,2026-06-01T15:36:00Z,M06,OP02,SH-2026-06-01-M06-N,1658.0,64.23,82.87,90.65,316.2,0.0,66.73,22.71,86.4,28.37,0.322,1.91,3.82,-5.91,12.915909,79.133221,true,false,,false,
1578,2026-06-01T15:37:00Z,M06,OP02,SH-2026-06-01-M06-N,1486.3,50.07,82.72,90.51,292.3,0.0,66.76,21.9,86.33,28.36,0.344,14.38,2.2,-3.86,12.914493,79.134852,true,false,,false,
1579,2026-06-01T15:38:00Z,M06,OP02,SH-2026-06-01-M06-N,1462.7,46.55,82.21,90.86,292.1,0.0,66.58,22.5,86.27,28.39,0.352,18.07,2.25,-4.74,12.912831,79.136997,true,false,,false,
1580,2026-06-01T15:39:00Z,M06,OP02,SH-2026-06-01-M06-N,994.0,18.67,81.5,89.39,211.2,0.0,66.24,8.46,86.2,27.89,0.188,0.0,2.29,-4.72,12.912831,79.136997,true,true,,false,
1581,2026-06-01T15:40:00Z,M06,OP02,SH-2026-06-01-M06-N,1315.3,38.42,81.4,89.66,289.1,0.0,65.99,17.11,86.17,28.19,0.296,18.29,3.56,-5.6,12.913385,79.134308,true,false,,false,
1582,2026-06-01T15:41:00Z,M06,OP02,SH-2026-06-01-M06-N,1416.6,46.72,81.22,90.07,309.1,0.0,66.12,20.49,86.12,28.35,0.344,21.65,2.59,-4.69,12.914088,79.131134,true,false,,false,
1583,2026-06-01T15:42:00Z,M06,OP02,SH-2026-06-01-M06-N,1018.9,17.45,81.1,89.29,226.7,0.0,65.72,8.01,86.05,27.85,0.175,0.0,2.44,-4.8,12.914088,79.131134,true,true,,false,
1584,2026-06-01T15:43:00Z,M06,OP02,SH-2026-06-01-M06-N,877.1,11.32,80.83,88.48,216.7,0.0,65.3,4.16,86.03,27.68,0.153,0.0,2.65,-4.84,12.914088,79.131134,true,true,,false,
1585,2026-06-01T15:44:00Z,M06,OP02,SH-2026-06-01-M06-N,1433.8,50.17,81.43,89.1,312.3,0.0,65.38,17.05,86.02,28.06,0.281,2.24,2.1,-4.01,12.914015,79.130805,true,false,,false,
1586,2026-06-01T15:45:00Z,M06,OP02,SH-2026-06-01-M06-N,1591.2,59.82,81.8,89.33,320.0,0.0,65.44,19.92,85.96,28.05,0.375,1.15,1.69,-4.37,12.914094,79.130652,true,false,,false,
1587,2026-06-01T15:46:00Z,M06,OP02,SH-2026-06-01-M06-N,1507.4,52.38,81.94,89.25,307.2,0.0,65.39,20.96,85.9,27.98,0.365,7.58,0.69,-5.86,12.914213,79.12952,true,false,,false,
1588,2026-06-01T15:47:00Z,M06,OP02,SH-2026-06-01-M06-N,1453.7,50.62,81.97,89.96,296.5,0.0,65.48,21.44,85.84,27.99,0.388,9.06,0.38,-4.72,12.913606,79.128302,true,false,,false,
1589,2026-06-01T15:48:00Z,M06,OP02,SH-2026-06-01-M06-N,1576.9,61.14,82.15,90.92,319.0,0.0,65.46,22.02,85.77,27.95,0.326,2.64,1.32,-5.65,12.913658,79.127908,true,false,,false,
1590,2026-06-01T15:49:00Z,M06,OP02,SH-2026-06-01-M06-N,1466.6,57.43,82.22,91.61,304.0,0.0,65.46,23.13,85.7,28.07,0.369,13.09,1.99,-5.27,12.913508,79.125949,true,false,,false,
1591,2026-06-01T15:50:00Z,M06,OP02,SH-2026-06-01-M06-N,1454.6,52.56,82.42,92.09,302.5,0.0,65.25,23.33,85.63,28.28,0.316,21.41,2.06,-5.94,12.913038,79.122768,true,false,,false,
1592,2026-06-01T15:51:00Z,M06,OP02,SH-2026-06-01-M06-N,1028.9,21.32,82.22,90.73,195.1,0.0,65.0,9.35,85.56,27.86,0.185,0.0,2.38,-5.28,12.913038,79.122768,true,true,,false,
1593,2026-06-01T15:52:00Z,M06,OP02,SH-2026-06-01-M06-N,885.2,10.52,81.7,89.76,174.5,0.0,64.54,4.81,85.53,27.64,0.12,0.0,2.56,-4.74,12.913038,79.122768,true,true,,false,
1594,2026-06-01T15:53:00Z,M06,OP02,SH-2026-06-01-M06-N,841.4,8.3,81.67,89.33,171.8,0.0,63.99,3.94,85.52,27.58,0.112,0.0,2.25,-4.64,12.913038,79.122768,true,true,,false,
1595,2026-06-01T15:54:00Z,M06,OP02,SH-2026-06-01-M06-N,1277.2,43.66,82.38,90.08,243.6,0.0,63.88,20.98,85.5,27.99,0.292,19.57,2.35,-4.49,12.912695,79.11985,true,false,,false,
1596,2026-06-01T15:55:00Z,M06,OP02,SH-2026-06-01-M06-N,1401.0,51.89,82.82,90.66,261.6,0.0,63.91,26.34,85.44,28.27,0.361,23.62,3.03,-5.0,12.916081,79.120904,true,false,,false,
1597,2026-06-01T15:56:00Z,M06,OP02,SH-2026-06-01-M06-N,986.0,21.8,82.65,90.27,193.5,0.0,63.6,10.6,85.36,27.86,0.208,0.0,2.14,-5.36,12.916081,79.120904,true,true,,false,
1598,2026-06-01T15:57:00Z,M06,OP02,SH-2026-06-01-M06-N,1325.5,46.43,82.71,91.06,243.1,0.0,63.5,21.92,85.33,28.06,0.268,20.12,2.76,-3.51,12.918136,79.123118,true,false,,false,
1599,2026-06-01T15:58:00Z,M06,OP02,SH-2026-06-01-M06-N,1485.1,52.51,82.59,91.72,256.7,0.0,63.46,26.6,85.26,28.04,0.361,23.82,1.72,-6.72,12.9207,79.125612,true,false,,false,
1600,2026-06-01T15:59:00Z,M06,OP02,SH-2026-06-01-M06-N,1690.2,68.09,82.99,93.16,275.9,0.0,63.7,27.93,85.18,28.09,0.325,9.39,2.75,-5.12,12.921619,79.126681,true,false,,false,
1601,2026-06-01T16:00:00Z,M06,OP02,SH-2026-06-01-M06-N,1756.8,78.22,83.13,94.24,272.5,0.0,64.08,28.17,85.09,28.17,0.338,4.44,1.54,-5.27,12.922258,79.126874,true,false,,false,
1602,2026-06-01T16:01:00Z,M06,OP02,SH-2026-06-01-M06-N,1794.2,81.52,82.84,94.46,283.4,0.0,64.54,28.52,85.0,28.12,0.383,3.68,2.18,-4.31,12.922715,79.127184,true,false,,false,
1603,2026-06-01T16:02:00Z,M06,OP02,SH-2026-06-01-M06-N,1806.0,82.41,83.06,94.83,280.6,0.0,64.99,27.6,84.91,28.16,0.377,2.79,0.11,-4.67,12.923093,79.127365,true,false,,false,
1604,2026-06-01T16:03:00Z,M06,OP02,SH-2026-06-01-M06-N,1144.3,34.83,82.82,93.19,179.9,0.0,64.97,11.23,84.83,27.8,0.216,0.0,1.31,-4.72,12.923093,79.127365,true,true,,false,
1605,2026-06-01T16:04:00Z,M06,OP02,SH-2026-06-01-M06-N,940.3,19.91,81.95,92.46,153.4,0.0,64.39,6.43,84.79,27.67,0.145,0.0,1.94,-5.16,12.923093,79.127365,true,true,,false,
1606,2026-06-01T16:05:00Z,M06,OP02,SH-2026-06-01-M06-N,1323.0,41.85,82.07,91.6,238.0,0.0,64.23,22.7,84.77,27.98,0.394,16.65,4.34,-4.84,12.925561,79.127761,true,false,,false,
1607,2026-06-01T16:06:00Z,M06,OP02,SH-2026-06-01-M06-N,1472.5,49.18,82.24,91.35,270.0,0.0,64.21,27.49,84.7,28.12,0.459,23.11,3.13,-5.32,12.928865,79.12882,true,false,,false,
1608,2026-06-01T16:07:00Z,M06,OP02,SH-2026-06-01-M06-N,1046.1,25.3,82.12,90.8,189.1,0.0,63.92,10.92,84.62,27.8,0.227,0.0,2.79,-5.27,12.928865,79.12882,true,true,,false,
1609,2026-06-01T16:08:00Z,M06,OP02,SH-2026-06-01-M06-N,1390.6,43.83,82.46,91.37,239.2,0.0,63.92,23.19,84.59,28.08,0.411,20.86,3.58,-4.81,12.93164,79.130274,true,false,,false,
1610,2026-06-01T16:09:00Z,M06,OP02,SH-2026-06-01-M06-N,1455.0,51.75,82.76,92.46,257.0,0.0,63.9,27.54,84.51,28.12,0.49,24.23,2.76,-4.71,12.928321,79.131764,true,false,,false,
1611,2026-06-01T16:10:00Z,M06,OP02,SH-2026-06-01-M06-N,1638.3,66.68,83.83,93.57,286.2,0.0,63.97,27.14,84.43,28.1,0.617,8.44,3.17,-3.84,12.927615,79.132817,true,false,,false,
1612,2026-06-01T16:11:00Z,M06,OP02,SH-2026-06-01-M06-N,1684.0,73.02,84.27,94.32,300.8,0.0,64.36,27.3,84.35,28.07,0.685,3.62,2.98,-4.0,12.927238,79.13321,true,false,,false,
1613,2026-06-01T16:12:00Z,M06,OP02,SH-2026-06-01-M06-N,1097.4,33.75,83.54,92.85,208.4,0.0,64.27,10.88,84.26,27.68,0.338,0.0,2.75,-4.07,12.927238,79.13321,true,true,,false,
1614,2026-06-01T16:13:00Z,M06,OP02,SH-2026-06-01-M06-N,931.2,17.64,83.19,91.17,169.2,0.0,64.02,5.83,84.23,27.62,0.236,0.0,2.72,-4.78,12.927238,79.13321,true,true,,false,
1615,2026-06-01T16:14:00Z,M06,OP02,SH-2026-06-01-M06-N,1275.0,50.82,82.89,91.04,240.9,0.0,64.09,20.48,84.21,27.88,0.485,10.7,1.46,-4.12,12.926235,79.134464,true,false,,false,
1616,2026-06-01T16:15:00Z,M06,OP02,SH-2026-06-01-M06-N,1448.8,57.58,82.56,90.6,255.7,0.0,64.04,25.51,84.15,27.97,0.552,16.93,2.37,-4.72,12.924526,79.136346,true,false,,false,
1617,2026-06-01T16:16:00Z,M06,OP02,SH-2026-06-01-M06-N,1624.9,73.79,83.07,90.57,270.5,0.0,64.52,27.05,84.07,28.05,0.649,6.34,2.6,-5.6,12.923919,79.13708,true,false,,false,
1618,2026-06-01T16:17:00Z,M06,OP02,SH-2026-06-01-M06-N,1514.1,67.6,83.36,90.59,274.0,0.0,64.74,27.43,83.98,28.06,0.599,18.71,2.47,-3.94,12.922071,79.139195,true,false,,false,
1619,2026-06-01T16:18:00Z,M06,OP02,SH-2026-06-01-M06-N,1493.1,63.17,83.39,90.82,274.3,0.0,64.7,27.67,83.9,28.17,0.521,22.92,3.52,-3.76,12.921892,79.135759,true,false,,false,
1620,2026-06-01T16:19:00Z,M06,OP02,SH-2026-06-01-M06-N,1588.4,78.46,83.47,90.64,300.7,0.0,64.9,27.97,83.81,28.14,0.596,8.18,4.0,-4.51,12.922028,79.134538,true,false,,false,
1621,2026-06-01T16:20:00Z,M06,OP02,SH-2026-06-01-M06-N,1578.0,84.87,83.71,91.19,307.2,0.0,65.44,27.63,83.73,28.16,0.63,3.98,2.13,-5.17,12.921878,79.13396,true,false,,false,
1622,2026-06-01T16:21:00Z,M06,OP02,SH-2026-06-01-M06-N,1614.3,82.97,83.73,92.1,309.0,0.0,65.73,27.9,83.64,28.1,0.725,2.46,3.83,-2.63,12.921854,79.133591,true,false,,false,
1623,2026-06-01T16:22:00Z,M06,OP02,SH-2026-06-01-M06-N,1602.6,79.5,83.37,93.17,298.8,0.0,65.96,28.43,83.56,28.08,0.674,2.53,4.67,-4.63,12.921693,79.133246,true,false,,false,
1624,2026-06-01T16:23:00Z,M06,OP02,SH-2026-06-01-M06-N,1629.2,73.45,83.68,93.45,294.7,0.0,66.27,28.38,83.47,28.1,0.676,2.3,3.28,-4.66,12.92151,79.132954,true,false,,false,
1625,2026-06-01T16:24:00Z,M06,OP02,SH-2026-06-01-M06-N,1497.9,62.06,83.45,93.92,281.7,0.0,66.3,28.73,83.38,28.19,0.608,23.51,2.49,-3.82,12.919607,79.12998,true,false,,false,
1626,2026-06-01T16:25:00Z,M06,OP02,SH-2026-06-01-M06-N,1519.5,60.9,82.78,94.27,300.7,0.0,66.35,28.37,83.29,28.27,0.631,31.72,2.24,-4.9,12.915785,79.127139,true,false,,false,
1627,2026-06-01T16:26:00Z,M06,OP02,SH-2026-06-01-M06-N,1657.0,72.24,83.44,94.95,330.6,0.0,66.57,28.45,83.21,28.3,0.682,11.62,1.72,-4.52,12.914043,79.127039,true,false,,false,
1628,2026-06-01T16:27:00Z,M06,OP02,SH-2026-06-01-M06-N,1530.9,58.32,83.61,94.94,316.9,0.0,66.65,28.41,83.12,28.34,0.619,28.25,3.34,-4.21,12.909858,79.126348,true,false,,false,
1629,2026-06-01T16:28:00Z,M06,OP02,SH-2026-06-01-M06-N,1466.5,52.74,83.76,94.9,309.3,0.0,66.77,28.23,83.03,28.29,0.577,29.29,1.84,-3.58,12.914254,79.126469,true,false,,false,
1630,2026-06-01T16:29:00Z,M06,OP02,SH-2026-06-01-M06-N,1575.0,71.96,84.42,95.02,334.6,0.0,67.02,27.85,82.94,28.29,0.621,10.32,1.77,-2.79,12.915751,79.126868,true,false,,false,
1631,2026-06-01T16:30:00Z,M06,OP02,SH-2026-06-01-M06-N,1642.9,78.2,85.16,94.6,334.9,0.0,67.27,28.5,82.86,28.06,0.651,4.01,0.93,-3.72,12.916063,79.127383,true,false,,false,
1632,2026-06-01T16:31:00Z,M06,OP02,SH-2026-06-01-M06-N,1071.7,36.25,84.56,93.14,230.7,0.0,67.03,11.1,82.77,27.65,0.354,0.0,1.79,-4.3,12.916063,79.127383,true,true,,false,
1633,2026-06-01T16:32:00Z,M06,OP02,SH-2026-06-01-M06-N,1363.8,55.01,84.68,92.94,290.3,0.0,67.06,24.16,82.73,27.9,0.491,15.51,2.23,-4.42,12.917528,79.129194,true,false,,false,
1634,2026-06-01T16:33:00Z,M06,OP02,SH-2026-06-01-M06-N,1455.0,53.49,84.86,93.6,323.5,0.0,66.92,27.3,82.66,28.11,0.573,15.62,0.49,-3.8,12.919385,79.130626,true,false,,false,
1635,2026-06-01T16:34:00Z,M06,OP02,SH-2026-06-01-M06-N,1019.1,26.53,84.67,92.49,245.7,0.0,66.66,11.04,82.58,27.69,0.282,0.0,1.16,-4.46,12.919385,79.130626,true,true,,false,
1636,2026-06-01T16:35:00Z,M06,OP02,SH-2026-06-01-M06-N,1364.3,48.35,84.96,92.74,315.4,0.0,66.55,22.46,82.54,28.08,0.496,10.32,1.2,-5.29,12.920303,79.131875,true,false,,false,
1637,2026-06-01T16:36:00Z,M06,OP02,SH-2026-06-01-M06-N,1464.9,57.29,84.94,92.63,339.0,0.0,66.59,25.89,82.47,28.2,0.58,12.37,-0.19,-5.34,12.921479,79.133314,true,false,,false,
1638,2026-06-01T16:37:00Z,M06,OP02,SH-2026-06-01-M06-N,1018.3,25.75,84.2,91.56,262.3,0.0,66.34,9.91,82.39,27.72,0.32,0.0,1.09,-5.16,12.921479,79.133314,true,true,,false,
1639,2026-06-01T16:38:00Z,M06,OP02,SH-2026-06-01-M06-N,902.6,18.08,84.08,90.7,224.9,0.0,65.96,5.4,82.36,27.62,0.228,0.0,1.74,-4.98,12.921479,79.133314,true,true,,false,
1640,2026-06-01T16:39:00Z,M06,OP02,SH-2026-06-01-M06-N,1477.1,64.72,84.81,91.35,315.1,0.0,65.98,20.24,82.35,27.99,0.583,0.51,1.45,-4.69,12.921542,79.133359,true,false,,false,
1641,2026-06-01T16:40:00Z,M06,OP02,SH-2026-06-01-M06-N,1050.2,32.52,84.65,90.57,243.1,0.0,65.64,7.81,82.28,27.76,0.299,0.0,2.09,-4.57,12.921542,79.133359,true,true,,false,
1642,2026-06-01T16:41:00Z,M06,OP02,SH-2026-06-01-M06-N,908.1,20.34,84.33,89.9,227.5,0.0,65.24,4.65,82.26,27.76,0.243,0.0,2.08,-4.51,12.921542,79.133359,true,true,,false,
1643,2026-06-01T16:42:00Z,M06,OP02,SH-2026-06-01-M06-N,1345.9,45.21,84.83,90.48,297.5,0.0,65.23,19.32,82.24,27.98,0.53,11.19,1.13,-5.27,12.922664,79.134609,true,false,,false,
1644,2026-06-01T16:43:00Z,M06,OP02,SH-2026-06-01-M06-N,1495.3,53.49,84.46,90.62,317.0,0.0,65.26,23.06,82.18,28.01,0.587,12.91,2.46,-5.16,12.923777,79.136196,true,false,,false,
1645,2026-06-01T16:44:00Z,M06,OP02,SH-2026-06-01-M06-N,1054.6,25.4,84.24,90.12,244.9,0.0,64.71,8.89,82.11,27.72,0.289,0.0,2.56,-4.84,12.923777,79.136196,true,true,,false,
1646,2026-06-01T16:45:00Z,M06,OP02,SH-2026-06-01-M06-N,1354.7,46.04,84.22,91.15,318.8,0.0,64.6,20.83,82.09,28.02,0.493,9.31,4.52,-7.03,12.924778,79.137173,true,false,,false,
1647,2026-06-01T16:46:00Z,M06,OP02,SH-2026-06-01-M06-N,1450.4,52.71,84.48,92.25,335.3,0.0,64.73,24.45,82.02,28.18,0.554,14.15,4.45,-5.64,12.925284,79.139237,true,false,,false,
1648,2026-06-01T16:47:00Z,M06,OP02,SH-2026-06-01-M06-N,1636.6,73.42,85.14,93.46,376.1,0.0,65.0,25.62,81.95,28.28,0.658,4.97,3.42,-3.02,12.924872,79.138615,true,false,,false,
1649,2026-06-01T16:48:00Z,M06,OP02,SH-2026-06-01-M06-N,1634.5,83.0,86.2,94.25,377.8,0.0,65.3,26.34,81.87,28.33,0.65,2.03,3.68,-4.14,12.924745,79.138338,true,false,,false,
1650,2026-06-01T16:49:00Z,M06,OP02,SH-2026-06-01-M06-N,1059.3,38.88,85.86,93.14,271.2,0.0,65.1,10.18,81.79,27.94,0.341,0.0,2.93,-4.23,12.924745,79.138338,true,true,,false,
1651,2026-06-01T16:50:00Z,M06,OP02,SH-2026-06-01-M06-N,900.5,21.16,85.72,92.43,232.1,0.0,64.82,5.13,81.75,27.85,0.232,0.0,2.75,-4.72,12.924745,79.138338,true,true,,false,
1652,2026-06-01T16:51:00Z,M06,OP02,SH-2026-06-01-M06-N,854.8,16.25,85.72,91.43,232.3,0.0,64.29,3.55,81.74,27.83,0.225,0.0,2.49,-4.45,12.924745,79.138338,true,true,,false,
1653,2026-06-01T16:52:00Z,M06,OP02,SH-2026-06-01-M06-N,1289.4,45.63,85.43,91.8,315.4,0.0,64.32,17.92,81.73,28.25,0.492,25.2,3.13,-5.45,12.922328,79.135427,true,false,,false,
1654,2026-06-01T16:53:00Z,M06,OP02,SH-2026-06-01-M06-N,1401.1,53.47,85.61,91.98,350.2,0.0,64.38,21.61,81.67,28.32,0.565,31.62,3.63,-5.08,12.917906,79.133698,true,false,,false,
1655,2026-06-01T16:54:00Z,M06,OP02,SH-2026-06-01-M06-N,985.5,24.95,85.62,90.96,261.7,0.0,64.24,8.37,81.61,27.98,0.3,0.0,2.59,-5.3,12.917906,79.133698,true,true,,false,
1656,2026-06-01T16:55:00Z,M06,OP02,SH-2026-06-01-M06-N,1287.8,47.15,85.89,91.35,313.7,0.0,64.18,18.3,81.58,28.3,0.492,27.59,2.9,-4.84,12.914163,79.131925,true,false,,false,
1657,2026-06-01T16:56:00Z,M06,OP02,SH-2026-06-01-M06-N,1425.1,56.48,85.97,92.05,326.8,0.0,64.11,21.09,81.52,28.4,0.47,33.1,1.51,-5.67,12.911648,79.127638,true,false,,false,
1658,2026-06-01T16:57:00Z,M06,OP02,SH-2026-06-01-M06-N,1623.3,67.62,86.96,93.38,346.8,0.0,64.36,22.46,81.46,28.37,0.558,12.03,1.46,-5.07,12.910267,79.126472,true,false,,false,
1659,2026-06-01T16:58:00Z,M06,OP02,SH-2026-06-01-M06-N,1638.7,71.87,87.83,94.09,371.7,0.0,64.63,23.33,81.39,28.29,0.564,5.09,2.62,-5.7,12.90952,79.126315,true,false,,false,
1660,2026-06-01T16:59:00Z,M06,OP02,SH-2026-06-01-M06-N,1642.3,78.5,87.99,94.9,362.5,0.0,64.86,23.4,81.32,28.36,0.595,3.03,4.46,-4.55,12.909975,79.126323,true,false,,false,
1661,2026-06-01T17:00:00Z,M06,OP02,SH-2026-06-01-M06-N,1633.9,82.72,88.52,95.8,362.5,0.0,65.55,21.4,81.24,28.27,0.622,2.57,3.1,-4.62,12.91031,79.126514,true,false,,false,
1662,2026-06-01T17:01:00Z,M06,OP02,SH-2026-06-01-M06-N,1634.8,81.99,89.73,96.4,375.0,0.0,65.86,21.33,81.18,28.22,0.638,2.35,1.37,-4.15,12.910649,79.126611,true,false,,false,
1663,2026-06-01T17:02:00Z,M06,OP02,SH-2026-06-01-M06-N,1633.8,78.99,90.26,96.75,354.5,0.0,66.26,20.38,81.11,28.18,0.625,2.56,1.58,-5.13,12.910972,79.126821,true,false,,false,
1664,2026-06-01T17:03:00Z,M06,OP02,SH-2026-06-01-M06-N,1467.8,70.48,90.52,96.15,323.6,0.0,66.43,20.17,81.05,28.12,0.581,25.19,3.49,-5.43,12.91421,79.128775,true,false,,false,
1665,2026-06-01T17:04:00Z,M06,OP02,SH-2026-06-01-M06-N,1424.9,66.23,90.58,96.22,316.7,0.0,66.51,20.09,80.99,28.09,0.551,29.01,2.92,-6.22,12.917201,79.131941,true,false,,false,
1666,2026-06-01T17:05:00Z,M06,OP02,SH-2026-06-01-M06-N,1572.9,77.87,90.95,96.54,331.5,0.0,66.82,20.67,80.93,28.05,0.651,10.16,2.44,-5.1,12.918341,79.132955,true,false,,false,
1667,2026-06-01T17:06:00Z,M06,OP02,SH-2026-06-01-M06-N,1444.9,67.25,90.87,96.04,323.8,0.0,66.82,21.41,80.86,28.06,0.579,23.36,3.75,-6.63,12.920167,79.13595,true,false,,false,
1668,2026-06-01T17:07:00Z,M06,OP02,SH-2026-06-01-M06-N,1417.6,59.85,90.64,95.53,304.6,0.0,66.81,21.57,80.8,27.92,0.628,26.23,2.64,-5.08,12.922353,79.139227,true,false,,false,
1669,2026-06-01T17:08:00Z,M06,OP02,SH-2026-06-01-M06-N,1597.5,75.87,90.78,96.02,319.0,0.0,67.26,21.48,80.73,27.91,0.691,9.22,2.76,-5.91,12.921497,79.13814,true,false,,false,
1670,2026-06-01T17:09:00Z,M06,OP02,SH-2026-06-01-M06-N,1616.7,78.46,91.16,96.06,318.3,0.0,67.54,22.28,80.66,27.83,0.629,4.66,2.9,-4.04,12.921049,79.137603,true,false,,false,
1671,2026-06-01T17:10:00Z,M06,OP02,SH-2026-06-01-M06-N,1650.6,83.61,91.37,96.15,310.8,0.0,67.86,22.73,80.59,27.71,0.64,3.13,0.7,-4.07,12.920896,79.137158,true,false,,false,
1672,2026-06-01T17:11:00Z,M06,OP02,SH-2026-06-01-M06-N,1620.6,86.25,91.08,96.89,298.4,0.0,68.18,22.79,80.52,27.55,0.626,3.15,3.08,-4.97,12.920555,79.136829,true,false,,false,
1673,2026-06-01T17:12:00Z,M06,OP02,SH-2026-06-01-M06-N,1513.4,71.32,90.74,97.03,278.9,0.0,68.4,23.08,80.45,27.65,0.567,23.37,1.31,-1.77,12.919717,79.133422,true,false,,false,
1674,2026-06-01T17:13:00Z,M06,OP02,SH-2026-06-01-M06-N,1424.5,69.32,90.34,97.09,279.8,0.0,68.46,22.99,80.38,27.72,0.541,29.36,-1.18,-1.92,12.919619,79.129015,true,false,,false,
1675,2026-06-01T17:14:00Z,M06,OP02,SH-2026-06-01-M06-N,1418.8,60.48,90.45,97.21,268.8,0.0,68.53,23.36,80.31,27.66,0.478,29.43,-0.35,-1.87,12.917399,79.125193,true,false,,false,
1676,2026-06-01T17:15:00Z,M06,OP02,SH-2026-06-01-M06-N,1419.6,63.51,90.23,97.16,263.9,0.0,68.69,23.98,80.24,27.7,0.524,32.62,1.46,-0.26,12.914525,79.121227,true,false,,false,
1677,2026-06-01T17:16:00Z,M06,OP02,SH-2026-06-01-M06-N,1465.7,64.08,90.1,97.14,268.0,0.0,68.67,24.29,80.17,27.56,0.508,33.34,0.42,-0.9,12.910737,79.117953,true,false,,false,
1678,2026-06-01T17:17:00Z,M06,OP02,SH-2026-06-01-M06-N,1479.1,62.13,89.99,96.65,269.8,0.0,68.85,24.24,80.09,27.6,0.524,34.34,0.43,0.15,12.915622,79.119601,true,false,,false,
1679,2026-06-01T17:18:00Z,M06,OP02,SH-2026-06-01-M06-N,1479.7,66.17,89.75,96.68,272.9,0.0,68.92,24.22,80.02,27.56,0.53,33.4,-0.47,-0.29,12.917234,79.12435,true,false,,false,
1680,2026-06-01T17:19:00Z,M06,OP02,SH-2026-06-01-M06-N,1486.6,65.22,89.68,96.73,263.2,0.0,68.98,24.9,79.94,27.48,0.526,34.13,-3.17,0.63,12.920631,79.128187,true,false,,false,
1681,2026-06-01T17:20:00Z,M06,OP02,SH-2026-06-01-M06-N,1646.4,76.54,89.88,97.08,279.3,0.0,69.15,25.75,79.86,27.46,0.557,12.89,1.06,-5.09,12.921235,79.130026,true,false,,false,
1682,2026-06-01T17:21:00Z,M06,OP02,SH-2026-06-01-M06-N,1723.1,81.14,89.7,98.07,279.2,0.0,69.38,25.26,79.78,27.38,0.542,5.81,2.84,-6.08,12.921427,79.130876,true,false,,false,
1683,2026-06-01T17:22:00Z,M06,OP02,SH-2026-06-01-M06-N,1720.0,84.91,90.29,99.0,283.4,0.0,69.81,26.24,79.71,27.4,0.57,2.95,3.4,-4.69,12.921586,79.13129,true,false,,false,
1684,2026-06-01T17:23:00Z,M06,OP02,SH-2026-06-01-M06-N,1730.0,86.03,90.18,99.13,284.5,0.0,70.17,26.67,79.63,27.37,0.568,2.8,3.53,-5.83,12.921724,79.131688,true,false,,false,
1685,2026-06-01T17:24:00Z,M06,OP02,SH-2026-06-01-M06-N,1711.1,87.06,90.54,100.13,291.8,0.0,70.43,27.07,79.54,27.4,0.546,2.8,5.21,-5.45,12.921961,79.132035,true,false,,false,
1686,2026-06-01T17:25:00Z,M06,OP02,SH-2026-06-01-M06-N,1623.2,72.49,89.88,99.97,272.9,0.0,70.61,28.19,79.46,27.44,0.51,25.63,4.74,-8.39,12.922991,79.135744,true,false,,false,
1687,2026-06-01T17:26:00Z,M06,OP02,SH-2026-06-01-M06-N,1564.2,68.66,89.48,99.8,260.7,0.0,70.58,26.84,79.37,27.41,0.516,28.36,2.93,-8.52,12.92262,79.139987,true,false,,false,
1688,2026-06-01T17:27:00Z,M06,OP02,SH-2026-06-01-M06-N,1554.5,68.59,89.2,100.08,271.1,0.0,70.68,26.97,79.29,27.45,0.492,25.99,3.05,-7.28,12.921366,79.136292,true,false,,false,
1689,2026-06-01T17:28:00Z,M06,OP02,SH-2026-06-01-M06-N,1582.5,66.31,88.95,99.97,269.7,0.0,70.66,27.18,79.21,27.49,0.494,25.84,5.5,-4.55,12.92011,79.132622,true,false,,false,
1690,2026-06-01T17:29:00Z,M06,OP02,SH-2026-06-01-M06-N,1610.6,63.51,88.81,100.02,265.8,0.0,70.71,26.87,79.12,27.55,0.5,26.36,5.86,-4.52,12.919922,79.128669,true,false,,false,
1691,2026-06-01T17:30:00Z,M06,OP02,SH-2026-06-01-M06-N,1576.6,64.17,88.9,99.98,257.7,0.0,70.58,27.55,79.04,27.49,0.497,29.63,5.72,-6.35,12.91721,79.125143,true,false,,false,
1692,2026-06-01T17:31:00Z,M06,OP02,SH-2026-06-01-M06-N,1701.8,81.75,89.35,100.38,280.0,0.0,70.89,27.74,78.95,27.48,0.593,11.19,4.5,-7.53,12.916263,79.123755,true,false,,false,
1693,2026-06-01T17:32:00Z,M06,OP02,SH-2026-06-01-M06-N,1555.9,67.84,89.29,100.15,282.2,0.0,70.93,27.41,78.87,27.37,0.552,27.95,5.28,-9.03,12.913375,79.120712,true,false,,false,
1694,2026-06-01T17:33:00Z,M06,OP02,SH-2026-06-01-M06-N,1557.0,63.98,89.42,99.65,282.4,0.0,70.98,26.48,78.78,27.38,0.53,26.77,2.88,-5.91,12.916344,79.123421,true,false,,false,
1695,2026-06-01T17:34:00Z,M06,OP02,SH-2026-06-01-M06-N,1520.1,69.02,89.49,99.9,270.3,0.0,71.08,26.39,78.7,27.36,0.504,26.68,3.18,-5.54,12.919544,79.125831,true,false,,false,
1696,2026-06-01T17:35:00Z,M06,OP02,SH-2026-06-01-M06-N,1500.3,64.22,89.55,99.86,268.5,0.0,71.06,25.84,78.62,27.39,0.447,22.82,3.78,-4.87,12.92269,79.127188,true,false,,false,
1697,2026-06-01T17:36:00Z,M06,OP02,SH-2026-06-01-M06-N,1530.6,62.58,89.99,100.5,265.7,0.0,71.16,25.34,78.54,27.41,0.394,20.42,3.51,-4.48,12.925447,79.128531,true,false,,false,
1698,2026-06-01T17:37:00Z,M06,OP02,SH-2026-06-01-M06-N,1518.7,57.98,90.63,100.83,261.1,0.0,71.06,25.89,78.46,27.47,0.379,19.3,2.33,-2.64,12.927167,79.130862,true,false,,false,
1699,2026-06-01T17:38:00Z,M06,OP02,SH-2026-06-01-M06-N,1674.7,74.29,90.99,101.44,281.4,0.0,71.25,25.69,78.38,27.39,0.386,6.83,2.72,-5.53,12.928055,79.131376,true,false,,false,
1700,2026-06-01T17:39:00Z,M06,OP02,SH-2026-06-01-M06-N,1688.1,79.6,91.4,101.57,294.7,0.0,71.31,26.33,78.3,27.41,0.39,3.96,2.97,-7.36,12.928649,79.131415,true,false,,false,
1701,2026-06-01T17:40:00Z,M06,OP02,SH-2026-06-01-M06-N,1655.4,80.54,91.76,101.83,308.2,0.0,71.35,27.31,78.22,27.41,0.352,2.1,2.57,-6.91,12.928935,79.131281,true,false,,false,
1702,2026-06-01T17:41:00Z,M06,OP02,SH-2026-06-01-M06-N,1702.4,85.15,91.96,102.0,325.8,0.0,71.62,27.56,78.14,27.41,0.338,0.89,2.62,-7.95,12.929024,79.131181,true,false,,false,
1703,2026-06-01T17:42:00Z,M06,OP02,SH-2026-06-01-M06-N,1586.6,65.41,91.96,101.49,298.3,0.0,71.53,27.42,78.05,27.41,0.336,11.18,4.56,-6.62,12.930413,79.130238,true,false,,false,
1704,2026-06-01T17:43:00Z,M06,OP02,SH-2026-06-01-M06-N,1529.7,61.09,91.81,101.06,293.3,0.0,71.51,27.57,77.97,27.37,0.353,16.58,3.0,-7.8,12.92793,79.130423,true,false,,false,
1705,2026-06-01T17:44:00Z,M06,OP02,SH-2026-06-01-M06-N,1508.6,58.94,91.61,100.46,289.6,0.0,71.34,27.6,77.88,27.51,0.355,22.36,2.05,-5.75,12.924734,79.13145,true,false,,false,
1706,2026-06-01T17:45:00Z,M06,OP02,SH-2026-06-01-M06-N,1507.6,64.66,91.58,100.13,300.1,0.0,71.46,29.18,77.8,27.48,0.351,25.95,3.95,-5.1,12.920862,79.131891,true,false,,false,
1707,2026-06-01T17:46:00Z,M06,OP02,SH-2026-06-01-M06-N,1506.8,64.22,91.6,99.19,311.1,0.0,71.36,28.62,77.71,27.45,0.375,31.38,2.94,-5.23,12.91618,79.132422,true,false,,false,
1708,2026-06-01T17:47:00Z,M06,OP02,SH-2026-06-01-M06-N,1473.1,65.36,91.29,98.94,299.5,0.0,71.3,28.4,77.62,27.31,0.392,32.42,2.47,-6.36,12.911406,79.131472,true,false,,false,
1709,2026-06-01T17:48:00Z,M06,OP02,SH-2026-06-01-M06-N,1019.2,26.31,90.9,97.3,211.4,0.0,70.83,10.9,77.53,26.96,0.178,0.0,2.84,-6.43,12.911406,79.131472,true,true,,false,
1710,2026-06-01T17:49:00Z,M06,OP02,SH-2026-06-01-M06-N,1321.9,50.63,90.96,96.95,269.2,0.0,70.69,23.65,77.5,27.22,0.319,28.31,2.66,-4.05,12.907156,79.131512,true,false,,false,
1711,2026-06-01T17:50:00Z,M06,OP02,SH-2026-06-01-M06-N,1453.3,58.83,90.93,96.86,285.8,0.0,70.66,28.06,77.43,27.22,0.36,33.16,3.75,-4.85,12.911451,79.128996,true,false,,false,
1712,2026-06-01T17:51:00Z,M06,OP02,SH-2026-06-01-M06-N,1511.2,62.09,90.94,96.26,296.0,0.0,70.67,29.62,77.34,27.21,0.395,34.06,2.12,-6.03,12.915949,79.126561,true,false,,false,
1713,2026-06-01T17:52:00Z,M06,OP02,SH-2026-06-01-M06-N,1551.0,58.2,90.63,96.6,302.7,0.0,70.66,30.04,77.25,27.19,0.445,34.48,5.33,-6.51,12.921124,79.126708,true,false,,false,
1714,2026-06-01T17:53:00Z,M06,OP02,SH-2026-06-01-M06-N,1528.5,62.69,90.55,96.86,290.5,0.0,70.6,29.84,77.16,27.22,0.48,34.4,5.81,-7.82,12.926271,79.127159,true,false,,false,
1715,2026-06-01T17:54:00Z,M06,OP02,SH-2026-06-01-M06-N,1492.2,62.54,90.44,96.25,294.5,0.0,70.71,29.79,77.06,27.17,0.471,34.79,5.0,-5.56,12.931493,79.127244,true,false,,false,
1716,2026-06-01T17:55:00Z,M06,OP02,SH-2026-06-01-M06-N,1617.8,75.25,90.75,96.52,313.9,0.0,70.77,29.56,76.97,27.29,0.493,12.76,3.86,-7.07,12.929653,79.127781,true,false,,false,
1717,2026-06-01T17:56:00Z,M06,OP02,SH-2026-06-01-M06-N,1632.9,84.23,91.16,96.69,327.8,0.0,71.19,29.32,76.88,27.48,0.47,5.35,4.21,-4.74,12.928904,79.12807,true,false,,false,
1718,2026-06-01T17:57:00Z,M06,OP02,SH-2026-06-01-M06-N,1616.0,82.63,91.16,96.23,340.4,0.0,71.5,29.78,76.79,27.55,0.489,3.68,2.53,-6.58,12.928444,79.128377,true,false,,false,
1719,2026-06-01T17:58:00Z,M06,OP02,SH-2026-06-01-M06-N,1041.2,35.58,90.38,94.44,240.0,0.0,71.0,11.76,76.7,27.28,0.249,0.0,2.94,-6.77,12.928444,79.128377,true,true,,false,
1720,2026-06-01T17:59:00Z,M06,OP02,SH-2026-06-01-M06-N,890.7,19.39,89.31,93.04,207.2,0.0,70.37,6.16,76.66,27.17,0.156,0.0,3.21,-6.32,12.928444,79.128377,true,true,,false,
1721,2026-06-01T18:00:00Z,M06,OP02,SH-2026-06-01-M06-N,1250.8,47.55,89.39,93.26,285.4,0.0,70.23,21.65,76.64,27.43,0.406,19.16,3.39,-6.76,12.925803,79.129518,true,false,,false,
1722,2026-06-01T18:01:00Z,M06,OP02,SH-2026-06-01-M06-N,1367.7,57.02,89.3,92.72,317.6,0.0,69.97,26.78,76.58,27.47,0.46,27.66,2.81,-7.87,12.922538,79.132084,true,false,,false,
1723,2026-06-01T18:02:00Z,M06,OP02,SH-2026-06-01-M06-N,1360.1,55.25,89.61,92.88,318.9,0.0,69.79,28.99,76.49,27.45,0.448,31.01,3.29,-7.39,12.918896,79.134985,true,false,,false,
1724,2026-06-01T18:03:00Z,M06,OP02,SH-2026-06-01-M06-N,1402.6,47.0,89.76,93.43,322.6,0.0,69.57,29.72,76.4,27.4,0.457,29.26,4.23,-6.38,12.914929,79.136873,true,false,,false,
1725,2026-06-01T18:04:00Z,M06,OP02,SH-2026-06-01-M06-N,1410.8,50.11,89.92,92.47,305.8,0.0,69.47,29.89,76.31,27.35,0.446,25.88,2.75,-8.21,12.911059,79.137229,true,false,,false,
1726,2026-06-01T18:05:00Z,M06,OP02,SH-2026-06-01-M06-N,1466.3,50.98,89.94,92.31,291.7,0.0,69.29,30.25,76.22,27.33,0.439,22.55,4.61,-8.09,12.91293,79.134407,true,false,,false,
1727,2026-06-01T18:06:00Z,M06,OP02,SH-2026-06-01-M06-N,1598.0,71.12,90.62,92.37,322.3,0.0,69.45,30.33,76.13,27.36,0.503,7.8,4.52,-8.4,12.913506,79.133388,true,false,,false,
1728,2026-06-01T18:07:00Z,M06,OP02,SH-2026-06-01-M06-N,1545.7,59.04,90.93,92.26,302.0,0.0,69.41,30.37,76.03,27.46,0.456,17.63,4.09,-7.42,12.914635,79.130993,true,false,,false,
1729,2026-06-01T18:08:00Z,M06,OP02,SH-2026-06-01-M06-N,1541.4,49.49,90.99,91.93,283.9,0.0,69.21,30.02,75.94,27.38,0.39,19.5,1.85,-6.36,12.915972,79.128389,true,false,,false,
1730,2026-06-01T18:09:00Z,M06,OP02,SH-2026-06-01-M06-N,1517.4,46.48,91.04,91.14,280.5,0.0,69.01,30.35,75.85,27.31,0.398,22.02,3.02,-7.11,12.917894,79.125697,true,false,,false,
1731,2026-06-01T18:10:00Z,M06,OP02,SH-2026-06-01-M06-N,1487.1,45.46,90.87,89.71,279.0,0.0,68.66,29.98,75.75,27.32,0.449,21.56,2.5,-8.16,12.919141,79.12271,true,false,,false,
1732,2026-06-01T18:11:00Z,M06,OP02,SH-2026-06-01-M06-N,1506.2,44.8,90.67,89.14,281.4,0.0,68.49,29.83,75.66,27.27,0.428,19.6,1.29,-7.81,12.920667,79.120194,true,false,,false,
1733,2026-06-01T18:12:00Z,M06,OP02,SH-2026-06-01-M06-N,1507.1,46.11,90.53,88.82,277.6,0.0,68.36,29.57,75.57,27.23,0.395,21.39,3.24,-7.27,12.92176,79.117174,true,false,,false,
1734,2026-06-01T18:13:00Z,M06,OP02,SH-2026-06-01-M06-N,1040.5,19.59,90.18,88.01,214.8,0.0,67.86,11.27,75.48,26.89,0.19,0.0,2.98,-7.11,12.92176,79.117174,true,true,,false,
1735,2026-06-01T18:14:00Z,M06,OP02,SH-2026-06-01-M06-N,898.9,13.94,89.58,87.06,184.9,0.0,67.32,6.12,75.44,26.83,0.169,0.0,3.14,-7.08,12.92176,79.117174,true,true,,false,
1736,2026-06-01T18:15:00Z,M06,OP02,SH-2026-06-01-M06-N,849.8,14.09,89.35,85.53,175.6,0.0,66.92,4.7,75.42,26.76,0.171,0.0,3.02,-6.99,12.92176,79.117174,true,true,,false,
1737,2026-06-01T18:16:00Z,M06,OP02,SH-2026-06-01-M06-N,814.7,13.94,89.25,84.66,183.1,0.0,66.44,4.04,75.41,26.85,0.184,0.0,3.0,-6.68,12.92176,79.117174,true,true,,false,
1738,2026-06-01T18:17:00Z,M06,OP02,SH-2026-06-01-M06-N,835.8,15.62,89.03,84.12,170.3,0.0,66.07,3.93,75.4,26.87,0.129,0.0,3.26,-6.44,12.92176,79.117174,true,true,,false,
1739,2026-06-01T18:18:00Z,M06,OP02,SH-2026-06-01-M06-N,1248.1,43.59,89.04,84.78,262.4,0.0,66.02,21.08,75.38,27.13,0.3,19.84,4.67,-6.54,12.921607,79.120149,true,false,,false,
1740,2026-06-01T18:19:00Z,M06,OP02,SH-2026-06-01-M06-N,1420.6,51.56,89.04,85.71,287.9,0.0,65.93,26.71,75.32,27.18,0.364,29.42,3.32,-5.25,12.922629,79.124447,true,false,,false,
1741,2026-06-01T18:20:00Z,M06,OP02,SH-2026-06-01-M06-N,1494.7,50.17,89.41,86.44,303.4,0.0,65.93,28.35,75.24,27.2,0.396,33.24,3.27,-7.15,12.923789,79.129301,true,false,,false,
1742,2026-06-01T18:21:00Z,M06,OP02,SH-2026-06-01-M06-N,1522.1,58.2,90.06,86.82,302.7,0.0,65.98,28.3,75.15,27.23,0.406,34.37,3.4,-7.3,12.926716,79.133551,true,false,,false,
1743,2026-06-01T18:22:00Z,M06,OP02,SH-2026-06-01-M06-N,1533.0,53.09,90.39,87.08,307.5,0.0,66.1,28.46,75.06,27.17,0.473,29.57,2.5,-6.59,12.928703,79.137522,true,false,,false,
1744,2026-06-01T18:23:00Z,M06,OP02,SH-2026-06-01-M06-N,1539.5,53.27,90.69,86.89,296.2,0.0,66.03,28.25,74.97,27.18,0.456,31.37,3.32,-6.46,12.924185,79.136187,true,false,,false,
1745,2026-06-01T18:24:00Z,M06,OP02,SH-2026-06-01-M06-N,1713.8,62.89,91.13,87.96,302.0,0.0,66.06,28.0,74.89,27.18,0.458,10.79,3.17,-6.18,12.922794,79.135356,true,false,,false,
1746,2026-06-01T18:25:00Z,M06,OP02,SH-2026-06-01-M06-N,1585.4,53.72,91.06,88.5,296.7,0.0,66.05,28.44,74.8,27.18,0.44,28.22,2.87,-6.77,12.91983,79.132327,true,false,,false,
1747,2026-06-01T18:26:00Z,M06,OP02,SH-2026-06-01-M06-N,1587.2,54.64,91.17,89.49,305.8,0.0,66.09,28.27,74.71,27.33,0.401,31.58,3.94,-7.08,12.917071,79.128471,true,false,,false,
1748,2026-06-01T18:27:00Z,M06,OP02,SH-2026-06-01-M06-N,1554.1,53.52,90.93,89.74,292.9,0.0,66.03,28.47,74.62,27.29,0.443,34.76,4.66,-7.9,12.913837,79.124375,true,false,,false,
1749,2026-06-01T18:28:00Z,M06,OP02,SH-2026-06-01-M06-N,1557.5,52.81,90.76,89.24,302.4,0.0,66.01,27.93,74.54,27.25,0.491,35.13,2.74,-8.73,12.912215,79.119356,true,false,,false,
1750,2026-06-01T18:29:00Z,M06,OP02,SH-2026-06-01-M06-N,1577.2,54.51,90.66,88.97,312.4,0.0,66.1,28.07,74.45,27.25,0.543,34.09,2.27,-7.23,12.914206,79.124071,true,false,,false,
1751,2026-06-01T18:30:00Z,M06,OP02,SH-2026-06-01-M06-N,1570.4,50.54,90.86,88.99,324.3,0.0,65.99,27.04,74.36,27.2,0.5,29.17,3.63,-9.51,12.918287,79.12566,true,false,,false,
1752,2026-06-01T18:31:00Z,M06,OP02,SH-2026-06-01-M06-N,1107.6,23.79,90.3,87.58,230.3,0.0,65.77,10.97,74.28,26.99,0.271,0.0,3.44,-7.63,12.918287,79.12566,true,true,,false,
1753,2026-06-01T18:32:00Z,M06,OP02,SH-2026-06-01-M06-N,979.5,16.44,89.76,86.64,205.1,0.0,65.49,6.29,74.25,26.88,0.2,0.0,3.28,-7.4,12.918287,79.12566,true,true,,false,
1754,2026-06-01T18:33:00Z,M06,OP02,SH-2026-06-01-M06-N,975.8,10.09,89.17,85.41,188.7,0.0,64.99,4.62,74.23,26.83,0.172,0.0,3.34,-7.14,12.918287,79.12566,true,true,,false,
1755,2026-06-01T18:34:00Z,M06,OP02,SH-2026-06-01-M06-N,1615.6,48.16,89.79,86.22,281.7,0.0,64.82,21.84,74.21,27.12,0.467,1.19,3.75,-7.48,12.918429,79.125769,true,false,,false,
1756,2026-06-01T18:35:00Z,M06,OP02,SH-2026-06-01-M06-N,1650.4,49.58,89.55,86.55,296.8,0.0,64.76,27.43,74.15,27.21,0.496,6.95,2.62,-7.95,12.919355,79.126251,true,false,,false,
1757,2026-06-01T18:36:00Z,M06,OP02,SH-2026-06-01-M06-N,1674.9,51.01,89.37,86.93,284.1,0.0,64.85,28.61,74.06,27.25,0.457,9.33,4.77,-7.28,12.920635,79.126819,true,false,,false,
1758,2026-06-01T18:37:00Z,M06,OP02,SH-2026-06-01-M06-N,1662.9,50.58,89.09,87.71,299.0,0.0,64.78,28.52,73.97,27.3,0.488,9.86,5.16,-7.37,12.922077,79.127151,true,false,,false,
1759,2026-06-01T18:38:00Z,M06,OP02,SH-2026-06-01-M06-N,1672.5,41.24,88.87,88.74,311.0,0.0,64.81,27.97,73.88,27.29,0.507,10.25,2.85,-5.9,12.923484,79.127778,true,false,,false,
1760,2026-06-01T18:39:00Z,M06,OP02,SH-2026-06-01-M06-N,1643.0,43.6,88.62,88.86,303.3,0.0,64.85,28.11,73.8,27.21,0.485,10.72,1.61,-6.82,12.925059,79.128107,true,false,,false,
1761,2026-06-01T18:40:00Z,M06,OP02,SH-2026-06-01-M06-N,1647.7,42.6,88.81,89.02,285.2,0.0,64.67,28.54,73.71,27.41,0.526,12.88,1.72,-6.74,12.926968,79.128416,true,false,,false,
1762,2026-06-01T18:41:00Z,M06,OP02,SH-2026-06-01-M06-N,1805.2,58.0,88.99,89.02,300.8,0.0,64.77,28.04,73.62,27.32,0.594,4.32,3.73,-6.96,12.927616,79.128433,true,false,,false,
1763,2026-06-01T18:42:00Z,M06,OP02,SH-2026-06-01-M06-N,1683.4,53.42,88.45,89.11,292.3,0.0,64.78,29.08,73.54,27.29,0.53,13.29,4.54,-6.4,12.929419,79.129286,true,false,,false,
1764,2026-06-01T18:43:00Z,M06,OP02,SH-2026-06-01-M06-N,1600.1,52.12,88.26,89.04,271.8,0.0,64.62,29.43,73.45,27.32,0.561,11.57,4.34,-6.27,12.930373,79.130738,true,false,,false,
1765,2026-06-01T18:44:00Z,M06,OP02,SH-2026-06-01-M06-N,1543.7,48.94,88.16,89.08,274.4,0.0,64.41,29.55,73.36,27.42,0.552,13.95,4.28,-6.06,12.928278,79.130686,true,false,,false,
1766,2026-06-01T18:45:00Z,M06,OP02,SH-2026-06-01-M06-N,1539.1,50.58,87.65,89.53,278.7,0.0,64.4,29.03,73.26,27.44,0.564,15.45,4.17,-6.63,12.926255,79.12955,true,false,,false,
1767,2026-06-01T18:46:00Z,M06,OP02,SH-2026-06-01-M06-N,1554.3,49.38,87.39,89.44,282.2,0.0,64.44,28.86,73.18,27.4,0.572,15.9,3.83,-7.86,12.923931,79.129001,true,false,,false,
1768,2026-06-01T18:47:00Z,M06,OP02,SH-2026-06-01-M06-N,1580.9,58.3,87.58,89.41,276.3,0.0,64.64,29.53,73.09,27.49,0.585,23.32,3.99,-6.21,12.921127,79.126904,true,false,,false,
1769,2026-06-01T18:48:00Z,M06,OP02,SH-2026-06-01-M06-N,1089.8,25.67,86.9,88.22,196.2,0.0,64.23,11.9,73.0,27.11,0.285,0.0,3.84,-6.95,12.921127,79.126904,true,true,,false,
1770,2026-06-01T18:49:00Z,M06,OP02,SH-2026-06-01-M06-N,940.8,15.86,86.19,87.29,166.0,0.0,63.79,6.44,72.96,27.05,0.238,0.0,3.22,-6.58,12.921127,79.126904,true,true,,false,
1771,2026-06-01T18:50:00Z,M06,OP02,SH-2026-06-01-M06-N,917.8,14.91,85.4,86.66,164.2,0.0,63.66,4.69,72.94,27.03,0.195,0.0,3.37,-6.67,12.921127,79.126904,true,true,,false,
1772,2026-06-01T18:51:00Z,M06,OP02,SH-2026-06-01-M06-N,904.1,10.49,84.86,86.11,174.3,0.0,63.26,3.87,72.92,27.01,0.226,0.0,3.3,-6.66,12.921127,79.126904,true,true,,false,
1773,2026-06-01T18:52:00Z,M06,OP02,SH-2026-06-01-M06-N,1385.9,36.56,84.89,86.91,249.7,0.0,63.23,21.04,72.91,27.37,0.449,18.7,3.42,-6.94,12.918671,79.125543,true,false,,false,
1774,2026-06-01T18:53:00Z,M06,OP02,SH-2026-06-01-M06-N,1520.4,49.4,85.1,88.02,270.9,0.0,63.35,26.44,72.85,27.49,0.536,25.04,5.08,-8.76,12.915447,79.123609,true,false,,false,
1775,2026-06-01T18:54:00Z,M06,OP02,SH-2026-06-01-M06-N,1570.4,57.36,84.83,89.3,273.5,0.0,63.29,28.84,72.77,27.53,0.607,25.77,4.22,-6.67,12.911785,79.12236,true,false,,false,
1776,2026-06-01T18:55:00Z,M06,OP02,SH-2026-06-01-M06-N,1622.6,63.03,84.53,89.74,275.5,0.0,63.51,29.05,72.68,27.53,0.6,23.73,3.26,-7.27,12.914712,79.124391,true,false,,false,
1777,2026-06-01T18:56:00Z,M06,OP02,SH-2026-06-01-M06-N,1624.0,58.12,84.45,91.04,274.1,0.0,63.52,29.47,72.59,27.6,0.611,26.48,3.73,-6.51,12.91861,79.125173,true,false,,false,
1778,2026-06-01T18:57:00Z,M06,OP02,SH-2026-06-01-M06-N,1604.7,65.03,84.28,91.81,282.1,0.0,63.56,29.85,72.5,27.57,0.619,26.23,3.25,-5.68,12.922548,79.125225,true,false,,false,
1779,2026-06-01T18:58:00Z,M06,OP02,SH-2026-06-01-M06-N,1717.1,76.95,84.6,92.9,305.1,0.0,63.9,29.65,72.4,27.65,0.685,9.47,3.35,-5.83,12.923961,79.125381,true,false,,false,
1780,2026-06-01T18:59:00Z,M06,OP02,SH-2026-06-01-M06-N,1586.3,69.73,84.4,92.87,285.1,0.0,64.11,29.2,72.31,27.63,0.592,25.13,2.83,-6.18,12.927734,79.125408,true,false,,false,
1781,2026-06-01T19:00:00Z,M06,OP02,SH-2026-06-01-M06-N,1575.7,64.59,84.33,92.77,299.9,0.0,64.29,29.77,72.22,27.58,0.594,28.87,3.72,-6.13,12.931995,79.126202,true,false,,false,
1782,2026-06-01T19:01:00Z,M06,OP02,SH-2026-06-01-M06-N,1538.5,60.39,84.67,92.69,302.6,0.0,64.29,29.4,72.13,27.58,0.627,32.71,3.7,-6.12,12.927096,79.126565,true,false,,false,
1783,2026-06-01T19:02:00Z,M06,OP02,SH-2026-06-01-M06-N,1523.8,63.51,85.26,92.66,296.4,0.0,64.39,29.99,72.04,27.63,0.608,34.41,4.69,-7.03,12.921956,79.127091,true,false,,false,
1784,2026-06-01T19:03:00Z,M06,OP02,SH-2026-06-01-M06-N,1517.6,61.45,85.54,92.59,276.1,0.0,64.41,29.26,71.95,27.6,0.606,35.06,3.75,-8.39,12.917453,79.129816,true,false,,false,
1785,2026-06-01T19:04:00Z,M06,OP02,SH-2026-06-01-M06-N,1551.1,58.68,86.17,93.41,269.6,0.0,64.37,28.37,71.86,27.59,0.566,34.71,2.08,-7.57,12.912486,79.131395,true,false,,false,
1786,2026-06-01T19:05:00Z,M06,OP02,SH-2026-06-01-M06-N,1080.0,29.94,85.97,92.32,191.0,0.0,64.08,10.68,71.77,27.19,0.296,0.0,2.66,-7.36,12.912486,79.131395,true,true,,false,
1787,2026-06-01T19:06:00Z,M06,OP02,SH-2026-06-01-M06-N,953.8,13.9,85.87,92.33,171.7,0.0,63.67,5.67,71.74,27.09,0.192,0.0,3.24,-6.89,12.912486,79.131395,true,true,,false,
1788,2026-06-01T19:07:00Z,M06,OP02,SH-2026-06-01-M06-N,865.6,13.37,85.78,91.9,153.0,0.0,63.37,4.21,71.72,27.02,0.207,0.0,2.74,-6.41,12.912486,79.131395,true,true,,false,
1789,2026-06-01T19:08:00Z,M06,OP02,SH-2026-06-01-M06-N,851.3,12.18,85.68,90.9,146.3,0.0,62.91,3.6,71.71,27.03,0.183,0.0,3.12,-6.4,12.912486,79.131395,true,true,,false,
1790,2026-06-01T19:09:00Z,M06,OP02,SH-2026-06-01-M06-N,854.5,12.9,85.56,91.37,149.5,0.0,62.57,3.59,71.69,27.07,0.21,0.0,3.02,-6.68,12.912486,79.131395,true,true,,false,
1791,2026-06-01T19:10:00Z,M06,OP02,SH-2026-06-01-M06-N,1357.0,33.59,85.89,92.64,229.3,0.0,62.48,18.8,71.68,27.24,0.477,22.62,2.8,-6.15,12.909092,79.131255,true,false,,false,
1792,2026-06-01T19:11:00Z,M06,OP02,SH-2026-06-01-M06-N,1491.4,40.9,86.33,93.87,250.6,0.0,62.49,23.91,71.63,27.26,0.55,27.47,3.04,-7.42,12.912751,79.12935,true,false,,false,
1793,2026-06-01T19:12:00Z,M06,OP02,SH-2026-06-01-M06-N,1494.0,44.05,86.83,94.69,255.4,0.0,62.56,25.52,71.55,27.2,0.604,24.61,2.83,-6.07,12.915671,79.127086,true,false,,false,
1794,2026-06-01T19:13:00Z,M06,OP02,SH-2026-06-01-M06-N,1533.9,44.7,86.88,95.7,274.6,0.0,62.55,26.36,71.47,27.23,0.624,22.09,2.45,-5.3,12.918207,79.124948,true,false,,false,
1795,2026-06-01T19:14:00Z,M06,OP02,SH-2026-06-01-M06-N,1466.3,38.4,86.74,95.88,276.1,0.0,62.33,28.29,71.39,27.21,0.593,22.92,3.26,-5.68,12.921586,79.124296,true,false,,false,
1796,2026-06-01T19:15:00Z,M06,OP02,SH-2026-06-01-M06-N,1559.6,37.12,86.81,96.54,289.3,0.0,62.37,29.77,71.3,27.23,0.588,19.68,4.23,-5.65,12.923216,79.121831,true,false,,false,
1797,2026-06-01T19:16:00Z,M06,OP02,SH-2026-06-01-M06-N,1645.9,43.66,87.01,96.97,318.3,0.0,62.5,30.11,71.21,27.32,0.685,6.38,4.3,-6.31,12.923765,79.121046,true,false,,false,
1798,2026-06-01T19:17:00Z,M06,OP02,SH-2026-06-01-M06-N,1462.0,41.11,87.23,97.05,307.3,0.0,62.42,29.69,71.12,27.28,0.624,13.35,3.14,-6.06,12.924885,79.119384,true,false,,false,
1799,2026-06-01T19:18:00Z,M06,OP02,SH-2026-06-01-M06-N,1399.1,45.63,87.67,97.18,312.3,0.0,62.39,29.91,71.03,27.25,0.581,11.13,4.39,-7.83,12.92412,79.120869,true,false,,false,
1800,2026-06-01T19:19:00Z,M06,OP02,SH-2026-06-01-M06-N,1408.2,47.47,87.9,96.84,300.5,0.0,62.33,28.81,70.94,27.23,0.572,16.52,2.97,-7.19,12.921887,79.121952,true,false,,false,
1801,2026-06-01T19:20:00Z,M06,OP02,SH-2026-06-01-M06-N,1395.1,47.44,87.8,96.11,282.8,0.0,62.39,28.79,70.85,27.18,0.557,18.37,3.89,-6.2,12.919195,79.122554,true,false,,false,
1802,2026-06-01T19:21:00Z,M06,OP02,SH-2026-06-01-M06-N,1380.0,46.92,88.01,95.99,272.0,0.0,62.47,28.67,70.76,27.16,0.586,18.3,2.08,-5.87,12.916602,79.123462,true,false,,false,
1803,2026-06-01T19:22:00Z,M06,OP02,SH-2026-06-01-M06-N,1395.4,46.58,88.44,96.31,278.0,0.0,62.53,28.77,70.67,27.14,0.586,16.75,3.9,-7.11,12.914131,79.123929,true,false,,false,
1804,2026-06-01T19:23:00Z,M06,OP02,SH-2026-06-01-M06-N,1548.6,57.14,88.84,96.62,311.4,0.0,62.67,29.56,70.58,27.37,0.661,4.75,4.63,-6.1,12.913456,79.124159,true,false,,false,
1805,2026-06-01T19:24:00Z,M06,OP02,SH-2026-06-01-M06-N,997.5,25.25,88.72,95.49,206.2,0.0,62.46,11.59,70.49,27.03,0.364,0.0,3.85,-6.73,12.913456,79.124159,true,true,,false,
1806,2026-06-01T19:25:00Z,M06,OP02,SH-2026-06-01-M06-N,894.8,14.56,88.47,94.27,172.4,0.0,62.11,6.21,70.45,26.93,0.238,0.0,3.77,-6.61,12.913456,79.124159,true,true,,false,
1807,2026-06-01T19:26:00Z,M06,OP02,SH-2026-06-01-M06-N,849.5,16.41,87.81,93.87,161.9,0.0,61.71,4.36,70.43,26.84,0.21,0.0,4.24,-6.51,12.913456,79.124159,true,true,,false,
1808,2026-06-01T19:27:00Z,M06,OP02,SH-2026-06-01-M06-N,806.5,11.55,87.65,92.66,155.8,0.0,61.25,3.86,70.42,26.91,0.18,0.0,3.63,-6.56,12.913456,79.124159,true,true,,false,
1809,2026-06-01T19:28:00Z,M06,OP02,SH-2026-06-01-M06-N,1203.1,36.02,88.17,93.23,231.7,0.0,61.1,20.15,70.41,27.15,0.459,11.18,4.32,-5.7,12.911831,79.124584,true,false,,false,
1810,2026-06-01T19:29:00Z,M06,OP02,SH-2026-06-01-M06-N,1384.9,39.54,88.8,93.7,257.7,0.0,60.98,24.96,70.35,27.19,0.572,15.05,2.54,-6.23,12.90969,79.125304,true,false,,false,
1811,2026-06-01T19:30:00Z,M06,OP02,SH-2026-06-01-M06-N,1475.0,42.23,89.71,94.03,264.5,0.0,61.09,26.8,70.27,27.21,0.592,14.93,3.71,-6.22,12.911638,79.126411,true,false,,false,
1812,2026-06-01T19:31:00Z,M06,OP02,SH-2026-06-01-M06-N,1479.1,48.1,89.42,94.13,287.9,0.0,61.12,26.85,70.19,27.19,0.565,12.38,4.55,-6.41,12.913244,79.127348,true,false,,false,
1813,2026-06-01T19:32:00Z,M06,OP02,SH-2026-06-01-M06-N,1462.3,48.07,89.29,94.89,292.8,0.0,61.19,27.03,70.1,27.2,0.562,12.03,4.73,-6.9,12.914584,79.128559,true,false,,false,
1814,2026-06-01T19:33:00Z,M06,OP02,SH-2026-06-01-M06-N,1488.2,48.8,88.47,94.94,289.1,0.0,61.55,26.91,70.02,27.21,0.589,11.41,4.77,-7.11,12.915616,79.129926,true,false,,false,
1815,2026-06-01T19:34:00Z,M06,OP02,SH-2026-06-01-M06-N,1654.0,66.0,88.55,96.07,301.4,0.0,61.95,26.85,69.94,27.22,0.62,4.11,3.22,-6.56,12.915572,79.130542,true,false,,false,
1816,2026-06-01T19:35:00Z,M06,OP02,SH-2026-06-01-M06-N,1545.2,57.97,88.59,96.79,289.1,0.0,62.35,26.75,69.85,27.22,0.612,14.68,0.47,-6.64,12.91555,79.132746,true,false,,false,
1817,2026-06-01T19:36:00Z,M06,OP02,SH-2026-06-01-M06-N,1499.7,54.52,88.3,97.36,283.3,0.0,62.31,27.03,69.77,27.33,0.574,13.13,3.71,-6.39,12.915254,79.134695,true,false,,false,
1818,2026-06-01T19:37:00Z,M06,OP02,SH-2026-06-01-M06-N,1485.7,57.46,88.23,97.44,288.7,0.0,62.4,27.25,69.69,27.33,0.588,10.79,3.13,-5.43,12.915404,79.136309,true,false,,false,
1819,2026-06-01T19:38:00Z,M06,OP02,SH-2026-06-01-M06-N,1481.8,59.31,87.87,97.77,283.4,0.0,62.38,27.04,69.6,27.29,0.583,14.61,4.0,-5.06,12.915353,79.138502,true,false,,false,
1820,2026-06-01T19:39:00Z,M06,OP02,SH-2026-06-01-M06-N,1512.1,58.87,87.9,98.62,298.8,0.0,62.46,26.97,69.52,27.26,0.593,17.38,4.59,-6.96,12.916858,79.136369,true,false,,false,
1821,2026-06-01T19:40:00Z,M06,OP02,SH-2026-06-01-M06-N,1506.2,54.62,88.14,99.26,293.0,0.0,62.53,27.25,69.44,27.28,0.601,20.34,4.96,-6.37,12.918679,79.133918,true,false,,false,
1822,2026-06-01T19:41:00Z,M06,OP02,SH-2026-06-01-M06-N,1493.7,58.17,87.92,99.96,298.9,0.0,62.59,26.9,69.35,27.42,0.594,18.35,2.37,-3.16,12.920333,79.131714,true,false,,false,
1823,2026-06-01T19:42:00Z,M06,OP02,SH-2026-06-01-M06-N,1498.6,61.3,88.12,100.64,297.5,0.0,62.83,27.04,69.27,27.34,0.586,19.88,1.0,-3.06,12.922299,79.129469,true,false,,false,
1824,2026-06-01T19:43:00Z,M06,OP02,SH-2026-06-01-M06-N,1491.3,65.4,87.92,100.23,304.6,0.0,63.22,26.81,69.19,27.19,0.613,22.2,-1.48,0.39,12.925083,79.127634,true,false,,false,
1825,2026-06-01T19:44:00Z,M06,OP02,SH-2026-06-01-M06-N,1515.2,59.94,87.85,99.75,303.6,0.0,63.45,27.54,69.1,27.21,0.58,26.03,-0.92,-1.51,12.927176,79.124332,true,false,,false,
1826,2026-06-01T19:45:00Z,M06,OP02,SH-2026-06-01-M06-N,1505.5,56.07,87.8,99.38,302.9,0.0,63.65,27.12,69.02,27.19,0.598,25.46,1.95,-2.89,12.928141,79.120634,true,false,,false,
1827,2026-06-01T19:46:00Z,M06,OP02,SH-2026-06-01-M06-N,1449.2,55.89,88.46,98.36,297.5,0.0,63.82,27.71,68.94,27.24,0.548,24.31,2.91,-2.07,12.925686,79.123336,true,false,,false,
1828,2026-06-01T19:47:00Z,M06,OP02,SH-2026-06-01-M06-N,1397.2,58.33,88.44,98.46,302.4,0.0,63.85,28.61,68.85,27.25,0.534,19.75,3.83,0.19,12.923319,79.125122,true,false,,false,
1829,2026-06-01T19:48:00Z,M06,OP02,SH-2026-06-01-M06-N,1416.8,65.18,88.45,97.86,310.4,0.0,64.14,27.28,68.76,27.31,0.551,18.05,1.35,0.26,12.921449,79.127083,true,false,,false,
1830,2026-06-01T19:49:00Z,M06,OP02,SH-2026-06-01-M06-N,1414.7,64.86,88.57,97.27,286.3,0.0,64.33,27.07,68.68,27.42,0.511,15.03,0.92,-0.09,12.92036,79.129059,true,false,,false,
1831,2026-06-01T19:50:00Z,M06,OP02,SH-2026-06-01-M06-N,1452.9,65.03,88.3,96.75,287.0,0.0,64.55,27.98,68.59,27.39,0.56,12.03,-0.48,-0.4,12.91983,79.130786,true,false,,false,
1832,2026-06-01T19:51:00Z,M06,OP02,SH-2026-06-01-M06-N,1444.1,65.91,87.93,96.3,279.7,0.0,64.71,28.46,68.51,27.37,0.51,12.2,0.37,0.81,12.919542,79.132595,true,false,,false,
1833,2026-06-01T19:52:00Z,M06,OP02,SH-2026-06-01-M06-N,1432.5,63.72,87.81,95.84,280.5,0.0,64.88,28.14,68.42,27.28,0.49,11.07,0.06,1.04,12.919527,79.134257,true,false,,false,
1834,2026-06-01T19:53:00Z,M06,OP02,SH-2026-06-01-M06-N,1409.1,62.24,88.05,95.75,284.0,0.0,65.06,28.07,68.33,27.35,0.494,10.45,0.99,0.59,12.919723,79.135813,true,false,,false,
1835,2026-06-01T19:54:00Z,M06,OP02,SH-2026-06-01-M06-N,1538.9,79.19,88.54,96.87,297.5,0.0,65.44,27.82,68.25,27.3,0.562,3.57,1.18,-0.7,12.919546,79.136319,true,false,,false,
1836,2026-06-01T19:55:00Z,M06,OP02,SH-2026-06-01-M06-N,1024.4,31.67,87.66,95.81,219.0,0.0,65.28,11.04,68.16,27.04,0.344,0.0,0.72,-0.44,12.919546,79.136319,true,true,,false,
1837,2026-06-01T19:56:00Z,M06,OP02,SH-2026-06-01-M06-N,877.3,19.4,87.22,95.01,191.5,0.0,64.91,5.62,68.13,26.96,0.243,0.0,0.58,-0.38,12.919546,79.136319,true,true,,false,
1838,2026-06-01T19:57:00Z,M06,OP02,SH-2026-06-01-M06-N,871.1,19.72,87.35,94.67,183.0,0.0,64.31,4.26,68.11,27.03,0.15,0.0,0.73,-0.41,12.919546,79.136319,true,true,,false,
1839,2026-06-01T19:58:00Z,M06,OP02,SH-2026-06-01-M06-N,832.2,14.37,87.51,94.06,179.1,0.0,63.83,3.96,68.1,27.04,0.147,0.0,0.93,-0.68,12.919546,79.136319,true,true,,false,
1840,2026-06-01T19:59:00Z,M06,OP02,SH-2026-06-01-M06-N,804.1,13.71,87.26,93.65,180.0,0.0,63.45,3.97,68.08,27.03,0.183,0.0,0.72,-0.98,12.919546,79.136319,true,true,,false,
1841,2026-06-01T20:00:00Z,M06,OP02,SH-2026-06-01-M06-N,1242.3,44.33,87.91,94.89,276.3,0.0,63.37,22.21,68.07,27.15,0.427,8.67,-0.53,1.66,12.918717,79.137322,true,false,,false,
1842,2026-06-01T20:01:00Z,M06,OP02,SH-2026-06-01-M06-N,1372.5,53.03,88.44,95.37,308.5,0.0,63.55,27.25,68.0,27.19,0.474,16.94,0.9,1.87,12.916477,79.138528,true,false,,false,
1843,2026-06-01T20:02:00Z,M06,OP02,SH-2026-06-01-M06-N,1423.9,50.7,89.03,95.08,324.4,0.0,63.58,28.94,67.92,27.26,0.488,25.71,-1.13,2.01,12.919653,79.136335,true,false,,false,
1844,2026-06-01T20:03:00Z,M06,OP02,SH-2026-06-01-M06-N,1425.3,51.33,89.32,95.21,316.0,0.0,63.63,29.84,67.83,27.28,0.485,27.25,-0.39,-0.27,12.922279,79.133198,true,false,,false,
1845,2026-06-01T20:04:00Z,M06,OP02,SH-2026-06-01-M06-N,1429.2,50.02,89.98,95.33,330.1,0.0,63.85,29.03,67.74,27.25,0.532,29.42,-0.41,-0.74,12.926048,79.130894,true,false,,false,
1846,2026-06-01T20:05:00Z,M06,OP02,SH-2026-06-01-M06-N,1497.7,49.65,90.38,95.1,326.5,0.0,63.85,29.31,67.65,27.23,0.566,30.84,1.06,-1.68,12.929789,79.128165,true,false,,false,
1847,2026-06-01T20:06:00Z,M06,OP02,SH-2026-06-01-M06-N,1600.9,67.2,90.7,96.08,342.3,0.0,64.08,29.47,67.56,27.22,0.633,11.5,0.74,-1.04,12.928086,79.127883,true,false,,false,
1848,2026-06-01T20:07:00Z,M06,OP02,SH-2026-06-01-M06-N,1524.3,58.39,90.44,95.71,335.2,0.0,64.26,28.95,67.47,27.2,0.564,23.98,0.45,-0.15,12.924579,79.127061,true,false,,false,
1849,2026-06-01T20:08:00Z,M06,OP02,SH-2026-06-01-M06-N,1470.4,65.94,90.63,95.36,324.7,0.0,64.46,28.75,67.38,27.2,0.535,28.36,0.65,-1.53,12.920338,79.126681,true,false,,false,
1850,2026-06-01T20:09:00Z,M06,OP02,SH-2026-06-01-M06-N,1465.5,59.63,90.54,95.72,320.7,0.0,64.51,28.78,67.29,27.22,0.476,25.35,-0.27,-0.13,12.916691,79.125593,true,false,,false,
1851,2026-06-01T20:10:00Z,M06,OP02,SH-2026-06-01-M06-N,1482.9,57.44,90.41,96.28,313.2,0.0,64.49,29.37,67.2,27.41,0.448,22.99,0.05,-2.63,12.914595,79.122849,true,false,,false,
1852,2026-06-01T20:11:00Z,M06,OP02,SH-2026-06-01-M06-N,1508.5,61.15,90.67,96.02,314.1,0.0,64.66,29.85,67.11,27.42,0.487,21.03,0.71,-1.12,12.912479,79.120506,true,false,,false,
1853,2026-06-01T20:12:00Z,M06,OP02,SH-2026-06-01-M06-N,1502.5,63.55,90.99,95.35,322.9,0.0,64.91,29.8,67.02,27.45,0.502,22.44,-0.33,-1.21,12.914684,79.123055,true,false,,false,
1854,2026-06-01T20:13:00Z,M06,OP02,SH-2026-06-01-M06-N,1631.6,75.06,91.85,96.66,347.0,0.0,65.16,29.26,66.92,27.42,0.503,7.8,0.81,-1.16,12.915236,79.124088,true,false,,false,
1855,2026-06-01T20:14:00Z,M06,OP02,SH-2026-06-01-M06-N,1651.5,79.17,92.15,97.5,364.8,0.0,65.37,29.46,66.83,27.43,0.507,2.65,0.82,-0.09,12.915368,79.124462,true,false,,false,
1856,2026-06-01T20:15:00Z,M06,OP02,SH-2026-06-01-M06-N,1659.2,81.36,92.7,97.89,343.4,0.0,65.67,29.42,66.74,27.37,0.496,1.35,0.52,-1.01,12.91544,79.124652,true,false,,false,
1857,2026-06-01T20:16:00Z,M06,OP02,SH-2026-06-01-M06-N,1684.1,85.67,92.94,98.83,319.9,0.0,66.0,29.62,66.65,27.3,0.416,0.95,-0.02,0.0,12.91549,79.124785,true,false,,false,
1858,2026-06-01T20:17:00Z,M06,OP02,SH-2026-06-01-M06-N,1646.5,87.28,93.07,99.45,330.5,0.0,66.41,30.32,66.56,27.4,0.453,1.57,-1.41,-0.78,12.915549,79.125013,true,false,,false,
1859,2026-06-01T20:18:00Z,M06,OP02,SH-2026-06-01-M06-N,1511.0,72.9,92.86,98.47,316.8,0.0,66.58,30.13,66.47,27.44,0.349,13.47,0.96,0.46,12.915732,79.127027,true,false,,false,
1860,2026-06-01T20:19:00Z,M06,OP02,SH-2026-06-01-M06-N,1448.7,69.62,92.17,97.72,320.0,0.0,66.76,30.05,66.37,27.4,0.401,21.42,1.2,-1.84,12.915275,79.13021,true,false,,false,
1861,2026-06-01T20:20:00Z,M06,OP02,SH-2026-06-01-M06-N,1457.8,61.11,91.92,96.8,315.7,0.0,67.0,29.63,66.28,27.39,0.399,24.59,-0.93,-1.54,12.915766,79.133869,true,false,,false,
1862,2026-06-01T20:21:00Z,M06,OP02,SH-2026-06-01-M06-N,1488.7,56.73,91.56,96.49,321.4,0.0,67.04,29.11,66.19,27.55,0.395,29.22,-0.61,-1.83,12.916239,79.138231,true,false,,false,
1863,2026-06-01T20:22:00Z,M06,OP02,SH-2026-06-01-M06-N,1492.1,56.89,91.7,96.03,323.3,0.0,67.06,29.23,66.1,27.52,0.366,25.49,-1.67,-0.28,12.918615,79.135231,true,false,,false,
1864,2026-06-01T20:23:00Z,M06,OP02,SH-2026-06-01-M06-N,1519.1,54.98,91.69,95.88,332.7,0.0,67.06,29.9,66.01,27.6,0.417,20.35,-1.67,0.11,12.920291,79.132676,true,false,,false,
1865,2026-06-01T20:24:00Z,M06,OP02,SH-2026-06-01-M06-N,1057.8,26.9,90.81,94.64,238.4,0.0,66.57,12.0,65.92,27.28,0.191,0.0,-0.52,-0.6,12.920291,79.132676,true,true,,false,
1866,2026-06-01T20:25:00Z,M06,OP02,SH-2026-06-01-M06-N,1346.9,40.73,90.68,94.41,297.0,0.0,66.38,24.53,65.88,27.58,0.348,19.77,0.75,-0.56,12.922205,79.130406,true,false,,false,
1867,2026-06-01T20:26:00Z,M06,OP02,SH-2026-06-01-M06-N,1446.6,50.92,90.7,94.66,305.3,0.0,66.31,28.46,65.81,27.65,0.395,22.79,1.69,-1.26,12.924836,79.128219,true,false,,false,
1868,2026-06-01T20:27:00Z,M06,OP02,SH-2026-06-01-M06-N,1472.6,46.99,90.88,95.26,306.5,0.0,66.36,29.55,65.72,27.62,0.441,26.35,0.39,-2.52,12.927055,79.124944,true,false,,false,
1869,2026-06-01T20:28:00Z,M06,OP02,SH-2026-06-01-M06-N,1456.0,45.94,90.98,95.12,299.2,0.0,66.34,29.94,65.63,27.55,0.471,28.74,0.04,-2.41,12.929947,79.121742,true,false,,false,
1870,2026-06-01T20:29:00Z,M06,OP02,SH-2026-06-01-M06-N,1443.1,46.58,90.8,95.28,307.8,0.0,66.44,29.94,65.53,27.65,0.469,26.71,1.22,-0.81,12.925938,79.121854,true,false,,false,
